"cell","avoidance","mobility_share","avoidance_small","sell_share","pareto","leavers","n_billionaires","wealth","taxable_wealth","avoidance_rate","wealth_tax_revenue","extra_ca_inctax_sales","annual_ca_inctax_loss"
1,0,0,0.1,0,0,0,250,2307,2307,0,115.35,0,0
2,0,0,0.1,0,0,1,250,2307,1973.39,0.144607715648028,98.6695,0,-0.362362402478738
3,0,0,0.1,0,1,0,619.559380317206,2957.35279466737,2892.31751520064,0.0219910453646271,142.641741831146,0,0
4,0,0,0.1,0,1,1,619.559380317206,2957.35279466737,2558.70751520063,0.134798012663746,127.935375760032,0,-0.362362402478738
5,0,0,0.1,0.333333333333333,0,0,250,2307,2307,0,115.35,4.09108,0
6,0,0,0.1,0.333333333333333,0,1,250,2307,1973.39,0.144607715648028,98.6695,3.49947826666667,-0.362362402478738
7,0,0,0.1,0.333333333333333,1,0,619.559380317206,2957.35279466737,2892.31751520064,0.0219910453646271,142.641741831146,5.05902711027797,0
8,0,0,0.1,0.333333333333333,1,1,619.559380317206,2957.35279466737,2558.70751520063,0.134798012663746,127.935375760032,4.53744132695579,-0.362362402478738
9,0,0,0.1,0.666666666666667,0,0,250,2307,2307,0,115.35,8.18216,0
10,0,0,0.1,0.666666666666667,0,1,250,2307,1973.39,0.144607715648028,98.6695,6.99895653333333,-0.362362402478738
11,0,0,0.1,0.666666666666667,1,0,619.559380317206,2957.35279466737,2892.31751520064,0.0219910453646271,142.641741831146,10.1180542205559,0
12,0,0,0.1,0.666666666666667,1,1,619.559380317206,2957.35279466737,2558.70751520063,0.134798012663746,127.935375760032,9.07488265391158,-0.362362402478738
13,0,0,0.1,1,0,0,250,2307,2307,0,115.35,12.27324,0
14,0,0,0.1,1,0,1,250,2307,1973.39,0.144607715648028,98.6695,10.4984348,-0.362362402478738
15,0,0,0.1,1,1,0,619.559380317206,2957.35279466737,2892.31751520064,0.0219910453646271,142.641741831146,15.1770813308339,0
16,0,0,0.1,1,1,1,619.559380317206,2957.35279466737,2558.70751520063,0.134798012663746,127.935375760032,13.6123239808674,-0.362362402478738
17,0,0,0.2,0,0,0,250,2307,2307,0,115.35,0,0
18,0,0,0.2,0,0,1,250,2307,1973.39,0.144607715648028,98.6695,0,-0.362362402478738
19,0,0,0.2,0,1,0,619.559380317206,2957.35279466737,2827.2822357339,0.0439820907292544,139.389977857809,0,0
20,0,0,0.2,0,1,1,619.559380317206,2957.35279466737,2493.6722357339,0.156789058028373,124.683611786695,0,-0.362362402478738
21,0,0,0.2,0.333333333333333,0,0,250,2307,2307,0,115.35,4.09108,0
22,0,0,0.2,0.333333333333333,0,1,250,2307,1973.39,0.144607715648028,98.6695,3.49947826666667,-0.362362402478738
23,0,0,0.2,0.333333333333333,1,0,619.559380317206,2957.35279466737,2827.2822357339,0.0439820907292544,139.389977857809,4.94369788135695,0
24,0,0,0.2,0.333333333333333,1,1,619.559380317206,2957.35279466737,2493.6722357339,0.156789058028373,124.683611786695,4.42211209803478,-0.362362402478738
25,0,0,0.2,0.666666666666667,0,0,250,2307,2307,0,115.35,8.18216,0
26,0,0,0.2,0.666666666666667,0,1,250,2307,1973.39,0.144607715648028,98.6695,6.99895653333333,-0.362362402478738
27,0,0,0.2,0.666666666666667,1,0,619.559380317206,2957.35279466737,2827.2822357339,0.0439820907292544,139.389977857809,9.88739576271391,0
28,0,0,0.2,0.666666666666667,1,1,619.559380317206,2957.35279466737,2493.6722357339,0.156789058028373,124.683611786695,8.84422419606956,-0.362362402478738
29,0,0,0.2,1,0,0,250,2307,2307,0,115.35,12.27324,0
30,0,0,0.2,1,0,1,250,2307,1973.39,0.144607715648028,98.6695,10.4984348,-0.362362402478738
31,0,0,0.2,1,1,0,619.559380317206,2957.35279466737,2827.2822357339,0.0439820907292544,139.389977857809,14.8310936440709,0
32,0,0,0.2,1,1,1,619.559380317206,2957.35279466737,2493.6722357339,0.156789058028373,124.683611786695,13.2663362941043,-0.362362402478738
33,0,0,0.3,0,0,0,250,2307,2307,0,115.35,0,0
34,0,0,0.3,0,0,1,250,2307,1973.39,0.144607715648028,98.6695,0,-0.362362402478738
35,0,0,0.3,0,1,0,619.559380317206,2957.35279466737,2762.24695626716,0.0659731360938817,136.138213884472,0,0
36,0,0,0.3,0,1,1,619.559380317206,2957.35279466737,2428.63695626716,0.178780103393001,121.431847813358,0,-0.362362402478738
37,0,0,0.3,0.333333333333333,0,0,250,2307,2307,0,115.35,4.09108,0
38,0,0,0.3,0.333333333333333,0,1,250,2307,1973.39,0.144607715648028,98.6695,3.49947826666667,-0.362362402478738
39,0,0,0.3,0.333333333333333,1,0,619.559380317206,2957.35279466737,2762.24695626716,0.0659731360938817,136.138213884472,4.82836865243594,0
40,0,0,0.3,0.333333333333333,1,1,619.559380317206,2957.35279466737,2428.63695626716,0.178780103393001,121.431847813358,4.30678286911377,-0.362362402478738
41,0,0,0.3,0.666666666666667,0,0,250,2307,2307,0,115.35,8.18216,0
42,0,0,0.3,0.666666666666667,0,1,250,2307,1973.39,0.144607715648028,98.6695,6.99895653333333,-0.362362402478738
43,0,0,0.3,0.666666666666667,1,0,619.559380317206,2957.35279466737,2762.24695626716,0.0659731360938817,136.138213884472,9.65673730487187,0
44,0,0,0.3,0.666666666666667,1,1,619.559380317206,2957.35279466737,2428.63695626716,0.178780103393001,121.431847813358,8.61356573822753,-0.362362402478738
45,0,0,0.3,1,0,0,250,2307,2307,0,115.35,12.27324,0
46,0,0,0.3,1,0,1,250,2307,1973.39,0.144607715648028,98.6695,10.4984348,-0.362362402478738
47,0,0,0.3,1,1,0,619.559380317206,2957.35279466737,2762.24695626716,0.0659731360938817,136.138213884472,14.4851059573078,0
48,0,0,0.3,1,1,1,619.559380317206,2957.35279466737,2428.63695626716,0.178780103393001,121.431847813358,12.9203486073413,-0.362362402478738
49,0,0,0.5,0,0,0,250,2307,2307,0,115.35,0,0
50,0,0,0.5,0,0,1,250,2307,1973.39,0.144607715648028,98.6695,0,-0.362362402478738
51,0,0,0.5,0,1,0,619.559380317206,2957.35279466737,2632.17639733369,0.109955226823136,129.634685937798,0,0
52,0,0,0.5,0,1,1,619.559380317206,2957.35279466737,2298.56639733369,0.222762194122255,114.928319866684,0,-0.362362402478738
53,0,0,0.5,0.333333333333333,0,0,250,2307,2307,0,115.35,4.09108,0
54,0,0,0.5,0.333333333333333,0,1,250,2307,1973.39,0.144607715648028,98.6695,3.49947826666667,-0.362362402478738
55,0,0,0.5,0.333333333333333,1,0,619.559380317206,2957.35279466737,2632.17639733369,0.109955226823136,129.634685937798,4.59771019459391,0
56,0,0,0.5,0.333333333333333,1,1,619.559380317206,2957.35279466737,2298.56639733369,0.222762194122255,114.928319866684,4.07612441127174,-0.362362402478738
57,0,0,0.5,0.666666666666667,0,0,250,2307,2307,0,115.35,8.18216,0
58,0,0,0.5,0.666666666666667,0,1,250,2307,1973.39,0.144607715648028,98.6695,6.99895653333333,-0.362362402478738
59,0,0,0.5,0.666666666666667,1,0,619.559380317206,2957.35279466737,2632.17639733369,0.109955226823136,129.634685937798,9.19542038918782,0
60,0,0,0.5,0.666666666666667,1,1,619.559380317206,2957.35279466737,2298.56639733369,0.222762194122255,114.928319866684,8.15224882254347,-0.362362402478738
61,0,0,0.5,1,0,0,250,2307,2307,0,115.35,12.27324,0
62,0,0,0.5,1,0,1,250,2307,1973.39,0.144607715648028,98.6695,10.4984348,-0.362362402478738
63,0,0,0.5,1,1,0,619.559380317206,2957.35279466737,2632.17639733369,0.109955226823136,129.634685937798,13.7931305837817,0
64,0,0,0.5,1,1,1,619.559380317206,2957.35279466737,2298.56639733369,0.222762194122255,114.928319866684,12.2283732338152,-0.362362402478738
65,0,0.25,0.1,0,0,0,250,2307,2307,0,115.35,0,0
66,0,0.25,0.1,0,0,1,250,2307,1973.39,0.144607715648028,98.6695,0,-0.362362402478738
67,0,0.25,0.1,0,1,0,619.559380317206,2957.35279466737,2892.31751520064,0.0219910453646271,142.641741831146,0,0
68,0,0.25,0.1,0,1,1,619.559380317206,2957.35279466737,2558.70751520063,0.134798012663746,127.935375760032,0,-0.362362402478738
69,0,0.25,0.1,0.333333333333333,0,0,250,2307,2307,0,115.35,4.09108,0
70,0,0.25,0.1,0.333333333333333,0,1,250,2307,1973.39,0.144607715648028,98.6695,3.49947826666667,-0.362362402478738
71,0,0.25,0.1,0.333333333333333,1,0,619.559380317206,2957.35279466737,2892.31751520064,0.0219910453646271,142.641741831146,5.05902711027797,0
72,0,0.25,0.1,0.333333333333333,1,1,619.559380317206,2957.35279466737,2558.70751520063,0.134798012663746,127.935375760032,4.53744132695579,-0.362362402478738
73,0,0.25,0.1,0.666666666666667,0,0,250,2307,2307,0,115.35,8.18216,0
74,0,0.25,0.1,0.666666666666667,0,1,250,2307,1973.39,0.144607715648028,98.6695,6.99895653333333,-0.362362402478738
75,0,0.25,0.1,0.666666666666667,1,0,619.559380317206,2957.35279466737,2892.31751520064,0.0219910453646271,142.641741831146,10.1180542205559,0
76,0,0.25,0.1,0.666666666666667,1,1,619.559380317206,2957.35279466737,2558.70751520063,0.134798012663746,127.935375760032,9.07488265391158,-0.362362402478738
77,0,0.25,0.1,1,0,0,250,2307,2307,0,115.35,12.27324,0
78,0,0.25,0.1,1,0,1,250,2307,1973.39,0.144607715648028,98.6695,10.4984348,-0.362362402478738
79,0,0.25,0.1,1,1,0,619.559380317206,2957.35279466737,2892.31751520064,0.0219910453646271,142.641741831146,15.1770813308339,0
80,0,0.25,0.1,1,1,1,619.559380317206,2957.35279466737,2558.70751520063,0.134798012663746,127.935375760032,13.6123239808674,-0.362362402478738
81,0,0.25,0.2,0,0,0,250,2307,2307,0,115.35,0,0
82,0,0.25,0.2,0,0,1,250,2307,1973.39,0.144607715648028,98.6695,0,-0.362362402478738
83,0,0.25,0.2,0,1,0,619.559380317206,2957.35279466737,2827.2822357339,0.0439820907292544,139.389977857809,0,0
84,0,0.25,0.2,0,1,1,619.559380317206,2957.35279466737,2493.6722357339,0.156789058028373,124.683611786695,0,-0.362362402478738
85,0,0.25,0.2,0.333333333333333,0,0,250,2307,2307,0,115.35,4.09108,0
86,0,0.25,0.2,0.333333333333333,0,1,250,2307,1973.39,0.144607715648028,98.6695,3.49947826666667,-0.362362402478738
87,0,0.25,0.2,0.333333333333333,1,0,619.559380317206,2957.35279466737,2827.2822357339,0.0439820907292544,139.389977857809,4.94369788135695,0
88,0,0.25,0.2,0.333333333333333,1,1,619.559380317206,2957.35279466737,2493.6722357339,0.156789058028373,124.683611786695,4.42211209803478,-0.362362402478738
89,0,0.25,0.2,0.666666666666667,0,0,250,2307,2307,0,115.35,8.18216,0
90,0,0.25,0.2,0.666666666666667,0,1,250,2307,1973.39,0.144607715648028,98.6695,6.99895653333333,-0.362362402478738
91,0,0.25,0.2,0.666666666666667,1,0,619.559380317206,2957.35279466737,2827.2822357339,0.0439820907292544,139.389977857809,9.88739576271391,0
92,0,0.25,0.2,0.666666666666667,1,1,619.559380317206,2957.35279466737,2493.6722357339,0.156789058028373,124.683611786695,8.84422419606956,-0.362362402478738
93,0,0.25,0.2,1,0,0,250,2307,2307,0,115.35,12.27324,0
94,0,0.25,0.2,1,0,1,250,2307,1973.39,0.144607715648028,98.6695,10.4984348,-0.362362402478738
95,0,0.25,0.2,1,1,0,619.559380317206,2957.35279466737,2827.2822357339,0.0439820907292544,139.389977857809,14.8310936440709,0
96,0,0.25,0.2,1,1,1,619.559380317206,2957.35279466737,2493.6722357339,0.156789058028373,124.683611786695,13.2663362941043,-0.362362402478738
97,0,0.25,0.3,0,0,0,250,2307,2307,0,115.35,0,0
98,0,0.25,0.3,0,0,1,250,2307,1973.39,0.144607715648028,98.6695,0,-0.362362402478738
99,0,0.25,0.3,0,1,0,619.559380317206,2957.35279466737,2762.24695626716,0.0659731360938817,136.138213884472,0,0
100,0,0.25,0.3,0,1,1,619.559380317206,2957.35279466737,2428.63695626716,0.178780103393001,121.431847813358,0,-0.362362402478738
101,0,0.25,0.3,0.333333333333333,0,0,250,2307,2307,0,115.35,4.09108,0
102,0,0.25,0.3,0.333333333333333,0,1,250,2307,1973.39,0.144607715648028,98.6695,3.49947826666667,-0.362362402478738
103,0,0.25,0.3,0.333333333333333,1,0,619.559380317206,2957.35279466737,2762.24695626716,0.0659731360938817,136.138213884472,4.82836865243594,0
104,0,0.25,0.3,0.333333333333333,1,1,619.559380317206,2957.35279466737,2428.63695626716,0.178780103393001,121.431847813358,4.30678286911377,-0.362362402478738
105,0,0.25,0.3,0.666666666666667,0,0,250,2307,2307,0,115.35,8.18216,0
106,0,0.25,0.3,0.666666666666667,0,1,250,2307,1973.39,0.144607715648028,98.6695,6.99895653333333,-0.362362402478738
107,0,0.25,0.3,0.666666666666667,1,0,619.559380317206,2957.35279466737,2762.24695626716,0.0659731360938817,136.138213884472,9.65673730487187,0
108,0,0.25,0.3,0.666666666666667,1,1,619.559380317206,2957.35279466737,2428.63695626716,0.178780103393001,121.431847813358,8.61356573822753,-0.362362402478738
109,0,0.25,0.3,1,0,0,250,2307,2307,0,115.35,12.27324,0
110,0,0.25,0.3,1,0,1,250,2307,1973.39,0.144607715648028,98.6695,10.4984348,-0.362362402478738
111,0,0.25,0.3,1,1,0,619.559380317206,2957.35279466737,2762.24695626716,0.0659731360938817,136.138213884472,14.4851059573078,0
112,0,0.25,0.3,1,1,1,619.559380317206,2957.35279466737,2428.63695626716,0.178780103393001,121.431847813358,12.9203486073413,-0.362362402478738
113,0,0.25,0.5,0,0,0,250,2307,2307,0,115.35,0,0
114,0,0.25,0.5,0,0,1,250,2307,1973.39,0.144607715648028,98.6695,0,-0.362362402478738
115,0,0.25,0.5,0,1,0,619.559380317206,2957.35279466737,2632.17639733369,0.109955226823136,129.634685937798,0,0
116,0,0.25,0.5,0,1,1,619.559380317206,2957.35279466737,2298.56639733369,0.222762194122255,114.928319866684,0,-0.362362402478738
117,0,0.25,0.5,0.333333333333333,0,0,250,2307,2307,0,115.35,4.09108,0
118,0,0.25,0.5,0.333333333333333,0,1,250,2307,1973.39,0.144607715648028,98.6695,3.49947826666667,-0.362362402478738
119,0,0.25,0.5,0.333333333333333,1,0,619.559380317206,2957.35279466737,2632.17639733369,0.109955226823136,129.634685937798,4.59771019459391,0
120,0,0.25,0.5,0.333333333333333,1,1,619.559380317206,2957.35279466737,2298.56639733369,0.222762194122255,114.928319866684,4.07612441127174,-0.362362402478738
121,0,0.25,0.5,0.666666666666667,0,0,250,2307,2307,0,115.35,8.18216,0
122,0,0.25,0.5,0.666666666666667,0,1,250,2307,1973.39,0.144607715648028,98.6695,6.99895653333333,-0.362362402478738
123,0,0.25,0.5,0.666666666666667,1,0,619.559380317206,2957.35279466737,2632.17639733369,0.109955226823136,129.634685937798,9.19542038918782,0
124,0,0.25,0.5,0.666666666666667,1,1,619.559380317206,2957.35279466737,2298.56639733369,0.222762194122255,114.928319866684,8.15224882254347,-0.362362402478738
125,0,0.25,0.5,1,0,0,250,2307,2307,0,115.35,12.27324,0
126,0,0.25,0.5,1,0,1,250,2307,1973.39,0.144607715648028,98.6695,10.4984348,-0.362362402478738
127,0,0.25,0.5,1,1,0,619.559380317206,2957.35279466737,2632.17639733369,0.109955226823136,129.634685937798,13.7931305837817,0
128,0,0.25,0.5,1,1,1,619.559380317206,2957.35279466737,2298.56639733369,0.222762194122255,114.928319866684,12.2283732338152,-0.362362402478738
129,0,0.5,0.1,0,0,0,250,2307,2307,0,115.35,0,0
130,0,0.5,0.1,0,0,1,250,2307,1973.39,0.144607715648028,98.6695,0,-0.362362402478738
131,0,0.5,0.1,0,1,0,619.559380317206,2957.35279466737,2892.31751520064,0.0219910453646271,142.641741831146,0,0
132,0,0.5,0.1,0,1,1,619.559380317206,2957.35279466737,2558.70751520063,0.134798012663746,127.935375760032,0,-0.362362402478738
133,0,0.5,0.1,0.333333333333333,0,0,250,2307,2307,0,115.35,4.09108,0
134,0,0.5,0.1,0.333333333333333,0,1,250,2307,1973.39,0.144607715648028,98.6695,3.49947826666667,-0.362362402478738
135,0,0.5,0.1,0.333333333333333,1,0,619.559380317206,2957.35279466737,2892.31751520064,0.0219910453646271,142.641741831146,5.05902711027797,0
136,0,0.5,0.1,0.333333333333333,1,1,619.559380317206,2957.35279466737,2558.70751520063,0.134798012663746,127.935375760032,4.53744132695579,-0.362362402478738
137,0,0.5,0.1,0.666666666666667,0,0,250,2307,2307,0,115.35,8.18216,0
138,0,0.5,0.1,0.666666666666667,0,1,250,2307,1973.39,0.144607715648028,98.6695,6.99895653333333,-0.362362402478738
139,0,0.5,0.1,0.666666666666667,1,0,619.559380317206,2957.35279466737,2892.31751520064,0.0219910453646271,142.641741831146,10.1180542205559,0
140,0,0.5,0.1,0.666666666666667,1,1,619.559380317206,2957.35279466737,2558.70751520063,0.134798012663746,127.935375760032,9.07488265391158,-0.362362402478738
141,0,0.5,0.1,1,0,0,250,2307,2307,0,115.35,12.27324,0
142,0,0.5,0.1,1,0,1,250,2307,1973.39,0.144607715648028,98.6695,10.4984348,-0.362362402478738
143,0,0.5,0.1,1,1,0,619.559380317206,2957.35279466737,2892.31751520064,0.0219910453646271,142.641741831146,15.1770813308339,0
144,0,0.5,0.1,1,1,1,619.559380317206,2957.35279466737,2558.70751520063,0.134798012663746,127.935375760032,13.6123239808674,-0.362362402478738
145,0,0.5,0.2,0,0,0,250,2307,2307,0,115.35,0,0
146,0,0.5,0.2,0,0,1,250,2307,1973.39,0.144607715648028,98.6695,0,-0.362362402478738
147,0,0.5,0.2,0,1,0,619.559380317206,2957.35279466737,2827.2822357339,0.0439820907292544,139.389977857809,0,0
148,0,0.5,0.2,0,1,1,619.559380317206,2957.35279466737,2493.6722357339,0.156789058028373,124.683611786695,0,-0.362362402478738
149,0,0.5,0.2,0.333333333333333,0,0,250,2307,2307,0,115.35,4.09108,0
150,0,0.5,0.2,0.333333333333333,0,1,250,2307,1973.39,0.144607715648028,98.6695,3.49947826666667,-0.362362402478738
151,0,0.5,0.2,0.333333333333333,1,0,619.559380317206,2957.35279466737,2827.2822357339,0.0439820907292544,139.389977857809,4.94369788135695,0
152,0,0.5,0.2,0.333333333333333,1,1,619.559380317206,2957.35279466737,2493.6722357339,0.156789058028373,124.683611786695,4.42211209803478,-0.362362402478738
153,0,0.5,0.2,0.666666666666667,0,0,250,2307,2307,0,115.35,8.18216,0
154,0,0.5,0.2,0.666666666666667,0,1,250,2307,1973.39,0.144607715648028,98.6695,6.99895653333333,-0.362362402478738
155,0,0.5,0.2,0.666666666666667,1,0,619.559380317206,2957.35279466737,2827.2822357339,0.0439820907292544,139.389977857809,9.88739576271391,0
156,0,0.5,0.2,0.666666666666667,1,1,619.559380317206,2957.35279466737,2493.6722357339,0.156789058028373,124.683611786695,8.84422419606956,-0.362362402478738
157,0,0.5,0.2,1,0,0,250,2307,2307,0,115.35,12.27324,0
158,0,0.5,0.2,1,0,1,250,2307,1973.39,0.144607715648028,98.6695,10.4984348,-0.362362402478738
159,0,0.5,0.2,1,1,0,619.559380317206,2957.35279466737,2827.2822357339,0.0439820907292544,139.389977857809,14.8310936440709,0
160,0,0.5,0.2,1,1,1,619.559380317206,2957.35279466737,2493.6722357339,0.156789058028373,124.683611786695,13.2663362941043,-0.362362402478738
161,0,0.5,0.3,0,0,0,250,2307,2307,0,115.35,0,0
162,0,0.5,0.3,0,0,1,250,2307,1973.39,0.144607715648028,98.6695,0,-0.362362402478738
163,0,0.5,0.3,0,1,0,619.559380317206,2957.35279466737,2762.24695626716,0.0659731360938817,136.138213884472,0,0
164,0,0.5,0.3,0,1,1,619.559380317206,2957.35279466737,2428.63695626716,0.178780103393001,121.431847813358,0,-0.362362402478738
165,0,0.5,0.3,0.333333333333333,0,0,250,2307,2307,0,115.35,4.09108,0
166,0,0.5,0.3,0.333333333333333,0,1,250,2307,1973.39,0.144607715648028,98.6695,3.49947826666667,-0.362362402478738
167,0,0.5,0.3,0.333333333333333,1,0,619.559380317206,2957.35279466737,2762.24695626716,0.0659731360938817,136.138213884472,4.82836865243594,0
168,0,0.5,0.3,0.333333333333333,1,1,619.559380317206,2957.35279466737,2428.63695626716,0.178780103393001,121.431847813358,4.30678286911377,-0.362362402478738
169,0,0.5,0.3,0.666666666666667,0,0,250,2307,2307,0,115.35,8.18216,0
170,0,0.5,0.3,0.666666666666667,0,1,250,2307,1973.39,0.144607715648028,98.6695,6.99895653333333,-0.362362402478738
171,0,0.5,0.3,0.666666666666667,1,0,619.559380317206,2957.35279466737,2762.24695626716,0.0659731360938817,136.138213884472,9.65673730487187,0
172,0,0.5,0.3,0.666666666666667,1,1,619.559380317206,2957.35279466737,2428.63695626716,0.178780103393001,121.431847813358,8.61356573822753,-0.362362402478738
173,0,0.5,0.3,1,0,0,250,2307,2307,0,115.35,12.27324,0
174,0,0.5,0.3,1,0,1,250,2307,1973.39,0.144607715648028,98.6695,10.4984348,-0.362362402478738
175,0,0.5,0.3,1,1,0,619.559380317206,2957.35279466737,2762.24695626716,0.0659731360938817,136.138213884472,14.4851059573078,0
176,0,0.5,0.3,1,1,1,619.559380317206,2957.35279466737,2428.63695626716,0.178780103393001,121.431847813358,12.9203486073413,-0.362362402478738
177,0,0.5,0.5,0,0,0,250,2307,2307,0,115.35,0,0
178,0,0.5,0.5,0,0,1,250,2307,1973.39,0.144607715648028,98.6695,0,-0.362362402478738
179,0,0.5,0.5,0,1,0,619.559380317206,2957.35279466737,2632.17639733369,0.109955226823136,129.634685937798,0,0
180,0,0.5,0.5,0,1,1,619.559380317206,2957.35279466737,2298.56639733369,0.222762194122255,114.928319866684,0,-0.362362402478738
181,0,0.5,0.5,0.333333333333333,0,0,250,2307,2307,0,115.35,4.09108,0
182,0,0.5,0.5,0.333333333333333,0,1,250,2307,1973.39,0.144607715648028,98.6695,3.49947826666667,-0.362362402478738
183,0,0.5,0.5,0.333333333333333,1,0,619.559380317206,2957.35279466737,2632.17639733369,0.109955226823136,129.634685937798,4.59771019459391,0
184,0,0.5,0.5,0.333333333333333,1,1,619.559380317206,2957.35279466737,2298.56639733369,0.222762194122255,114.928319866684,4.07612441127174,-0.362362402478738
185,0,0.5,0.5,0.666666666666667,0,0,250,2307,2307,0,115.35,8.18216,0
186,0,0.5,0.5,0.666666666666667,0,1,250,2307,1973.39,0.144607715648028,98.6695,6.99895653333333,-0.362362402478738
187,0,0.5,0.5,0.666666666666667,1,0,619.559380317206,2957.35279466737,2632.17639733369,0.109955226823136,129.634685937798,9.19542038918782,0
188,0,0.5,0.5,0.666666666666667,1,1,619.559380317206,2957.35279466737,2298.56639733369,0.222762194122255,114.928319866684,8.15224882254347,-0.362362402478738
189,0,0.5,0.5,1,0,0,250,2307,2307,0,115.35,12.27324,0
190,0,0.5,0.5,1,0,1,250,2307,1973.39,0.144607715648028,98.6695,10.4984348,-0.362362402478738
191,0,0.5,0.5,1,1,0,619.559380317206,2957.35279466737,2632.17639733369,0.109955226823136,129.634685937798,13.7931305837817,0
192,0,0.5,0.5,1,1,1,619.559380317206,2957.35279466737,2298.56639733369,0.222762194122255,114.928319866684,12.2283732338152,-0.362362402478738
193,0,0.75,0.1,0,0,0,250,2307,2307,0,115.35,0,0
194,0,0.75,0.1,0,0,1,250,2307,1973.39,0.144607715648028,98.6695,0,-0.362362402478738
195,0,0.75,0.1,0,1,0,619.559380317206,2957.35279466737,2892.31751520064,0.0219910453646271,142.641741831146,0,0
196,0,0.75,0.1,0,1,1,619.559380317206,2957.35279466737,2558.70751520063,0.134798012663746,127.935375760032,0,-0.362362402478738
197,0,0.75,0.1,0.333333333333333,0,0,250,2307,2307,0,115.35,4.09108,0
198,0,0.75,0.1,0.333333333333333,0,1,250,2307,1973.39,0.144607715648028,98.6695,3.49947826666667,-0.362362402478738
199,0,0.75,0.1,0.333333333333333,1,0,619.559380317206,2957.35279466737,2892.31751520064,0.0219910453646271,142.641741831146,5.05902711027797,0
200,0,0.75,0.1,0.333333333333333,1,1,619.559380317206,2957.35279466737,2558.70751520063,0.134798012663746,127.935375760032,4.53744132695579,-0.362362402478738
201,0,0.75,0.1,0.666666666666667,0,0,250,2307,2307,0,115.35,8.18216,0
202,0,0.75,0.1,0.666666666666667,0,1,250,2307,1973.39,0.144607715648028,98.6695,6.99895653333333,-0.362362402478738
203,0,0.75,0.1,0.666666666666667,1,0,619.559380317206,2957.35279466737,2892.31751520064,0.0219910453646271,142.641741831146,10.1180542205559,0
204,0,0.75,0.1,0.666666666666667,1,1,619.559380317206,2957.35279466737,2558.70751520063,0.134798012663746,127.935375760032,9.07488265391158,-0.362362402478738
205,0,0.75,0.1,1,0,0,250,2307,2307,0,115.35,12.27324,0
206,0,0.75,0.1,1,0,1,250,2307,1973.39,0.144607715648028,98.6695,10.4984348,-0.362362402478738
207,0,0.75,0.1,1,1,0,619.559380317206,2957.35279466737,2892.31751520064,0.0219910453646271,142.641741831146,15.1770813308339,0
208,0,0.75,0.1,1,1,1,619.559380317206,2957.35279466737,2558.70751520063,0.134798012663746,127.935375760032,13.6123239808674,-0.362362402478738
209,0,0.75,0.2,0,0,0,250,2307,2307,0,115.35,0,0
210,0,0.75,0.2,0,0,1,250,2307,1973.39,0.144607715648028,98.6695,0,-0.362362402478738
211,0,0.75,0.2,0,1,0,619.559380317206,2957.35279466737,2827.2822357339,0.0439820907292544,139.389977857809,0,0
212,0,0.75,0.2,0,1,1,619.559380317206,2957.35279466737,2493.6722357339,0.156789058028373,124.683611786695,0,-0.362362402478738
213,0,0.75,0.2,0.333333333333333,0,0,250,2307,2307,0,115.35,4.09108,0
214,0,0.75,0.2,0.333333333333333,0,1,250,2307,1973.39,0.144607715648028,98.6695,3.49947826666667,-0.362362402478738
215,0,0.75,0.2,0.333333333333333,1,0,619.559380317206,2957.35279466737,2827.2822357339,0.0439820907292544,139.389977857809,4.94369788135695,0
216,0,0.75,0.2,0.333333333333333,1,1,619.559380317206,2957.35279466737,2493.6722357339,0.156789058028373,124.683611786695,4.42211209803478,-0.362362402478738
217,0,0.75,0.2,0.666666666666667,0,0,250,2307,2307,0,115.35,8.18216,0
218,0,0.75,0.2,0.666666666666667,0,1,250,2307,1973.39,0.144607715648028,98.6695,6.99895653333333,-0.362362402478738
219,0,0.75,0.2,0.666666666666667,1,0,619.559380317206,2957.35279466737,2827.2822357339,0.0439820907292544,139.389977857809,9.88739576271391,0
220,0,0.75,0.2,0.666666666666667,1,1,619.559380317206,2957.35279466737,2493.6722357339,0.156789058028373,124.683611786695,8.84422419606956,-0.362362402478738
221,0,0.75,0.2,1,0,0,250,2307,2307,0,115.35,12.27324,0
222,0,0.75,0.2,1,0,1,250,2307,1973.39,0.144607715648028,98.6695,10.4984348,-0.362362402478738
223,0,0.75,0.2,1,1,0,619.559380317206,2957.35279466737,2827.2822357339,0.0439820907292544,139.389977857809,14.8310936440709,0
224,0,0.75,0.2,1,1,1,619.559380317206,2957.35279466737,2493.6722357339,0.156789058028373,124.683611786695,13.2663362941043,-0.362362402478738
225,0,0.75,0.3,0,0,0,250,2307,2307,0,115.35,0,0
226,0,0.75,0.3,0,0,1,250,2307,1973.39,0.144607715648028,98.6695,0,-0.362362402478738
227,0,0.75,0.3,0,1,0,619.559380317206,2957.35279466737,2762.24695626716,0.0659731360938817,136.138213884472,0,0
228,0,0.75,0.3,0,1,1,619.559380317206,2957.35279466737,2428.63695626716,0.178780103393001,121.431847813358,0,-0.362362402478738
229,0,0.75,0.3,0.333333333333333,0,0,250,2307,2307,0,115.35,4.09108,0
230,0,0.75,0.3,0.333333333333333,0,1,250,2307,1973.39,0.144607715648028,98.6695,3.49947826666667,-0.362362402478738
231,0,0.75,0.3,0.333333333333333,1,0,619.559380317206,2957.35279466737,2762.24695626716,0.0659731360938817,136.138213884472,4.82836865243594,0
232,0,0.75,0.3,0.333333333333333,1,1,619.559380317206,2957.35279466737,2428.63695626716,0.178780103393001,121.431847813358,4.30678286911377,-0.362362402478738
233,0,0.75,0.3,0.666666666666667,0,0,250,2307,2307,0,115.35,8.18216,0
234,0,0.75,0.3,0.666666666666667,0,1,250,2307,1973.39,0.144607715648028,98.6695,6.99895653333333,-0.362362402478738
235,0,0.75,0.3,0.666666666666667,1,0,619.559380317206,2957.35279466737,2762.24695626716,0.0659731360938817,136.138213884472,9.65673730487187,0
236,0,0.75,0.3,0.666666666666667,1,1,619.559380317206,2957.35279466737,2428.63695626716,0.178780103393001,121.431847813358,8.61356573822753,-0.362362402478738
237,0,0.75,0.3,1,0,0,250,2307,2307,0,115.35,12.27324,0
238,0,0.75,0.3,1,0,1,250,2307,1973.39,0.144607715648028,98.6695,10.4984348,-0.362362402478738
239,0,0.75,0.3,1,1,0,619.559380317206,2957.35279466737,2762.24695626716,0.0659731360938817,136.138213884472,14.4851059573078,0
240,0,0.75,0.3,1,1,1,619.559380317206,2957.35279466737,2428.63695626716,0.178780103393001,121.431847813358,12.9203486073413,-0.362362402478738
241,0,0.75,0.5,0,0,0,250,2307,2307,0,115.35,0,0
242,0,0.75,0.5,0,0,1,250,2307,1973.39,0.144607715648028,98.6695,0,-0.362362402478738
243,0,0.75,0.5,0,1,0,619.559380317206,2957.35279466737,2632.17639733369,0.109955226823136,129.634685937798,0,0
244,0,0.75,0.5,0,1,1,619.559380317206,2957.35279466737,2298.56639733369,0.222762194122255,114.928319866684,0,-0.362362402478738
245,0,0.75,0.5,0.333333333333333,0,0,250,2307,2307,0,115.35,4.09108,0
246,0,0.75,0.5,0.333333333333333,0,1,250,2307,1973.39,0.144607715648028,98.6695,3.49947826666667,-0.362362402478738
247,0,0.75,0.5,0.333333333333333,1,0,619.559380317206,2957.35279466737,2632.17639733369,0.109955226823136,129.634685937798,4.59771019459391,0
248,0,0.75,0.5,0.333333333333333,1,1,619.559380317206,2957.35279466737,2298.56639733369,0.222762194122255,114.928319866684,4.07612441127174,-0.362362402478738
249,0,0.75,0.5,0.666666666666667,0,0,250,2307,2307,0,115.35,8.18216,0
250,0,0.75,0.5,0.666666666666667,0,1,250,2307,1973.39,0.144607715648028,98.6695,6.99895653333333,-0.362362402478738
251,0,0.75,0.5,0.666666666666667,1,0,619.559380317206,2957.35279466737,2632.17639733369,0.109955226823136,129.634685937798,9.19542038918782,0
252,0,0.75,0.5,0.666666666666667,1,1,619.559380317206,2957.35279466737,2298.56639733369,0.222762194122255,114.928319866684,8.15224882254347,-0.362362402478738
253,0,0.75,0.5,1,0,0,250,2307,2307,0,115.35,12.27324,0
254,0,0.75,0.5,1,0,1,250,2307,1973.39,0.144607715648028,98.6695,10.4984348,-0.362362402478738
255,0,0.75,0.5,1,1,0,619.559380317206,2957.35279466737,2632.17639733369,0.109955226823136,129.634685937798,13.7931305837817,0
256,0,0.75,0.5,1,1,1,619.559380317206,2957.35279466737,2298.56639733369,0.222762194122255,114.928319866684,12.2283732338152,-0.362362402478738
257,0,1,0.1,0,0,0,250,2307,2307,0,115.35,0,0
258,0,1,0.1,0,0,1,250,2307,1973.39,0.144607715648028,98.6695,0,-0.362362402478738
259,0,1,0.1,0,1,0,619.559380317206,2957.35279466737,2892.31751520064,0.0219910453646271,142.641741831146,0,0
260,0,1,0.1,0,1,1,619.559380317206,2957.35279466737,2558.70751520063,0.134798012663746,127.935375760032,0,-0.362362402478738
261,0,1,0.1,0.333333333333333,0,0,250,2307,2307,0,115.35,4.09108,0
262,0,1,0.1,0.333333333333333,0,1,250,2307,1973.39,0.144607715648028,98.6695,3.49947826666667,-0.362362402478738
263,0,1,0.1,0.333333333333333,1,0,619.559380317206,2957.35279466737,2892.31751520064,0.0219910453646271,142.641741831146,5.05902711027797,0
264,0,1,0.1,0.333333333333333,1,1,619.559380317206,2957.35279466737,2558.70751520063,0.134798012663746,127.935375760032,4.53744132695579,-0.362362402478738
265,0,1,0.1,0.666666666666667,0,0,250,2307,2307,0,115.35,8.18216,0
266,0,1,0.1,0.666666666666667,0,1,250,2307,1973.39,0.144607715648028,98.6695,6.99895653333333,-0.362362402478738
267,0,1,0.1,0.666666666666667,1,0,619.559380317206,2957.35279466737,2892.31751520064,0.0219910453646271,142.641741831146,10.1180542205559,0
268,0,1,0.1,0.666666666666667,1,1,619.559380317206,2957.35279466737,2558.70751520063,0.134798012663746,127.935375760032,9.07488265391158,-0.362362402478738
269,0,1,0.1,1,0,0,250,2307,2307,0,115.35,12.27324,0
270,0,1,0.1,1,0,1,250,2307,1973.39,0.144607715648028,98.6695,10.4984348,-0.362362402478738
271,0,1,0.1,1,1,0,619.559380317206,2957.35279466737,2892.31751520064,0.0219910453646271,142.641741831146,15.1770813308339,0
272,0,1,0.1,1,1,1,619.559380317206,2957.35279466737,2558.70751520063,0.134798012663746,127.935375760032,13.6123239808674,-0.362362402478738
273,0,1,0.2,0,0,0,250,2307,2307,0,115.35,0,0
274,0,1,0.2,0,0,1,250,2307,1973.39,0.144607715648028,98.6695,0,-0.362362402478738
275,0,1,0.2,0,1,0,619.559380317206,2957.35279466737,2827.2822357339,0.0439820907292544,139.389977857809,0,0
276,0,1,0.2,0,1,1,619.559380317206,2957.35279466737,2493.6722357339,0.156789058028373,124.683611786695,0,-0.362362402478738
277,0,1,0.2,0.333333333333333,0,0,250,2307,2307,0,115.35,4.09108,0
278,0,1,0.2,0.333333333333333,0,1,250,2307,1973.39,0.144607715648028,98.6695,3.49947826666667,-0.362362402478738
279,0,1,0.2,0.333333333333333,1,0,619.559380317206,2957.35279466737,2827.2822357339,0.0439820907292544,139.389977857809,4.94369788135695,0
280,0,1,0.2,0.333333333333333,1,1,619.559380317206,2957.35279466737,2493.6722357339,0.156789058028373,124.683611786695,4.42211209803478,-0.362362402478738
281,0,1,0.2,0.666666666666667,0,0,250,2307,2307,0,115.35,8.18216,0
282,0,1,0.2,0.666666666666667,0,1,250,2307,1973.39,0.144607715648028,98.6695,6.99895653333333,-0.362362402478738
283,0,1,0.2,0.666666666666667,1,0,619.559380317206,2957.35279466737,2827.2822357339,0.0439820907292544,139.389977857809,9.88739576271391,0
284,0,1,0.2,0.666666666666667,1,1,619.559380317206,2957.35279466737,2493.6722357339,0.156789058028373,124.683611786695,8.84422419606956,-0.362362402478738
285,0,1,0.2,1,0,0,250,2307,2307,0,115.35,12.27324,0
286,0,1,0.2,1,0,1,250,2307,1973.39,0.144607715648028,98.6695,10.4984348,-0.362362402478738
287,0,1,0.2,1,1,0,619.559380317206,2957.35279466737,2827.2822357339,0.0439820907292544,139.389977857809,14.8310936440709,0
288,0,1,0.2,1,1,1,619.559380317206,2957.35279466737,2493.6722357339,0.156789058028373,124.683611786695,13.2663362941043,-0.362362402478738
289,0,1,0.3,0,0,0,250,2307,2307,0,115.35,0,0
290,0,1,0.3,0,0,1,250,2307,1973.39,0.144607715648028,98.6695,0,-0.362362402478738
291,0,1,0.3,0,1,0,619.559380317206,2957.35279466737,2762.24695626716,0.0659731360938817,136.138213884472,0,0
292,0,1,0.3,0,1,1,619.559380317206,2957.35279466737,2428.63695626716,0.178780103393001,121.431847813358,0,-0.362362402478738
293,0,1,0.3,0.333333333333333,0,0,250,2307,2307,0,115.35,4.09108,0
294,0,1,0.3,0.333333333333333,0,1,250,2307,1973.39,0.144607715648028,98.6695,3.49947826666667,-0.362362402478738
295,0,1,0.3,0.333333333333333,1,0,619.559380317206,2957.35279466737,2762.24695626716,0.0659731360938817,136.138213884472,4.82836865243594,0
296,0,1,0.3,0.333333333333333,1,1,619.559380317206,2957.35279466737,2428.63695626716,0.178780103393001,121.431847813358,4.30678286911377,-0.362362402478738
297,0,1,0.3,0.666666666666667,0,0,250,2307,2307,0,115.35,8.18216,0
298,0,1,0.3,0.666666666666667,0,1,250,2307,1973.39,0.144607715648028,98.6695,6.99895653333333,-0.362362402478738
299,0,1,0.3,0.666666666666667,1,0,619.559380317206,2957.35279466737,2762.24695626716,0.0659731360938817,136.138213884472,9.65673730487187,0
300,0,1,0.3,0.666666666666667,1,1,619.559380317206,2957.35279466737,2428.63695626716,0.178780103393001,121.431847813358,8.61356573822753,-0.362362402478738
301,0,1,0.3,1,0,0,250,2307,2307,0,115.35,12.27324,0
302,0,1,0.3,1,0,1,250,2307,1973.39,0.144607715648028,98.6695,10.4984348,-0.362362402478738
303,0,1,0.3,1,1,0,619.559380317206,2957.35279466737,2762.24695626716,0.0659731360938817,136.138213884472,14.4851059573078,0
304,0,1,0.3,1,1,1,619.559380317206,2957.35279466737,2428.63695626716,0.178780103393001,121.431847813358,12.9203486073413,-0.362362402478738
305,0,1,0.5,0,0,0,250,2307,2307,0,115.35,0,0
306,0,1,0.5,0,0,1,250,2307,1973.39,0.144607715648028,98.6695,0,-0.362362402478738
307,0,1,0.5,0,1,0,619.559380317206,2957.35279466737,2632.17639733369,0.109955226823136,129.634685937798,0,0
308,0,1,0.5,0,1,1,619.559380317206,2957.35279466737,2298.56639733369,0.222762194122255,114.928319866684,0,-0.362362402478738
309,0,1,0.5,0.333333333333333,0,0,250,2307,2307,0,115.35,4.09108,0
310,0,1,0.5,0.333333333333333,0,1,250,2307,1973.39,0.144607715648028,98.6695,3.49947826666667,-0.362362402478738
311,0,1,0.5,0.333333333333333,1,0,619.559380317206,2957.35279466737,2632.17639733369,0.109955226823136,129.634685937798,4.59771019459391,0
312,0,1,0.5,0.333333333333333,1,1,619.559380317206,2957.35279466737,2298.56639733369,0.222762194122255,114.928319866684,4.07612441127174,-0.362362402478738
313,0,1,0.5,0.666666666666667,0,0,250,2307,2307,0,115.35,8.18216,0
314,0,1,0.5,0.666666666666667,0,1,250,2307,1973.39,0.144607715648028,98.6695,6.99895653333333,-0.362362402478738
315,0,1,0.5,0.666666666666667,1,0,619.559380317206,2957.35279466737,2632.17639733369,0.109955226823136,129.634685937798,9.19542038918782,0
316,0,1,0.5,0.666666666666667,1,1,619.559380317206,2957.35279466737,2298.56639733369,0.222762194122255,114.928319866684,8.15224882254347,-0.362362402478738
317,0,1,0.5,1,0,0,250,2307,2307,0,115.35,12.27324,0
318,0,1,0.5,1,0,1,250,2307,1973.39,0.144607715648028,98.6695,10.4984348,-0.362362402478738
319,0,1,0.5,1,1,0,619.559380317206,2957.35279466737,2632.17639733369,0.109955226823136,129.634685937798,13.7931305837817,0
320,0,1,0.5,1,1,1,619.559380317206,2957.35279466737,2298.56639733369,0.222762194122255,114.928319866684,12.2283732338152,-0.362362402478738
321,0.05,0,0.1,0,0,0,250,2307,2191.65,0.0499999999999999,109.5825,0,0
322,0.05,0,0.1,0,0,1,250,2307,1874.7205,0.187377329865626,93.736025,0,-0.362362402478738
323,0.05,0,0.1,0,1,0,619.559380317206,2957.35279466737,2776.96751520063,0.0609955226823137,136.874241831146,0,0
324,0.05,0,0.1,0,1,1,619.559380317206,2957.35279466737,2460.03801520063,0.168162141616477,123.001900760032,0,-0.362362402478738
325,0.05,0,0.1,0.333333333333333,0,0,250,2307,2191.65,0.0499999999999999,109.5825,3.886526,0
326,0.05,0,0.1,0.333333333333333,0,1,250,2307,1874.7205,0.187377329865626,93.736025,3.32450435333333,-0.362362402478738
327,0.05,0,0.1,0.333333333333333,1,0,619.559380317206,2957.35279466737,2776.96751520063,0.0609955226823137,136.874241831146,4.85447311027797,0
328,0.05,0,0.1,0.333333333333333,1,1,619.559380317206,2957.35279466737,2460.03801520063,0.168162141616477,123.001900760032,4.36246741362246,-0.362362402478738
329,0.05,0,0.1,0.666666666666667,0,0,250,2307,2191.65,0.0499999999999999,109.5825,7.773052,0
330,0.05,0,0.1,0.666666666666667,0,1,250,2307,1874.7205,0.187377329865626,93.736025,6.64900870666667,-0.362362402478738
331,0.05,0,0.1,0.666666666666667,1,0,619.559380317206,2957.35279466737,2776.96751520063,0.0609955226823137,136.874241831146,9.70894622055593,0
332,0.05,0,0.1,0.666666666666667,1,1,619.559380317206,2957.35279466737,2460.03801520063,0.168162141616477,123.001900760032,8.72493482724492,-0.362362402478738
333,0.05,0,0.1,1,0,0,250,2307,2191.65,0.0499999999999999,109.5825,11.659578,0
334,0.05,0,0.1,1,0,1,250,2307,1874.7205,0.187377329865626,93.736025,9.97351306,-0.362362402478738
335,0.05,0,0.1,1,1,0,619.559380317206,2957.35279466737,2776.96751520063,0.0609955226823137,136.874241831146,14.5634193308339,0
336,0.05,0,0.1,1,1,1,619.559380317206,2957.35279466737,2460.03801520063,0.168162141616477,123.001900760032,13.0874022408674,-0.362362402478738
337,0.05,0,0.2,0,0,0,250,2307,2191.65,0.0499999999999999,109.5825,0,0
338,0.05,0,0.2,0,0,1,250,2307,1874.7205,0.187377329865626,93.736025,0,-0.362362402478738
339,0.05,0,0.2,0,1,0,619.559380317206,2957.35279466737,2711.9322357339,0.0829865680469407,133.622477857809,0,0
340,0.05,0,0.2,0,1,1,619.559380317206,2957.35279466737,2395.0027357339,0.190153186981104,119.750136786695,0,-0.362362402478738
341,0.05,0,0.2,0.333333333333333,0,0,250,2307,2191.65,0.0499999999999999,109.5825,3.886526,0
342,0.05,0,0.2,0.333333333333333,0,1,250,2307,1874.7205,0.187377329865626,93.736025,3.32450435333333,-0.362362402478738
343,0.05,0,0.2,0.333333333333333,1,0,619.559380317206,2957.35279466737,2711.9322357339,0.0829865680469407,133.622477857809,4.73914388135695,0
344,0.05,0,0.2,0.333333333333333,1,1,619.559380317206,2957.35279466737,2395.0027357339,0.190153186981104,119.750136786695,4.24713818470145,-0.362362402478738
345,0.05,0,0.2,0.666666666666667,0,0,250,2307,2191.65,0.0499999999999999,109.5825,7.773052,0
346,0.05,0,0.2,0.666666666666667,0,1,250,2307,1874.7205,0.187377329865626,93.736025,6.64900870666667,-0.362362402478738
347,0.05,0,0.2,0.666666666666667,1,0,619.559380317206,2957.35279466737,2711.9322357339,0.0829865680469407,133.622477857809,9.4782877627139,0
348,0.05,0,0.2,0.666666666666667,1,1,619.559380317206,2957.35279466737,2395.0027357339,0.190153186981104,119.750136786695,8.49427636940289,-0.362362402478738
349,0.05,0,0.2,1,0,0,250,2307,2191.65,0.0499999999999999,109.5825,11.659578,0
350,0.05,0,0.2,1,0,1,250,2307,1874.7205,0.187377329865626,93.736025,9.97351306,-0.362362402478738
351,0.05,0,0.2,1,1,0,619.559380317206,2957.35279466737,2711.9322357339,0.0829865680469407,133.622477857809,14.2174316440709,0
352,0.05,0,0.2,1,1,1,619.559380317206,2957.35279466737,2395.0027357339,0.190153186981104,119.750136786695,12.7414145541043,-0.362362402478738
353,0.05,0,0.3,0,0,0,250,2307,2191.65,0.0499999999999999,109.5825,0,0
354,0.05,0,0.3,0,0,1,250,2307,1874.7205,0.187377329865626,93.736025,0,-0.362362402478738
355,0.05,0,0.3,0,1,0,619.559380317206,2957.35279466737,2646.89695626716,0.104977613411568,130.370713884472,0,0
356,0.05,0,0.3,0,1,1,619.559380317206,2957.35279466737,2329.96745626716,0.212144232345731,116.498372813358,0,-0.362362402478738
357,0.05,0,0.3,0.333333333333333,0,0,250,2307,2191.65,0.0499999999999999,109.5825,3.886526,0
358,0.05,0,0.3,0.333333333333333,0,1,250,2307,1874.7205,0.187377329865626,93.736025,3.32450435333333,-0.362362402478738
359,0.05,0,0.3,0.333333333333333,1,0,619.559380317206,2957.35279466737,2646.89695626716,0.104977613411568,130.370713884472,4.62381465243594,0
360,0.05,0,0.3,0.333333333333333,1,1,619.559380317206,2957.35279466737,2329.96745626716,0.212144232345731,116.498372813358,4.13180895578043,-0.362362402478738
361,0.05,0,0.3,0.666666666666667,0,0,250,2307,2191.65,0.0499999999999999,109.5825,7.773052,0
362,0.05,0,0.3,0.666666666666667,0,1,250,2307,1874.7205,0.187377329865626,93.736025,6.64900870666667,-0.362362402478738
363,0.05,0,0.3,0.666666666666667,1,0,619.559380317206,2957.35279466737,2646.89695626716,0.104977613411568,130.370713884472,9.24762930487188,0
364,0.05,0,0.3,0.666666666666667,1,1,619.559380317206,2957.35279466737,2329.96745626716,0.212144232345731,116.498372813358,8.26361791156086,-0.362362402478738
365,0.05,0,0.3,1,0,0,250,2307,2191.65,0.0499999999999999,109.5825,11.659578,0
366,0.05,0,0.3,1,0,1,250,2307,1874.7205,0.187377329865626,93.736025,9.97351306,-0.362362402478738
367,0.05,0,0.3,1,1,0,619.559380317206,2957.35279466737,2646.89695626716,0.104977613411568,130.370713884472,13.8714439573078,0
368,0.05,0,0.3,1,1,1,619.559380317206,2957.35279466737,2329.96745626716,0.212144232345731,116.498372813358,12.3954268673413,-0.362362402478738
369,0.05,0,0.5,0,0,0,250,2307,2191.65,0.0499999999999999,109.5825,0,0
370,0.05,0,0.5,0,0,1,250,2307,1874.7205,0.187377329865626,93.736025,0,-0.362362402478738
371,0.05,0,0.5,0,1,0,619.559380317206,2957.35279466737,2516.82639733369,0.148959704140822,123.867185937798,0,0
372,0.05,0,0.5,0,1,1,619.559380317206,2957.35279466737,2199.89689733369,0.256126323074985,109.994844866684,0,-0.362362402478738
373,0.05,0,0.5,0.333333333333333,0,0,250,2307,2191.65,0.0499999999999999,109.5825,3.886526,0
374,0.05,0,0.5,0.333333333333333,0,1,250,2307,1874.7205,0.187377329865626,93.736025,3.32450435333333,-0.362362402478738
375,0.05,0,0.5,0.333333333333333,1,0,619.559380317206,2957.35279466737,2516.82639733369,0.148959704140822,123.867185937798,4.39315619459391,0
376,0.05,0,0.5,0.333333333333333,1,1,619.559380317206,2957.35279466737,2199.89689733369,0.256126323074985,109.994844866684,3.9011504979384,-0.362362402478738
377,0.05,0,0.5,0.666666666666667,0,0,250,2307,2191.65,0.0499999999999999,109.5825,7.773052,0
378,0.05,0,0.5,0.666666666666667,0,1,250,2307,1874.7205,0.187377329865626,93.736025,6.64900870666667,-0.362362402478738
379,0.05,0,0.5,0.666666666666667,1,0,619.559380317206,2957.35279466737,2516.82639733369,0.148959704140822,123.867185937798,8.78631238918782,0
380,0.05,0,0.5,0.666666666666667,1,1,619.559380317206,2957.35279466737,2199.89689733369,0.256126323074985,109.994844866684,7.80230099587681,-0.362362402478738
381,0.05,0,0.5,1,0,0,250,2307,2191.65,0.0499999999999999,109.5825,11.659578,0
382,0.05,0,0.5,1,0,1,250,2307,1874.7205,0.187377329865626,93.736025,9.97351306,-0.362362402478738
383,0.05,0,0.5,1,1,0,619.559380317206,2957.35279466737,2516.82639733369,0.148959704140822,123.867185937798,13.1794685837817,0
384,0.05,0,0.5,1,1,1,619.559380317206,2957.35279466737,2199.89689733369,0.256126323074985,109.994844866684,11.7034514938152,-0.362362402478738
385,0.05,0.25,0.1,0,0,0,250,2307,2191.65,0.0499999999999999,109.5825,0,-0.0382670471821349
386,0.05,0.25,0.1,0,0,1,250,2307,1874.7205,0.187377329865626,93.736025,0,-0.400629449660873
387,0.05,0.25,0.1,0,1,0,619.559380317206,2957.35279466737,2776.96751520063,0.0609955226823137,136.874241831146,0,-0.049054685274276
388,0.05,0.25,0.1,0,1,1,619.559380317206,2957.35279466737,2460.03801520063,0.168162141616477,123.001900760032,0,-0.411417087753014
389,0.05,0.25,0.1,0.333333333333333,0,0,250,2307,2191.65,0.0499999999999999,109.5825,3.886526,-0.0382670471821349
390,0.05,0.25,0.1,0.333333333333333,0,1,250,2307,1874.7205,0.187377329865626,93.736025,3.32450435333333,-0.400629449660873
391,0.05,0.25,0.1,0.333333333333333,1,0,619.559380317206,2957.35279466737,2776.96751520063,0.0609955226823137,136.874241831146,4.85447311027797,-0.049054685274276
392,0.05,0.25,0.1,0.333333333333333,1,1,619.559380317206,2957.35279466737,2460.03801520063,0.168162141616477,123.001900760032,4.36246741362246,-0.411417087753014
393,0.05,0.25,0.1,0.666666666666667,0,0,250,2307,2191.65,0.0499999999999999,109.5825,7.773052,-0.0382670471821349
394,0.05,0.25,0.1,0.666666666666667,0,1,250,2307,1874.7205,0.187377329865626,93.736025,6.64900870666667,-0.400629449660873
395,0.05,0.25,0.1,0.666666666666667,1,0,619.559380317206,2957.35279466737,2776.96751520063,0.0609955226823137,136.874241831146,9.70894622055593,-0.049054685274276
396,0.05,0.25,0.1,0.666666666666667,1,1,619.559380317206,2957.35279466737,2460.03801520063,0.168162141616477,123.001900760032,8.72493482724492,-0.411417087753014
397,0.05,0.25,0.1,1,0,0,250,2307,2191.65,0.0499999999999999,109.5825,11.659578,-0.0382670471821349
398,0.05,0.25,0.1,1,0,1,250,2307,1874.7205,0.187377329865626,93.736025,9.97351306,-0.400629449660873
399,0.05,0.25,0.1,1,1,0,619.559380317206,2957.35279466737,2776.96751520063,0.0609955226823137,136.874241831146,14.5634193308339,-0.049054685274276
400,0.05,0.25,0.1,1,1,1,619.559380317206,2957.35279466737,2460.03801520063,0.168162141616477,123.001900760032,13.0874022408674,-0.411417087753014
401,0.05,0.25,0.2,0,0,0,250,2307,2191.65,0.0499999999999999,109.5825,0,-0.0382670471821349
402,0.05,0.25,0.2,0,0,1,250,2307,1874.7205,0.187377329865626,93.736025,0,-0.400629449660873
403,0.05,0.25,0.2,0,1,0,619.559380317206,2957.35279466737,2711.9322357339,0.0829865680469407,133.622477857809,0,-0.049054685274276
404,0.05,0.25,0.2,0,1,1,619.559380317206,2957.35279466737,2395.0027357339,0.190153186981104,119.750136786695,0,-0.411417087753014
405,0.05,0.25,0.2,0.333333333333333,0,0,250,2307,2191.65,0.0499999999999999,109.5825,3.886526,-0.0382670471821349
406,0.05,0.25,0.2,0.333333333333333,0,1,250,2307,1874.7205,0.187377329865626,93.736025,3.32450435333333,-0.400629449660873
407,0.05,0.25,0.2,0.333333333333333,1,0,619.559380317206,2957.35279466737,2711.9322357339,0.0829865680469407,133.622477857809,4.73914388135695,-0.049054685274276
408,0.05,0.25,0.2,0.333333333333333,1,1,619.559380317206,2957.35279466737,2395.0027357339,0.190153186981104,119.750136786695,4.24713818470145,-0.411417087753014
409,0.05,0.25,0.2,0.666666666666667,0,0,250,2307,2191.65,0.0499999999999999,109.5825,7.773052,-0.0382670471821349
410,0.05,0.25,0.2,0.666666666666667,0,1,250,2307,1874.7205,0.187377329865626,93.736025,6.64900870666667,-0.400629449660873
411,0.05,0.25,0.2,0.666666666666667,1,0,619.559380317206,2957.35279466737,2711.9322357339,0.0829865680469407,133.622477857809,9.4782877627139,-0.049054685274276
412,0.05,0.25,0.2,0.666666666666667,1,1,619.559380317206,2957.35279466737,2395.0027357339,0.190153186981104,119.750136786695,8.49427636940289,-0.411417087753014
413,0.05,0.25,0.2,1,0,0,250,2307,2191.65,0.0499999999999999,109.5825,11.659578,-0.0382670471821349
414,0.05,0.25,0.2,1,0,1,250,2307,1874.7205,0.187377329865626,93.736025,9.97351306,-0.400629449660873
415,0.05,0.25,0.2,1,1,0,619.559380317206,2957.35279466737,2711.9322357339,0.0829865680469407,133.622477857809,14.2174316440709,-0.049054685274276
416,0.05,0.25,0.2,1,1,1,619.559380317206,2957.35279466737,2395.0027357339,0.190153186981104,119.750136786695,12.7414145541043,-0.411417087753014
417,0.05,0.25,0.3,0,0,0,250,2307,2191.65,0.0499999999999999,109.5825,0,-0.0382670471821349
418,0.05,0.25,0.3,0,0,1,250,2307,1874.7205,0.187377329865626,93.736025,0,-0.400629449660873
419,0.05,0.25,0.3,0,1,0,619.559380317206,2957.35279466737,2646.89695626716,0.104977613411568,130.370713884472,0,-0.049054685274276
420,0.05,0.25,0.3,0,1,1,619.559380317206,2957.35279466737,2329.96745626716,0.212144232345731,116.498372813358,0,-0.411417087753014
421,0.05,0.25,0.3,0.333333333333333,0,0,250,2307,2191.65,0.0499999999999999,109.5825,3.886526,-0.0382670471821349
422,0.05,0.25,0.3,0.333333333333333,0,1,250,2307,1874.7205,0.187377329865626,93.736025,3.32450435333333,-0.400629449660873
423,0.05,0.25,0.3,0.333333333333333,1,0,619.559380317206,2957.35279466737,2646.89695626716,0.104977613411568,130.370713884472,4.62381465243594,-0.049054685274276
424,0.05,0.25,0.3,0.333333333333333,1,1,619.559380317206,2957.35279466737,2329.96745626716,0.212144232345731,116.498372813358,4.13180895578043,-0.411417087753014
425,0.05,0.25,0.3,0.666666666666667,0,0,250,2307,2191.65,0.0499999999999999,109.5825,7.773052,-0.0382670471821349
426,0.05,0.25,0.3,0.666666666666667,0,1,250,2307,1874.7205,0.187377329865626,93.736025,6.64900870666667,-0.400629449660873
427,0.05,0.25,0.3,0.666666666666667,1,0,619.559380317206,2957.35279466737,2646.89695626716,0.104977613411568,130.370713884472,9.24762930487188,-0.049054685274276
428,0.05,0.25,0.3,0.666666666666667,1,1,619.559380317206,2957.35279466737,2329.96745626716,0.212144232345731,116.498372813358,8.26361791156086,-0.411417087753014
429,0.05,0.25,0.3,1,0,0,250,2307,2191.65,0.0499999999999999,109.5825,11.659578,-0.0382670471821349
430,0.05,0.25,0.3,1,0,1,250,2307,1874.7205,0.187377329865626,93.736025,9.97351306,-0.400629449660873
431,0.05,0.25,0.3,1,1,0,619.559380317206,2957.35279466737,2646.89695626716,0.104977613411568,130.370713884472,13.8714439573078,-0.049054685274276
432,0.05,0.25,0.3,1,1,1,619.559380317206,2957.35279466737,2329.96745626716,0.212144232345731,116.498372813358,12.3954268673413,-0.411417087753014
433,0.05,0.25,0.5,0,0,0,250,2307,2191.65,0.0499999999999999,109.5825,0,-0.0382670471821349
434,0.05,0.25,0.5,0,0,1,250,2307,1874.7205,0.187377329865626,93.736025,0,-0.400629449660873
435,0.05,0.25,0.5,0,1,0,619.559380317206,2957.35279466737,2516.82639733369,0.148959704140822,123.867185937798,0,-0.049054685274276
436,0.05,0.25,0.5,0,1,1,619.559380317206,2957.35279466737,2199.89689733369,0.256126323074985,109.994844866684,0,-0.411417087753014
437,0.05,0.25,0.5,0.333333333333333,0,0,250,2307,2191.65,0.0499999999999999,109.5825,3.886526,-0.0382670471821349
438,0.05,0.25,0.5,0.333333333333333,0,1,250,2307,1874.7205,0.187377329865626,93.736025,3.32450435333333,-0.400629449660873
439,0.05,0.25,0.5,0.333333333333333,1,0,619.559380317206,2957.35279466737,2516.82639733369,0.148959704140822,123.867185937798,4.39315619459391,-0.049054685274276
440,0.05,0.25,0.5,0.333333333333333,1,1,619.559380317206,2957.35279466737,2199.89689733369,0.256126323074985,109.994844866684,3.9011504979384,-0.411417087753014
441,0.05,0.25,0.5,0.666666666666667,0,0,250,2307,2191.65,0.0499999999999999,109.5825,7.773052,-0.0382670471821349
442,0.05,0.25,0.5,0.666666666666667,0,1,250,2307,1874.7205,0.187377329865626,93.736025,6.64900870666667,-0.400629449660873
443,0.05,0.25,0.5,0.666666666666667,1,0,619.559380317206,2957.35279466737,2516.82639733369,0.148959704140822,123.867185937798,8.78631238918782,-0.049054685274276
444,0.05,0.25,0.5,0.666666666666667,1,1,619.559380317206,2957.35279466737,2199.89689733369,0.256126323074985,109.994844866684,7.80230099587681,-0.411417087753014
445,0.05,0.25,0.5,1,0,0,250,2307,2191.65,0.0499999999999999,109.5825,11.659578,-0.0382670471821349
446,0.05,0.25,0.5,1,0,1,250,2307,1874.7205,0.187377329865626,93.736025,9.97351306,-0.400629449660873
447,0.05,0.25,0.5,1,1,0,619.559380317206,2957.35279466737,2516.82639733369,0.148959704140822,123.867185937798,13.1794685837817,-0.049054685274276
448,0.05,0.25,0.5,1,1,1,619.559380317206,2957.35279466737,2199.89689733369,0.256126323074985,109.994844866684,11.7034514938152,-0.411417087753014
449,0.05,0.5,0.1,0,0,0,250,2307,2191.65,0.0499999999999999,109.5825,0,-0.0765340943642698
450,0.05,0.5,0.1,0,0,1,250,2307,1874.7205,0.187377329865626,93.736025,0,-0.438896496843008
451,0.05,0.5,0.1,0,1,0,619.559380317206,2957.35279466737,2776.96751520063,0.0609955226823137,136.874241831146,0,-0.0981093705485521
452,0.05,0.5,0.1,0,1,1,619.559380317206,2957.35279466737,2460.03801520063,0.168162141616477,123.001900760032,0,-0.46047177302729
453,0.05,0.5,0.1,0.333333333333333,0,0,250,2307,2191.65,0.0499999999999999,109.5825,3.886526,-0.0765340943642698
454,0.05,0.5,0.1,0.333333333333333,0,1,250,2307,1874.7205,0.187377329865626,93.736025,3.32450435333333,-0.438896496843008
455,0.05,0.5,0.1,0.333333333333333,1,0,619.559380317206,2957.35279466737,2776.96751520063,0.0609955226823137,136.874241831146,4.85447311027797,-0.0981093705485521
456,0.05,0.5,0.1,0.333333333333333,1,1,619.559380317206,2957.35279466737,2460.03801520063,0.168162141616477,123.001900760032,4.36246741362246,-0.46047177302729
457,0.05,0.5,0.1,0.666666666666667,0,0,250,2307,2191.65,0.0499999999999999,109.5825,7.773052,-0.0765340943642698
458,0.05,0.5,0.1,0.666666666666667,0,1,250,2307,1874.7205,0.187377329865626,93.736025,6.64900870666667,-0.438896496843008
459,0.05,0.5,0.1,0.666666666666667,1,0,619.559380317206,2957.35279466737,2776.96751520063,0.0609955226823137,136.874241831146,9.70894622055593,-0.0981093705485521
460,0.05,0.5,0.1,0.666666666666667,1,1,619.559380317206,2957.35279466737,2460.03801520063,0.168162141616477,123.001900760032,8.72493482724492,-0.46047177302729
461,0.05,0.5,0.1,1,0,0,250,2307,2191.65,0.0499999999999999,109.5825,11.659578,-0.0765340943642698
462,0.05,0.5,0.1,1,0,1,250,2307,1874.7205,0.187377329865626,93.736025,9.97351306,-0.438896496843008
463,0.05,0.5,0.1,1,1,0,619.559380317206,2957.35279466737,2776.96751520063,0.0609955226823137,136.874241831146,14.5634193308339,-0.0981093705485521
464,0.05,0.5,0.1,1,1,1,619.559380317206,2957.35279466737,2460.03801520063,0.168162141616477,123.001900760032,13.0874022408674,-0.46047177302729
465,0.05,0.5,0.2,0,0,0,250,2307,2191.65,0.0499999999999999,109.5825,0,-0.0765340943642698
466,0.05,0.5,0.2,0,0,1,250,2307,1874.7205,0.187377329865626,93.736025,0,-0.438896496843008
467,0.05,0.5,0.2,0,1,0,619.559380317206,2957.35279466737,2711.9322357339,0.0829865680469407,133.622477857809,0,-0.0981093705485521
468,0.05,0.5,0.2,0,1,1,619.559380317206,2957.35279466737,2395.0027357339,0.190153186981104,119.750136786695,0,-0.46047177302729
469,0.05,0.5,0.2,0.333333333333333,0,0,250,2307,2191.65,0.0499999999999999,109.5825,3.886526,-0.0765340943642698
470,0.05,0.5,0.2,0.333333333333333,0,1,250,2307,1874.7205,0.187377329865626,93.736025,3.32450435333333,-0.438896496843008
471,0.05,0.5,0.2,0.333333333333333,1,0,619.559380317206,2957.35279466737,2711.9322357339,0.0829865680469407,133.622477857809,4.73914388135695,-0.0981093705485521
472,0.05,0.5,0.2,0.333333333333333,1,1,619.559380317206,2957.35279466737,2395.0027357339,0.190153186981104,119.750136786695,4.24713818470145,-0.46047177302729
473,0.05,0.5,0.2,0.666666666666667,0,0,250,2307,2191.65,0.0499999999999999,109.5825,7.773052,-0.0765340943642698
474,0.05,0.5,0.2,0.666666666666667,0,1,250,2307,1874.7205,0.187377329865626,93.736025,6.64900870666667,-0.438896496843008
475,0.05,0.5,0.2,0.666666666666667,1,0,619.559380317206,2957.35279466737,2711.9322357339,0.0829865680469407,133.622477857809,9.4782877627139,-0.0981093705485521
476,0.05,0.5,0.2,0.666666666666667,1,1,619.559380317206,2957.35279466737,2395.0027357339,0.190153186981104,119.750136786695,8.49427636940289,-0.46047177302729
477,0.05,0.5,0.2,1,0,0,250,2307,2191.65,0.0499999999999999,109.5825,11.659578,-0.0765340943642698
478,0.05,0.5,0.2,1,0,1,250,2307,1874.7205,0.187377329865626,93.736025,9.97351306,-0.438896496843008
479,0.05,0.5,0.2,1,1,0,619.559380317206,2957.35279466737,2711.9322357339,0.0829865680469407,133.622477857809,14.2174316440709,-0.0981093705485521
480,0.05,0.5,0.2,1,1,1,619.559380317206,2957.35279466737,2395.0027357339,0.190153186981104,119.750136786695,12.7414145541043,-0.46047177302729
481,0.05,0.5,0.3,0,0,0,250,2307,2191.65,0.0499999999999999,109.5825,0,-0.0765340943642698
482,0.05,0.5,0.3,0,0,1,250,2307,1874.7205,0.187377329865626,93.736025,0,-0.438896496843008
483,0.05,0.5,0.3,0,1,0,619.559380317206,2957.35279466737,2646.89695626716,0.104977613411568,130.370713884472,0,-0.0981093705485521
484,0.05,0.5,0.3,0,1,1,619.559380317206,2957.35279466737,2329.96745626716,0.212144232345731,116.498372813358,0,-0.46047177302729
485,0.05,0.5,0.3,0.333333333333333,0,0,250,2307,2191.65,0.0499999999999999,109.5825,3.886526,-0.0765340943642698
486,0.05,0.5,0.3,0.333333333333333,0,1,250,2307,1874.7205,0.187377329865626,93.736025,3.32450435333333,-0.438896496843008
487,0.05,0.5,0.3,0.333333333333333,1,0,619.559380317206,2957.35279466737,2646.89695626716,0.104977613411568,130.370713884472,4.62381465243594,-0.0981093705485521
488,0.05,0.5,0.3,0.333333333333333,1,1,619.559380317206,2957.35279466737,2329.96745626716,0.212144232345731,116.498372813358,4.13180895578043,-0.46047177302729
489,0.05,0.5,0.3,0.666666666666667,0,0,250,2307,2191.65,0.0499999999999999,109.5825,7.773052,-0.0765340943642698
490,0.05,0.5,0.3,0.666666666666667,0,1,250,2307,1874.7205,0.187377329865626,93.736025,6.64900870666667,-0.438896496843008
491,0.05,0.5,0.3,0.666666666666667,1,0,619.559380317206,2957.35279466737,2646.89695626716,0.104977613411568,130.370713884472,9.24762930487188,-0.0981093705485521
492,0.05,0.5,0.3,0.666666666666667,1,1,619.559380317206,2957.35279466737,2329.96745626716,0.212144232345731,116.498372813358,8.26361791156086,-0.46047177302729
493,0.05,0.5,0.3,1,0,0,250,2307,2191.65,0.0499999999999999,109.5825,11.659578,-0.0765340943642698
494,0.05,0.5,0.3,1,0,1,250,2307,1874.7205,0.187377329865626,93.736025,9.97351306,-0.438896496843008
495,0.05,0.5,0.3,1,1,0,619.559380317206,2957.35279466737,2646.89695626716,0.104977613411568,130.370713884472,13.8714439573078,-0.0981093705485521
496,0.05,0.5,0.3,1,1,1,619.559380317206,2957.35279466737,2329.96745626716,0.212144232345731,116.498372813358,12.3954268673413,-0.46047177302729
497,0.05,0.5,0.5,0,0,0,250,2307,2191.65,0.0499999999999999,109.5825,0,-0.0765340943642698
498,0.05,0.5,0.5,0,0,1,250,2307,1874.7205,0.187377329865626,93.736025,0,-0.438896496843008
499,0.05,0.5,0.5,0,1,0,619.559380317206,2957.35279466737,2516.82639733369,0.148959704140822,123.867185937798,0,-0.0981093705485521
500,0.05,0.5,0.5,0,1,1,619.559380317206,2957.35279466737,2199.89689733369,0.256126323074985,109.994844866684,0,-0.46047177302729
501,0.05,0.5,0.5,0.333333333333333,0,0,250,2307,2191.65,0.0499999999999999,109.5825,3.886526,-0.0765340943642698
502,0.05,0.5,0.5,0.333333333333333,0,1,250,2307,1874.7205,0.187377329865626,93.736025,3.32450435333333,-0.438896496843008
503,0.05,0.5,0.5,0.333333333333333,1,0,619.559380317206,2957.35279466737,2516.82639733369,0.148959704140822,123.867185937798,4.39315619459391,-0.0981093705485521
504,0.05,0.5,0.5,0.333333333333333,1,1,619.559380317206,2957.35279466737,2199.89689733369,0.256126323074985,109.994844866684,3.9011504979384,-0.46047177302729
505,0.05,0.5,0.5,0.666666666666667,0,0,250,2307,2191.65,0.0499999999999999,109.5825,7.773052,-0.0765340943642698
506,0.05,0.5,0.5,0.666666666666667,0,1,250,2307,1874.7205,0.187377329865626,93.736025,6.64900870666667,-0.438896496843008
507,0.05,0.5,0.5,0.666666666666667,1,0,619.559380317206,2957.35279466737,2516.82639733369,0.148959704140822,123.867185937798,8.78631238918782,-0.0981093705485521
508,0.05,0.5,0.5,0.666666666666667,1,1,619.559380317206,2957.35279466737,2199.89689733369,0.256126323074985,109.994844866684,7.80230099587681,-0.46047177302729
509,0.05,0.5,0.5,1,0,0,250,2307,2191.65,0.0499999999999999,109.5825,11.659578,-0.0765340943642698
510,0.05,0.5,0.5,1,0,1,250,2307,1874.7205,0.187377329865626,93.736025,9.97351306,-0.438896496843008
511,0.05,0.5,0.5,1,1,0,619.559380317206,2957.35279466737,2516.82639733369,0.148959704140822,123.867185937798,13.1794685837817,-0.0981093705485521
512,0.05,0.5,0.5,1,1,1,619.559380317206,2957.35279466737,2199.89689733369,0.256126323074985,109.994844866684,11.7034514938152,-0.46047177302729
513,0.05,0.75,0.1,0,0,0,250,2307,2191.65,0.0499999999999999,109.5825,0,-0.114801141546405
514,0.05,0.75,0.1,0,0,1,250,2307,1874.7205,0.187377329865626,93.736025,0,-0.477163544025143
515,0.05,0.75,0.1,0,1,0,619.559380317206,2957.35279466737,2776.96751520063,0.0609955226823137,136.874241831146,0,-0.147164055822828
516,0.05,0.75,0.1,0,1,1,619.559380317206,2957.35279466737,2460.03801520063,0.168162141616477,123.001900760032,0,-0.509526458301566
517,0.05,0.75,0.1,0.333333333333333,0,0,250,2307,2191.65,0.0499999999999999,109.5825,3.886526,-0.114801141546405
518,0.05,0.75,0.1,0.333333333333333,0,1,250,2307,1874.7205,0.187377329865626,93.736025,3.32450435333333,-0.477163544025143
519,0.05,0.75,0.1,0.333333333333333,1,0,619.559380317206,2957.35279466737,2776.96751520063,0.0609955226823137,136.874241831146,4.85447311027797,-0.147164055822828
520,0.05,0.75,0.1,0.333333333333333,1,1,619.559380317206,2957.35279466737,2460.03801520063,0.168162141616477,123.001900760032,4.36246741362246,-0.509526458301566
521,0.05,0.75,0.1,0.666666666666667,0,0,250,2307,2191.65,0.0499999999999999,109.5825,7.773052,-0.114801141546405
522,0.05,0.75,0.1,0.666666666666667,0,1,250,2307,1874.7205,0.187377329865626,93.736025,6.64900870666667,-0.477163544025143
523,0.05,0.75,0.1,0.666666666666667,1,0,619.559380317206,2957.35279466737,2776.96751520063,0.0609955226823137,136.874241831146,9.70894622055593,-0.147164055822828
524,0.05,0.75,0.1,0.666666666666667,1,1,619.559380317206,2957.35279466737,2460.03801520063,0.168162141616477,123.001900760032,8.72493482724492,-0.509526458301566
525,0.05,0.75,0.1,1,0,0,250,2307,2191.65,0.0499999999999999,109.5825,11.659578,-0.114801141546405
526,0.05,0.75,0.1,1,0,1,250,2307,1874.7205,0.187377329865626,93.736025,9.97351306,-0.477163544025143
527,0.05,0.75,0.1,1,1,0,619.559380317206,2957.35279466737,2776.96751520063,0.0609955226823137,136.874241831146,14.5634193308339,-0.147164055822828
528,0.05,0.75,0.1,1,1,1,619.559380317206,2957.35279466737,2460.03801520063,0.168162141616477,123.001900760032,13.0874022408674,-0.509526458301566
529,0.05,0.75,0.2,0,0,0,250,2307,2191.65,0.0499999999999999,109.5825,0,-0.114801141546405
530,0.05,0.75,0.2,0,0,1,250,2307,1874.7205,0.187377329865626,93.736025,0,-0.477163544025143
531,0.05,0.75,0.2,0,1,0,619.559380317206,2957.35279466737,2711.9322357339,0.0829865680469407,133.622477857809,0,-0.147164055822828
532,0.05,0.75,0.2,0,1,1,619.559380317206,2957.35279466737,2395.0027357339,0.190153186981104,119.750136786695,0,-0.509526458301566
533,0.05,0.75,0.2,0.333333333333333,0,0,250,2307,2191.65,0.0499999999999999,109.5825,3.886526,-0.114801141546405
534,0.05,0.75,0.2,0.333333333333333,0,1,250,2307,1874.7205,0.187377329865626,93.736025,3.32450435333333,-0.477163544025143
535,0.05,0.75,0.2,0.333333333333333,1,0,619.559380317206,2957.35279466737,2711.9322357339,0.0829865680469407,133.622477857809,4.73914388135695,-0.147164055822828
536,0.05,0.75,0.2,0.333333333333333,1,1,619.559380317206,2957.35279466737,2395.0027357339,0.190153186981104,119.750136786695,4.24713818470145,-0.509526458301566
537,0.05,0.75,0.2,0.666666666666667,0,0,250,2307,2191.65,0.0499999999999999,109.5825,7.773052,-0.114801141546405
538,0.05,0.75,0.2,0.666666666666667,0,1,250,2307,1874.7205,0.187377329865626,93.736025,6.64900870666667,-0.477163544025143
539,0.05,0.75,0.2,0.666666666666667,1,0,619.559380317206,2957.35279466737,2711.9322357339,0.0829865680469407,133.622477857809,9.4782877627139,-0.147164055822828
540,0.05,0.75,0.2,0.666666666666667,1,1,619.559380317206,2957.35279466737,2395.0027357339,0.190153186981104,119.750136786695,8.49427636940289,-0.509526458301566
541,0.05,0.75,0.2,1,0,0,250,2307,2191.65,0.0499999999999999,109.5825,11.659578,-0.114801141546405
542,0.05,0.75,0.2,1,0,1,250,2307,1874.7205,0.187377329865626,93.736025,9.97351306,-0.477163544025143
543,0.05,0.75,0.2,1,1,0,619.559380317206,2957.35279466737,2711.9322357339,0.0829865680469407,133.622477857809,14.2174316440709,-0.147164055822828
544,0.05,0.75,0.2,1,1,1,619.559380317206,2957.35279466737,2395.0027357339,0.190153186981104,119.750136786695,12.7414145541043,-0.509526458301566
545,0.05,0.75,0.3,0,0,0,250,2307,2191.65,0.0499999999999999,109.5825,0,-0.114801141546405
546,0.05,0.75,0.3,0,0,1,250,2307,1874.7205,0.187377329865626,93.736025,0,-0.477163544025143
547,0.05,0.75,0.3,0,1,0,619.559380317206,2957.35279466737,2646.89695626716,0.104977613411568,130.370713884472,0,-0.147164055822828
548,0.05,0.75,0.3,0,1,1,619.559380317206,2957.35279466737,2329.96745626716,0.212144232345731,116.498372813358,0,-0.509526458301566
549,0.05,0.75,0.3,0.333333333333333,0,0,250,2307,2191.65,0.0499999999999999,109.5825,3.886526,-0.114801141546405
550,0.05,0.75,0.3,0.333333333333333,0,1,250,2307,1874.7205,0.187377329865626,93.736025,3.32450435333333,-0.477163544025143
551,0.05,0.75,0.3,0.333333333333333,1,0,619.559380317206,2957.35279466737,2646.89695626716,0.104977613411568,130.370713884472,4.62381465243594,-0.147164055822828
552,0.05,0.75,0.3,0.333333333333333,1,1,619.559380317206,2957.35279466737,2329.96745626716,0.212144232345731,116.498372813358,4.13180895578043,-0.509526458301566
553,0.05,0.75,0.3,0.666666666666667,0,0,250,2307,2191.65,0.0499999999999999,109.5825,7.773052,-0.114801141546405
554,0.05,0.75,0.3,0.666666666666667,0,1,250,2307,1874.7205,0.187377329865626,93.736025,6.64900870666667,-0.477163544025143
555,0.05,0.75,0.3,0.666666666666667,1,0,619.559380317206,2957.35279466737,2646.89695626716,0.104977613411568,130.370713884472,9.24762930487188,-0.147164055822828
556,0.05,0.75,0.3,0.666666666666667,1,1,619.559380317206,2957.35279466737,2329.96745626716,0.212144232345731,116.498372813358,8.26361791156086,-0.509526458301566
557,0.05,0.75,0.3,1,0,0,250,2307,2191.65,0.0499999999999999,109.5825,11.659578,-0.114801141546405
558,0.05,0.75,0.3,1,0,1,250,2307,1874.7205,0.187377329865626,93.736025,9.97351306,-0.477163544025143
559,0.05,0.75,0.3,1,1,0,619.559380317206,2957.35279466737,2646.89695626716,0.104977613411568,130.370713884472,13.8714439573078,-0.147164055822828
560,0.05,0.75,0.3,1,1,1,619.559380317206,2957.35279466737,2329.96745626716,0.212144232345731,116.498372813358,12.3954268673413,-0.509526458301566
561,0.05,0.75,0.5,0,0,0,250,2307,2191.65,0.0499999999999999,109.5825,0,-0.114801141546405
562,0.05,0.75,0.5,0,0,1,250,2307,1874.7205,0.187377329865626,93.736025,0,-0.477163544025143
563,0.05,0.75,0.5,0,1,0,619.559380317206,2957.35279466737,2516.82639733369,0.148959704140822,123.867185937798,0,-0.147164055822828
564,0.05,0.75,0.5,0,1,1,619.559380317206,2957.35279466737,2199.89689733369,0.256126323074985,109.994844866684,0,-0.509526458301566
565,0.05,0.75,0.5,0.333333333333333,0,0,250,2307,2191.65,0.0499999999999999,109.5825,3.886526,-0.114801141546405
566,0.05,0.75,0.5,0.333333333333333,0,1,250,2307,1874.7205,0.187377329865626,93.736025,3.32450435333333,-0.477163544025143
567,0.05,0.75,0.5,0.333333333333333,1,0,619.559380317206,2957.35279466737,2516.82639733369,0.148959704140822,123.867185937798,4.39315619459391,-0.147164055822828
568,0.05,0.75,0.5,0.333333333333333,1,1,619.559380317206,2957.35279466737,2199.89689733369,0.256126323074985,109.994844866684,3.9011504979384,-0.509526458301566
569,0.05,0.75,0.5,0.666666666666667,0,0,250,2307,2191.65,0.0499999999999999,109.5825,7.773052,-0.114801141546405
570,0.05,0.75,0.5,0.666666666666667,0,1,250,2307,1874.7205,0.187377329865626,93.736025,6.64900870666667,-0.477163544025143
571,0.05,0.75,0.5,0.666666666666667,1,0,619.559380317206,2957.35279466737,2516.82639733369,0.148959704140822,123.867185937798,8.78631238918782,-0.147164055822828
572,0.05,0.75,0.5,0.666666666666667,1,1,619.559380317206,2957.35279466737,2199.89689733369,0.256126323074985,109.994844866684,7.80230099587681,-0.509526458301566
573,0.05,0.75,0.5,1,0,0,250,2307,2191.65,0.0499999999999999,109.5825,11.659578,-0.114801141546405
574,0.05,0.75,0.5,1,0,1,250,2307,1874.7205,0.187377329865626,93.736025,9.97351306,-0.477163544025143
575,0.05,0.75,0.5,1,1,0,619.559380317206,2957.35279466737,2516.82639733369,0.148959704140822,123.867185937798,13.1794685837817,-0.147164055822828
576,0.05,0.75,0.5,1,1,1,619.559380317206,2957.35279466737,2199.89689733369,0.256126323074985,109.994844866684,11.7034514938152,-0.509526458301566
577,0.05,1,0.1,0,0,0,250,2307,2191.65,0.0499999999999999,109.5825,0,-0.15306818872854
578,0.05,1,0.1,0,0,1,250,2307,1874.7205,0.187377329865626,93.736025,0,-0.515430591207278
579,0.05,1,0.1,0,1,0,619.559380317206,2957.35279466737,2776.96751520063,0.0609955226823137,136.874241831146,0,-0.196218741097104
580,0.05,1,0.1,0,1,1,619.559380317206,2957.35279466737,2460.03801520063,0.168162141616477,123.001900760032,0,-0.558581143575842
581,0.05,1,0.1,0.333333333333333,0,0,250,2307,2191.65,0.0499999999999999,109.5825,3.886526,-0.15306818872854
582,0.05,1,0.1,0.333333333333333,0,1,250,2307,1874.7205,0.187377329865626,93.736025,3.32450435333333,-0.515430591207278
583,0.05,1,0.1,0.333333333333333,1,0,619.559380317206,2957.35279466737,2776.96751520063,0.0609955226823137,136.874241831146,4.85447311027797,-0.196218741097104
584,0.05,1,0.1,0.333333333333333,1,1,619.559380317206,2957.35279466737,2460.03801520063,0.168162141616477,123.001900760032,4.36246741362246,-0.558581143575842
585,0.05,1,0.1,0.666666666666667,0,0,250,2307,2191.65,0.0499999999999999,109.5825,7.773052,-0.15306818872854
586,0.05,1,0.1,0.666666666666667,0,1,250,2307,1874.7205,0.187377329865626,93.736025,6.64900870666667,-0.515430591207278
587,0.05,1,0.1,0.666666666666667,1,0,619.559380317206,2957.35279466737,2776.96751520063,0.0609955226823137,136.874241831146,9.70894622055593,-0.196218741097104
588,0.05,1,0.1,0.666666666666667,1,1,619.559380317206,2957.35279466737,2460.03801520063,0.168162141616477,123.001900760032,8.72493482724492,-0.558581143575842
589,0.05,1,0.1,1,0,0,250,2307,2191.65,0.0499999999999999,109.5825,11.659578,-0.15306818872854
590,0.05,1,0.1,1,0,1,250,2307,1874.7205,0.187377329865626,93.736025,9.97351306,-0.515430591207278
591,0.05,1,0.1,1,1,0,619.559380317206,2957.35279466737,2776.96751520063,0.0609955226823137,136.874241831146,14.5634193308339,-0.196218741097104
592,0.05,1,0.1,1,1,1,619.559380317206,2957.35279466737,2460.03801520063,0.168162141616477,123.001900760032,13.0874022408674,-0.558581143575842
593,0.05,1,0.2,0,0,0,250,2307,2191.65,0.0499999999999999,109.5825,0,-0.15306818872854
594,0.05,1,0.2,0,0,1,250,2307,1874.7205,0.187377329865626,93.736025,0,-0.515430591207278
595,0.05,1,0.2,0,1,0,619.559380317206,2957.35279466737,2711.9322357339,0.0829865680469407,133.622477857809,0,-0.196218741097104
596,0.05,1,0.2,0,1,1,619.559380317206,2957.35279466737,2395.0027357339,0.190153186981104,119.750136786695,0,-0.558581143575842
597,0.05,1,0.2,0.333333333333333,0,0,250,2307,2191.65,0.0499999999999999,109.5825,3.886526,-0.15306818872854
598,0.05,1,0.2,0.333333333333333,0,1,250,2307,1874.7205,0.187377329865626,93.736025,3.32450435333333,-0.515430591207278
599,0.05,1,0.2,0.333333333333333,1,0,619.559380317206,2957.35279466737,2711.9322357339,0.0829865680469407,133.622477857809,4.73914388135695,-0.196218741097104
600,0.05,1,0.2,0.333333333333333,1,1,619.559380317206,2957.35279466737,2395.0027357339,0.190153186981104,119.750136786695,4.24713818470145,-0.558581143575842
601,0.05,1,0.2,0.666666666666667,0,0,250,2307,2191.65,0.0499999999999999,109.5825,7.773052,-0.15306818872854
602,0.05,1,0.2,0.666666666666667,0,1,250,2307,1874.7205,0.187377329865626,93.736025,6.64900870666667,-0.515430591207278
603,0.05,1,0.2,0.666666666666667,1,0,619.559380317206,2957.35279466737,2711.9322357339,0.0829865680469407,133.622477857809,9.4782877627139,-0.196218741097104
604,0.05,1,0.2,0.666666666666667,1,1,619.559380317206,2957.35279466737,2395.0027357339,0.190153186981104,119.750136786695,8.49427636940289,-0.558581143575842
605,0.05,1,0.2,1,0,0,250,2307,2191.65,0.0499999999999999,109.5825,11.659578,-0.15306818872854
606,0.05,1,0.2,1,0,1,250,2307,1874.7205,0.187377329865626,93.736025,9.97351306,-0.515430591207278
607,0.05,1,0.2,1,1,0,619.559380317206,2957.35279466737,2711.9322357339,0.0829865680469407,133.622477857809,14.2174316440709,-0.196218741097104
608,0.05,1,0.2,1,1,1,619.559380317206,2957.35279466737,2395.0027357339,0.190153186981104,119.750136786695,12.7414145541043,-0.558581143575842
609,0.05,1,0.3,0,0,0,250,2307,2191.65,0.0499999999999999,109.5825,0,-0.15306818872854
610,0.05,1,0.3,0,0,1,250,2307,1874.7205,0.187377329865626,93.736025,0,-0.515430591207278
611,0.05,1,0.3,0,1,0,619.559380317206,2957.35279466737,2646.89695626716,0.104977613411568,130.370713884472,0,-0.196218741097104
612,0.05,1,0.3,0,1,1,619.559380317206,2957.35279466737,2329.96745626716,0.212144232345731,116.498372813358,0,-0.558581143575842
613,0.05,1,0.3,0.333333333333333,0,0,250,2307,2191.65,0.0499999999999999,109.5825,3.886526,-0.15306818872854
614,0.05,1,0.3,0.333333333333333,0,1,250,2307,1874.7205,0.187377329865626,93.736025,3.32450435333333,-0.515430591207278
615,0.05,1,0.3,0.333333333333333,1,0,619.559380317206,2957.35279466737,2646.89695626716,0.104977613411568,130.370713884472,4.62381465243594,-0.196218741097104
616,0.05,1,0.3,0.333333333333333,1,1,619.559380317206,2957.35279466737,2329.96745626716,0.212144232345731,116.498372813358,4.13180895578043,-0.558581143575842
617,0.05,1,0.3,0.666666666666667,0,0,250,2307,2191.65,0.0499999999999999,109.5825,7.773052,-0.15306818872854
618,0.05,1,0.3,0.666666666666667,0,1,250,2307,1874.7205,0.187377329865626,93.736025,6.64900870666667,-0.515430591207278
619,0.05,1,0.3,0.666666666666667,1,0,619.559380317206,2957.35279466737,2646.89695626716,0.104977613411568,130.370713884472,9.24762930487188,-0.196218741097104
620,0.05,1,0.3,0.666666666666667,1,1,619.559380317206,2957.35279466737,2329.96745626716,0.212144232345731,116.498372813358,8.26361791156086,-0.558581143575842
621,0.05,1,0.3,1,0,0,250,2307,2191.65,0.0499999999999999,109.5825,11.659578,-0.15306818872854
622,0.05,1,0.3,1,0,1,250,2307,1874.7205,0.187377329865626,93.736025,9.97351306,-0.515430591207278
623,0.05,1,0.3,1,1,0,619.559380317206,2957.35279466737,2646.89695626716,0.104977613411568,130.370713884472,13.8714439573078,-0.196218741097104
624,0.05,1,0.3,1,1,1,619.559380317206,2957.35279466737,2329.96745626716,0.212144232345731,116.498372813358,12.3954268673413,-0.558581143575842
625,0.05,1,0.5,0,0,0,250,2307,2191.65,0.0499999999999999,109.5825,0,-0.15306818872854
626,0.05,1,0.5,0,0,1,250,2307,1874.7205,0.187377329865626,93.736025,0,-0.515430591207278
627,0.05,1,0.5,0,1,0,619.559380317206,2957.35279466737,2516.82639733369,0.148959704140822,123.867185937798,0,-0.196218741097104
628,0.05,1,0.5,0,1,1,619.559380317206,2957.35279466737,2199.89689733369,0.256126323074985,109.994844866684,0,-0.558581143575842
629,0.05,1,0.5,0.333333333333333,0,0,250,2307,2191.65,0.0499999999999999,109.5825,3.886526,-0.15306818872854
630,0.05,1,0.5,0.333333333333333,0,1,250,2307,1874.7205,0.187377329865626,93.736025,3.32450435333333,-0.515430591207278
631,0.05,1,0.5,0.333333333333333,1,0,619.559380317206,2957.35279466737,2516.82639733369,0.148959704140822,123.867185937798,4.39315619459391,-0.196218741097104
632,0.05,1,0.5,0.333333333333333,1,1,619.559380317206,2957.35279466737,2199.89689733369,0.256126323074985,109.994844866684,3.9011504979384,-0.558581143575842
633,0.05,1,0.5,0.666666666666667,0,0,250,2307,2191.65,0.0499999999999999,109.5825,7.773052,-0.15306818872854
634,0.05,1,0.5,0.666666666666667,0,1,250,2307,1874.7205,0.187377329865626,93.736025,6.64900870666667,-0.515430591207278
635,0.05,1,0.5,0.666666666666667,1,0,619.559380317206,2957.35279466737,2516.82639733369,0.148959704140822,123.867185937798,8.78631238918782,-0.196218741097104
636,0.05,1,0.5,0.666666666666667,1,1,619.559380317206,2957.35279466737,2199.89689733369,0.256126323074985,109.994844866684,7.80230099587681,-0.558581143575842
637,0.05,1,0.5,1,0,0,250,2307,2191.65,0.0499999999999999,109.5825,11.659578,-0.15306818872854
638,0.05,1,0.5,1,0,1,250,2307,1874.7205,0.187377329865626,93.736025,9.97351306,-0.515430591207278
639,0.05,1,0.5,1,1,0,619.559380317206,2957.35279466737,2516.82639733369,0.148959704140822,123.867185937798,13.1794685837817,-0.196218741097104
640,0.05,1,0.5,1,1,1,619.559380317206,2957.35279466737,2199.89689733369,0.256126323074985,109.994844866684,11.7034514938152,-0.558581143575842
641,0.1,0,0.1,0,0,0,250,2307,2076.3,0.0999999999999999,103.815,0,0
642,0.1,0,0.1,0,0,1,250,2307,1776.051,0.230146944083225,88.80255,0,-0.362362402478738
643,0.1,0,0.1,0,1,0,619.559380317206,2957.35279466737,2661.61751520064,0.0999999999999999,131.106741831146,0,0
644,0.1,0,0.1,0,1,1,619.559380317206,2957.35279466737,2361.36851520063,0.201526270569207,118.068425760032,0,-0.362362402478738
645,0.1,0,0.1,0.333333333333333,0,0,250,2307,2076.3,0.0999999999999999,103.815,3.681972,0
646,0.1,0,0.1,0.333333333333333,0,1,250,2307,1776.051,0.230146944083225,88.80255,3.14953044,-0.362362402478738
647,0.1,0,0.1,0.333333333333333,1,0,619.559380317206,2957.35279466737,2661.61751520064,0.0999999999999999,131.106741831146,4.64991911027797,0
648,0.1,0,0.1,0.333333333333333,1,1,619.559380317206,2957.35279466737,2361.36851520063,0.201526270569207,118.068425760032,4.18749350028913,-0.362362402478738
649,0.1,0,0.1,0.666666666666667,0,0,250,2307,2076.3,0.0999999999999999,103.815,7.363944,0
650,0.1,0,0.1,0.666666666666667,0,1,250,2307,1776.051,0.230146944083225,88.80255,6.29906088,-0.362362402478738
651,0.1,0,0.1,0.666666666666667,1,0,619.559380317206,2957.35279466737,2661.61751520064,0.0999999999999999,131.106741831146,9.29983822055593,0
652,0.1,0,0.1,0.666666666666667,1,1,619.559380317206,2957.35279466737,2361.36851520063,0.201526270569207,118.068425760032,8.37498700057825,-0.362362402478738
653,0.1,0,0.1,1,0,0,250,2307,2076.3,0.0999999999999999,103.815,11.045916,0
654,0.1,0,0.1,1,0,1,250,2307,1776.051,0.230146944083225,88.80255,9.44859132,-0.362362402478738
655,0.1,0,0.1,1,1,0,619.559380317206,2957.35279466737,2661.61751520064,0.0999999999999999,131.106741831146,13.9497573308339,0
656,0.1,0,0.1,1,1,1,619.559380317206,2957.35279466737,2361.36851520063,0.201526270569207,118.068425760032,12.5624805008674,-0.362362402478738
657,0.1,0,0.2,0,0,0,250,2307,2076.3,0.0999999999999999,103.815,0,0
658,0.1,0,0.2,0,0,1,250,2307,1776.051,0.230146944083225,88.80255,0,-0.362362402478738
659,0.1,0,0.2,0,1,0,619.559380317206,2957.35279466737,2596.5822357339,0.121991045364627,127.854977857809,0,0
660,0.1,0,0.2,0,1,1,619.559380317206,2957.35279466737,2296.3332357339,0.223517315933834,114.816661786695,0,-0.362362402478738
661,0.1,0,0.2,0.333333333333333,0,0,250,2307,2076.3,0.0999999999999999,103.815,3.681972,0
662,0.1,0,0.2,0.333333333333333,0,1,250,2307,1776.051,0.230146944083225,88.80255,3.14953044,-0.362362402478738
663,0.1,0,0.2,0.333333333333333,1,0,619.559380317206,2957.35279466737,2596.5822357339,0.121991045364627,127.854977857809,4.53458988135695,0
664,0.1,0,0.2,0.333333333333333,1,1,619.559380317206,2957.35279466737,2296.3332357339,0.223517315933834,114.816661786695,4.07216427136811,-0.362362402478738
665,0.1,0,0.2,0.666666666666667,0,0,250,2307,2076.3,0.0999999999999999,103.815,7.363944,0
666,0.1,0,0.2,0.666666666666667,0,1,250,2307,1776.051,0.230146944083225,88.80255,6.29906088,-0.362362402478738
667,0.1,0,0.2,0.666666666666667,1,0,619.559380317206,2957.35279466737,2596.5822357339,0.121991045364627,127.854977857809,9.0691797627139,0
668,0.1,0,0.2,0.666666666666667,1,1,619.559380317206,2957.35279466737,2296.3332357339,0.223517315933834,114.816661786695,8.14432854273622,-0.362362402478738
669,0.1,0,0.2,1,0,0,250,2307,2076.3,0.0999999999999999,103.815,11.045916,0
670,0.1,0,0.2,1,0,1,250,2307,1776.051,0.230146944083225,88.80255,9.44859132,-0.362362402478738
671,0.1,0,0.2,1,1,0,619.559380317206,2957.35279466737,2596.5822357339,0.121991045364627,127.854977857809,13.6037696440709,0
672,0.1,0,0.2,1,1,1,619.559380317206,2957.35279466737,2296.3332357339,0.223517315933834,114.816661786695,12.2164928141043,-0.362362402478738
673,0.1,0,0.3,0,0,0,250,2307,2076.3,0.0999999999999999,103.815,0,0
674,0.1,0,0.3,0,0,1,250,2307,1776.051,0.230146944083225,88.80255,0,-0.362362402478738
675,0.1,0,0.3,0,1,0,619.559380317206,2957.35279466737,2531.54695626716,0.143982090729254,124.603213884472,0,0
676,0.1,0,0.3,0,1,1,619.559380317206,2957.35279466737,2231.29795626716,0.245508361298461,111.564897813358,0,-0.362362402478738
677,0.1,0,0.3,0.333333333333333,0,0,250,2307,2076.3,0.0999999999999999,103.815,3.681972,0
678,0.1,0,0.3,0.333333333333333,0,1,250,2307,1776.051,0.230146944083225,88.80255,3.14953044,-0.362362402478738
679,0.1,0,0.3,0.333333333333333,1,0,619.559380317206,2957.35279466737,2531.54695626716,0.143982090729254,124.603213884472,4.41926065243594,0
680,0.1,0,0.3,0.333333333333333,1,1,619.559380317206,2957.35279466737,2231.29795626716,0.245508361298461,111.564897813358,3.9568350424471,-0.362362402478738
681,0.1,0,0.3,0.666666666666667,0,0,250,2307,2076.3,0.0999999999999999,103.815,7.363944,0
682,0.1,0,0.3,0.666666666666667,0,1,250,2307,1776.051,0.230146944083225,88.80255,6.29906088,-0.362362402478738
683,0.1,0,0.3,0.666666666666667,1,0,619.559380317206,2957.35279466737,2531.54695626716,0.143982090729254,124.603213884472,8.83852130487188,0
684,0.1,0,0.3,0.666666666666667,1,1,619.559380317206,2957.35279466737,2231.29795626716,0.245508361298461,111.564897813358,7.9136700848942,-0.362362402478738
685,0.1,0,0.3,1,0,0,250,2307,2076.3,0.0999999999999999,103.815,11.045916,0
686,0.1,0,0.3,1,0,1,250,2307,1776.051,0.230146944083225,88.80255,9.44859132,-0.362362402478738
687,0.1,0,0.3,1,1,0,619.559380317206,2957.35279466737,2531.54695626716,0.143982090729254,124.603213884472,13.2577819573078,0
688,0.1,0,0.3,1,1,1,619.559380317206,2957.35279466737,2231.29795626716,0.245508361298461,111.564897813358,11.8705051273413,-0.362362402478738
689,0.1,0,0.5,0,0,0,250,2307,2076.3,0.0999999999999999,103.815,0,0
690,0.1,0,0.5,0,0,1,250,2307,1776.051,0.230146944083225,88.80255,0,-0.362362402478738
691,0.1,0,0.5,0,1,0,619.559380317206,2957.35279466737,2401.47639733369,0.187964181458509,118.099685937798,0,0
692,0.1,0,0.5,0,1,1,619.559380317206,2957.35279466737,2101.22739733369,0.289490452027716,105.061369866684,0,-0.362362402478738
693,0.1,0,0.5,0.333333333333333,0,0,250,2307,2076.3,0.0999999999999999,103.815,3.681972,0
694,0.1,0,0.5,0.333333333333333,0,1,250,2307,1776.051,0.230146944083225,88.80255,3.14953044,-0.362362402478738
695,0.1,0,0.5,0.333333333333333,1,0,619.559380317206,2957.35279466737,2401.47639733369,0.187964181458509,118.099685937798,4.18860219459391,0
696,0.1,0,0.5,0.333333333333333,1,1,619.559380317206,2957.35279466737,2101.22739733369,0.289490452027716,105.061369866684,3.72617658460507,-0.362362402478738
697,0.1,0,0.5,0.666666666666667,0,0,250,2307,2076.3,0.0999999999999999,103.815,7.363944,0
698,0.1,0,0.5,0.666666666666667,0,1,250,2307,1776.051,0.230146944083225,88.80255,6.29906088,-0.362362402478738
699,0.1,0,0.5,0.666666666666667,1,0,619.559380317206,2957.35279466737,2401.47639733369,0.187964181458509,118.099685937798,8.37720438918782,0
700,0.1,0,0.5,0.666666666666667,1,1,619.559380317206,2957.35279466737,2101.22739733369,0.289490452027716,105.061369866684,7.45235316921014,-0.362362402478738
701,0.1,0,0.5,1,0,0,250,2307,2076.3,0.0999999999999999,103.815,11.045916,0
702,0.1,0,0.5,1,0,1,250,2307,1776.051,0.230146944083225,88.80255,9.44859132,-0.362362402478738
703,0.1,0,0.5,1,1,0,619.559380317206,2957.35279466737,2401.47639733369,0.187964181458509,118.099685937798,12.5658065837817,0
704,0.1,0,0.5,1,1,1,619.559380317206,2957.35279466737,2101.22739733369,0.289490452027716,105.061369866684,11.1785297538152,-0.362362402478738
705,0.1,0.25,0.1,0,0,0,250,2307,2076.3,0.0999999999999999,103.815,0,-0.0765340943642698
706,0.1,0.25,0.1,0,0,1,250,2307,1776.051,0.230146944083225,88.80255,0,-0.438896496843008
707,0.1,0.25,0.1,0,1,0,619.559380317206,2957.35279466737,2661.61751520064,0.0999999999999999,131.106741831146,0,-0.0981093705485521
708,0.1,0.25,0.1,0,1,1,619.559380317206,2957.35279466737,2361.36851520063,0.201526270569207,118.068425760032,0,-0.46047177302729
709,0.1,0.25,0.1,0.333333333333333,0,0,250,2307,2076.3,0.0999999999999999,103.815,3.681972,-0.0765340943642698
710,0.1,0.25,0.1,0.333333333333333,0,1,250,2307,1776.051,0.230146944083225,88.80255,3.14953044,-0.438896496843008
711,0.1,0.25,0.1,0.333333333333333,1,0,619.559380317206,2957.35279466737,2661.61751520064,0.0999999999999999,131.106741831146,4.64991911027797,-0.0981093705485521
712,0.1,0.25,0.1,0.333333333333333,1,1,619.559380317206,2957.35279466737,2361.36851520063,0.201526270569207,118.068425760032,4.18749350028913,-0.46047177302729
713,0.1,0.25,0.1,0.666666666666667,0,0,250,2307,2076.3,0.0999999999999999,103.815,7.363944,-0.0765340943642698
714,0.1,0.25,0.1,0.666666666666667,0,1,250,2307,1776.051,0.230146944083225,88.80255,6.29906088,-0.438896496843008
715,0.1,0.25,0.1,0.666666666666667,1,0,619.559380317206,2957.35279466737,2661.61751520064,0.0999999999999999,131.106741831146,9.29983822055593,-0.0981093705485521
716,0.1,0.25,0.1,0.666666666666667,1,1,619.559380317206,2957.35279466737,2361.36851520063,0.201526270569207,118.068425760032,8.37498700057825,-0.46047177302729
717,0.1,0.25,0.1,1,0,0,250,2307,2076.3,0.0999999999999999,103.815,11.045916,-0.0765340943642698
718,0.1,0.25,0.1,1,0,1,250,2307,1776.051,0.230146944083225,88.80255,9.44859132,-0.438896496843008
719,0.1,0.25,0.1,1,1,0,619.559380317206,2957.35279466737,2661.61751520064,0.0999999999999999,131.106741831146,13.9497573308339,-0.0981093705485521
720,0.1,0.25,0.1,1,1,1,619.559380317206,2957.35279466737,2361.36851520063,0.201526270569207,118.068425760032,12.5624805008674,-0.46047177302729
721,0.1,0.25,0.2,0,0,0,250,2307,2076.3,0.0999999999999999,103.815,0,-0.0765340943642698
722,0.1,0.25,0.2,0,0,1,250,2307,1776.051,0.230146944083225,88.80255,0,-0.438896496843008
723,0.1,0.25,0.2,0,1,0,619.559380317206,2957.35279466737,2596.5822357339,0.121991045364627,127.854977857809,0,-0.0981093705485521
724,0.1,0.25,0.2,0,1,1,619.559380317206,2957.35279466737,2296.3332357339,0.223517315933834,114.816661786695,0,-0.46047177302729
725,0.1,0.25,0.2,0.333333333333333,0,0,250,2307,2076.3,0.0999999999999999,103.815,3.681972,-0.0765340943642698
726,0.1,0.25,0.2,0.333333333333333,0,1,250,2307,1776.051,0.230146944083225,88.80255,3.14953044,-0.438896496843008
727,0.1,0.25,0.2,0.333333333333333,1,0,619.559380317206,2957.35279466737,2596.5822357339,0.121991045364627,127.854977857809,4.53458988135695,-0.0981093705485521
728,0.1,0.25,0.2,0.333333333333333,1,1,619.559380317206,2957.35279466737,2296.3332357339,0.223517315933834,114.816661786695,4.07216427136811,-0.46047177302729
729,0.1,0.25,0.2,0.666666666666667,0,0,250,2307,2076.3,0.0999999999999999,103.815,7.363944,-0.0765340943642698
730,0.1,0.25,0.2,0.666666666666667,0,1,250,2307,1776.051,0.230146944083225,88.80255,6.29906088,-0.438896496843008
731,0.1,0.25,0.2,0.666666666666667,1,0,619.559380317206,2957.35279466737,2596.5822357339,0.121991045364627,127.854977857809,9.0691797627139,-0.0981093705485521
732,0.1,0.25,0.2,0.666666666666667,1,1,619.559380317206,2957.35279466737,2296.3332357339,0.223517315933834,114.816661786695,8.14432854273622,-0.46047177302729
733,0.1,0.25,0.2,1,0,0,250,2307,2076.3,0.0999999999999999,103.815,11.045916,-0.0765340943642698
734,0.1,0.25,0.2,1,0,1,250,2307,1776.051,0.230146944083225,88.80255,9.44859132,-0.438896496843008
735,0.1,0.25,0.2,1,1,0,619.559380317206,2957.35279466737,2596.5822357339,0.121991045364627,127.854977857809,13.6037696440709,-0.0981093705485521
736,0.1,0.25,0.2,1,1,1,619.559380317206,2957.35279466737,2296.3332357339,0.223517315933834,114.816661786695,12.2164928141043,-0.46047177302729
737,0.1,0.25,0.3,0,0,0,250,2307,2076.3,0.0999999999999999,103.815,0,-0.0765340943642698
738,0.1,0.25,0.3,0,0,1,250,2307,1776.051,0.230146944083225,88.80255,0,-0.438896496843008
739,0.1,0.25,0.3,0,1,0,619.559380317206,2957.35279466737,2531.54695626716,0.143982090729254,124.603213884472,0,-0.0981093705485521
740,0.1,0.25,0.3,0,1,1,619.559380317206,2957.35279466737,2231.29795626716,0.245508361298461,111.564897813358,0,-0.46047177302729
741,0.1,0.25,0.3,0.333333333333333,0,0,250,2307,2076.3,0.0999999999999999,103.815,3.681972,-0.0765340943642698
742,0.1,0.25,0.3,0.333333333333333,0,1,250,2307,1776.051,0.230146944083225,88.80255,3.14953044,-0.438896496843008
743,0.1,0.25,0.3,0.333333333333333,1,0,619.559380317206,2957.35279466737,2531.54695626716,0.143982090729254,124.603213884472,4.41926065243594,-0.0981093705485521
744,0.1,0.25,0.3,0.333333333333333,1,1,619.559380317206,2957.35279466737,2231.29795626716,0.245508361298461,111.564897813358,3.9568350424471,-0.46047177302729
745,0.1,0.25,0.3,0.666666666666667,0,0,250,2307,2076.3,0.0999999999999999,103.815,7.363944,-0.0765340943642698
746,0.1,0.25,0.3,0.666666666666667,0,1,250,2307,1776.051,0.230146944083225,88.80255,6.29906088,-0.438896496843008
747,0.1,0.25,0.3,0.666666666666667,1,0,619.559380317206,2957.35279466737,2531.54695626716,0.143982090729254,124.603213884472,8.83852130487188,-0.0981093705485521
748,0.1,0.25,0.3,0.666666666666667,1,1,619.559380317206,2957.35279466737,2231.29795626716,0.245508361298461,111.564897813358,7.9136700848942,-0.46047177302729
749,0.1,0.25,0.3,1,0,0,250,2307,2076.3,0.0999999999999999,103.815,11.045916,-0.0765340943642698
750,0.1,0.25,0.3,1,0,1,250,2307,1776.051,0.230146944083225,88.80255,9.44859132,-0.438896496843008
751,0.1,0.25,0.3,1,1,0,619.559380317206,2957.35279466737,2531.54695626716,0.143982090729254,124.603213884472,13.2577819573078,-0.0981093705485521
752,0.1,0.25,0.3,1,1,1,619.559380317206,2957.35279466737,2231.29795626716,0.245508361298461,111.564897813358,11.8705051273413,-0.46047177302729
753,0.1,0.25,0.5,0,0,0,250,2307,2076.3,0.0999999999999999,103.815,0,-0.0765340943642698
754,0.1,0.25,0.5,0,0,1,250,2307,1776.051,0.230146944083225,88.80255,0,-0.438896496843008
755,0.1,0.25,0.5,0,1,0,619.559380317206,2957.35279466737,2401.47639733369,0.187964181458509,118.099685937798,0,-0.0981093705485521
756,0.1,0.25,0.5,0,1,1,619.559380317206,2957.35279466737,2101.22739733369,0.289490452027716,105.061369866684,0,-0.46047177302729
757,0.1,0.25,0.5,0.333333333333333,0,0,250,2307,2076.3,0.0999999999999999,103.815,3.681972,-0.0765340943642698
758,0.1,0.25,0.5,0.333333333333333,0,1,250,2307,1776.051,0.230146944083225,88.80255,3.14953044,-0.438896496843008
759,0.1,0.25,0.5,0.333333333333333,1,0,619.559380317206,2957.35279466737,2401.47639733369,0.187964181458509,118.099685937798,4.18860219459391,-0.0981093705485521
760,0.1,0.25,0.5,0.333333333333333,1,1,619.559380317206,2957.35279466737,2101.22739733369,0.289490452027716,105.061369866684,3.72617658460507,-0.46047177302729
761,0.1,0.25,0.5,0.666666666666667,0,0,250,2307,2076.3,0.0999999999999999,103.815,7.363944,-0.0765340943642698
762,0.1,0.25,0.5,0.666666666666667,0,1,250,2307,1776.051,0.230146944083225,88.80255,6.29906088,-0.438896496843008
763,0.1,0.25,0.5,0.666666666666667,1,0,619.559380317206,2957.35279466737,2401.47639733369,0.187964181458509,118.099685937798,8.37720438918782,-0.0981093705485521
764,0.1,0.25,0.5,0.666666666666667,1,1,619.559380317206,2957.35279466737,2101.22739733369,0.289490452027716,105.061369866684,7.45235316921014,-0.46047177302729
765,0.1,0.25,0.5,1,0,0,250,2307,2076.3,0.0999999999999999,103.815,11.045916,-0.0765340943642698
766,0.1,0.25,0.5,1,0,1,250,2307,1776.051,0.230146944083225,88.80255,9.44859132,-0.438896496843008
767,0.1,0.25,0.5,1,1,0,619.559380317206,2957.35279466737,2401.47639733369,0.187964181458509,118.099685937798,12.5658065837817,-0.0981093705485521
768,0.1,0.25,0.5,1,1,1,619.559380317206,2957.35279466737,2101.22739733369,0.289490452027716,105.061369866684,11.1785297538152,-0.46047177302729
769,0.1,0.5,0.1,0,0,0,250,2307,2076.3,0.0999999999999999,103.815,0,-0.15306818872854
770,0.1,0.5,0.1,0,0,1,250,2307,1776.051,0.230146944083225,88.80255,0,-0.515430591207278
771,0.1,0.5,0.1,0,1,0,619.559380317206,2957.35279466737,2661.61751520064,0.0999999999999999,131.106741831146,0,-0.196218741097104
772,0.1,0.5,0.1,0,1,1,619.559380317206,2957.35279466737,2361.36851520063,0.201526270569207,118.068425760032,0,-0.558581143575842
773,0.1,0.5,0.1,0.333333333333333,0,0,250,2307,2076.3,0.0999999999999999,103.815,3.681972,-0.15306818872854
774,0.1,0.5,0.1,0.333333333333333,0,1,250,2307,1776.051,0.230146944083225,88.80255,3.14953044,-0.515430591207278
775,0.1,0.5,0.1,0.333333333333333,1,0,619.559380317206,2957.35279466737,2661.61751520064,0.0999999999999999,131.106741831146,4.64991911027797,-0.196218741097104
776,0.1,0.5,0.1,0.333333333333333,1,1,619.559380317206,2957.35279466737,2361.36851520063,0.201526270569207,118.068425760032,4.18749350028913,-0.558581143575842
777,0.1,0.5,0.1,0.666666666666667,0,0,250,2307,2076.3,0.0999999999999999,103.815,7.363944,-0.15306818872854
778,0.1,0.5,0.1,0.666666666666667,0,1,250,2307,1776.051,0.230146944083225,88.80255,6.29906088,-0.515430591207278
779,0.1,0.5,0.1,0.666666666666667,1,0,619.559380317206,2957.35279466737,2661.61751520064,0.0999999999999999,131.106741831146,9.29983822055593,-0.196218741097104
780,0.1,0.5,0.1,0.666666666666667,1,1,619.559380317206,2957.35279466737,2361.36851520063,0.201526270569207,118.068425760032,8.37498700057825,-0.558581143575842
781,0.1,0.5,0.1,1,0,0,250,2307,2076.3,0.0999999999999999,103.815,11.045916,-0.15306818872854
782,0.1,0.5,0.1,1,0,1,250,2307,1776.051,0.230146944083225,88.80255,9.44859132,-0.515430591207278
783,0.1,0.5,0.1,1,1,0,619.559380317206,2957.35279466737,2661.61751520064,0.0999999999999999,131.106741831146,13.9497573308339,-0.196218741097104
784,0.1,0.5,0.1,1,1,1,619.559380317206,2957.35279466737,2361.36851520063,0.201526270569207,118.068425760032,12.5624805008674,-0.558581143575842
785,0.1,0.5,0.2,0,0,0,250,2307,2076.3,0.0999999999999999,103.815,0,-0.15306818872854
786,0.1,0.5,0.2,0,0,1,250,2307,1776.051,0.230146944083225,88.80255,0,-0.515430591207278
787,0.1,0.5,0.2,0,1,0,619.559380317206,2957.35279466737,2596.5822357339,0.121991045364627,127.854977857809,0,-0.196218741097104
788,0.1,0.5,0.2,0,1,1,619.559380317206,2957.35279466737,2296.3332357339,0.223517315933834,114.816661786695,0,-0.558581143575842
789,0.1,0.5,0.2,0.333333333333333,0,0,250,2307,2076.3,0.0999999999999999,103.815,3.681972,-0.15306818872854
790,0.1,0.5,0.2,0.333333333333333,0,1,250,2307,1776.051,0.230146944083225,88.80255,3.14953044,-0.515430591207278
791,0.1,0.5,0.2,0.333333333333333,1,0,619.559380317206,2957.35279466737,2596.5822357339,0.121991045364627,127.854977857809,4.53458988135695,-0.196218741097104
792,0.1,0.5,0.2,0.333333333333333,1,1,619.559380317206,2957.35279466737,2296.3332357339,0.223517315933834,114.816661786695,4.07216427136811,-0.558581143575842
793,0.1,0.5,0.2,0.666666666666667,0,0,250,2307,2076.3,0.0999999999999999,103.815,7.363944,-0.15306818872854
794,0.1,0.5,0.2,0.666666666666667,0,1,250,2307,1776.051,0.230146944083225,88.80255,6.29906088,-0.515430591207278
795,0.1,0.5,0.2,0.666666666666667,1,0,619.559380317206,2957.35279466737,2596.5822357339,0.121991045364627,127.854977857809,9.0691797627139,-0.196218741097104
796,0.1,0.5,0.2,0.666666666666667,1,1,619.559380317206,2957.35279466737,2296.3332357339,0.223517315933834,114.816661786695,8.14432854273622,-0.558581143575842
797,0.1,0.5,0.2,1,0,0,250,2307,2076.3,0.0999999999999999,103.815,11.045916,-0.15306818872854
798,0.1,0.5,0.2,1,0,1,250,2307,1776.051,0.230146944083225,88.80255,9.44859132,-0.515430591207278
799,0.1,0.5,0.2,1,1,0,619.559380317206,2957.35279466737,2596.5822357339,0.121991045364627,127.854977857809,13.6037696440709,-0.196218741097104
800,0.1,0.5,0.2,1,1,1,619.559380317206,2957.35279466737,2296.3332357339,0.223517315933834,114.816661786695,12.2164928141043,-0.558581143575842
801,0.1,0.5,0.3,0,0,0,250,2307,2076.3,0.0999999999999999,103.815,0,-0.15306818872854
802,0.1,0.5,0.3,0,0,1,250,2307,1776.051,0.230146944083225,88.80255,0,-0.515430591207278
803,0.1,0.5,0.3,0,1,0,619.559380317206,2957.35279466737,2531.54695626716,0.143982090729254,124.603213884472,0,-0.196218741097104
804,0.1,0.5,0.3,0,1,1,619.559380317206,2957.35279466737,2231.29795626716,0.245508361298461,111.564897813358,0,-0.558581143575842
805,0.1,0.5,0.3,0.333333333333333,0,0,250,2307,2076.3,0.0999999999999999,103.815,3.681972,-0.15306818872854
806,0.1,0.5,0.3,0.333333333333333,0,1,250,2307,1776.051,0.230146944083225,88.80255,3.14953044,-0.515430591207278
807,0.1,0.5,0.3,0.333333333333333,1,0,619.559380317206,2957.35279466737,2531.54695626716,0.143982090729254,124.603213884472,4.41926065243594,-0.196218741097104
808,0.1,0.5,0.3,0.333333333333333,1,1,619.559380317206,2957.35279466737,2231.29795626716,0.245508361298461,111.564897813358,3.9568350424471,-0.558581143575842
809,0.1,0.5,0.3,0.666666666666667,0,0,250,2307,2076.3,0.0999999999999999,103.815,7.363944,-0.15306818872854
810,0.1,0.5,0.3,0.666666666666667,0,1,250,2307,1776.051,0.230146944083225,88.80255,6.29906088,-0.515430591207278
811,0.1,0.5,0.3,0.666666666666667,1,0,619.559380317206,2957.35279466737,2531.54695626716,0.143982090729254,124.603213884472,8.83852130487188,-0.196218741097104
812,0.1,0.5,0.3,0.666666666666667,1,1,619.559380317206,2957.35279466737,2231.29795626716,0.245508361298461,111.564897813358,7.9136700848942,-0.558581143575842
813,0.1,0.5,0.3,1,0,0,250,2307,2076.3,0.0999999999999999,103.815,11.045916,-0.15306818872854
814,0.1,0.5,0.3,1,0,1,250,2307,1776.051,0.230146944083225,88.80255,9.44859132,-0.515430591207278
815,0.1,0.5,0.3,1,1,0,619.559380317206,2957.35279466737,2531.54695626716,0.143982090729254,124.603213884472,13.2577819573078,-0.196218741097104
816,0.1,0.5,0.3,1,1,1,619.559380317206,2957.35279466737,2231.29795626716,0.245508361298461,111.564897813358,11.8705051273413,-0.558581143575842
817,0.1,0.5,0.5,0,0,0,250,2307,2076.3,0.0999999999999999,103.815,0,-0.15306818872854
818,0.1,0.5,0.5,0,0,1,250,2307,1776.051,0.230146944083225,88.80255,0,-0.515430591207278
819,0.1,0.5,0.5,0,1,0,619.559380317206,2957.35279466737,2401.47639733369,0.187964181458509,118.099685937798,0,-0.196218741097104
820,0.1,0.5,0.5,0,1,1,619.559380317206,2957.35279466737,2101.22739733369,0.289490452027716,105.061369866684,0,-0.558581143575842
821,0.1,0.5,0.5,0.333333333333333,0,0,250,2307,2076.3,0.0999999999999999,103.815,3.681972,-0.15306818872854
822,0.1,0.5,0.5,0.333333333333333,0,1,250,2307,1776.051,0.230146944083225,88.80255,3.14953044,-0.515430591207278
823,0.1,0.5,0.5,0.333333333333333,1,0,619.559380317206,2957.35279466737,2401.47639733369,0.187964181458509,118.099685937798,4.18860219459391,-0.196218741097104
824,0.1,0.5,0.5,0.333333333333333,1,1,619.559380317206,2957.35279466737,2101.22739733369,0.289490452027716,105.061369866684,3.72617658460507,-0.558581143575842
825,0.1,0.5,0.5,0.666666666666667,0,0,250,2307,2076.3,0.0999999999999999,103.815,7.363944,-0.15306818872854
826,0.1,0.5,0.5,0.666666666666667,0,1,250,2307,1776.051,0.230146944083225,88.80255,6.29906088,-0.515430591207278
827,0.1,0.5,0.5,0.666666666666667,1,0,619.559380317206,2957.35279466737,2401.47639733369,0.187964181458509,118.099685937798,8.37720438918782,-0.196218741097104
828,0.1,0.5,0.5,0.666666666666667,1,1,619.559380317206,2957.35279466737,2101.22739733369,0.289490452027716,105.061369866684,7.45235316921014,-0.558581143575842
829,0.1,0.5,0.5,1,0,0,250,2307,2076.3,0.0999999999999999,103.815,11.045916,-0.15306818872854
830,0.1,0.5,0.5,1,0,1,250,2307,1776.051,0.230146944083225,88.80255,9.44859132,-0.515430591207278
831,0.1,0.5,0.5,1,1,0,619.559380317206,2957.35279466737,2401.47639733369,0.187964181458509,118.099685937798,12.5658065837817,-0.196218741097104
832,0.1,0.5,0.5,1,1,1,619.559380317206,2957.35279466737,2101.22739733369,0.289490452027716,105.061369866684,11.1785297538152,-0.558581143575842
833,0.1,0.75,0.1,0,0,0,250,2307,2076.3,0.0999999999999999,103.815,0,-0.229602283092809
834,0.1,0.75,0.1,0,0,1,250,2307,1776.051,0.230146944083225,88.80255,0,-0.591964685571548
835,0.1,0.75,0.1,0,1,0,619.559380317206,2957.35279466737,2661.61751520064,0.0999999999999999,131.106741831146,0,-0.294328111645656
836,0.1,0.75,0.1,0,1,1,619.559380317206,2957.35279466737,2361.36851520063,0.201526270569207,118.068425760032,0,-0.656690514124394
837,0.1,0.75,0.1,0.333333333333333,0,0,250,2307,2076.3,0.0999999999999999,103.815,3.681972,-0.229602283092809
838,0.1,0.75,0.1,0.333333333333333,0,1,250,2307,1776.051,0.230146944083225,88.80255,3.14953044,-0.591964685571548
839,0.1,0.75,0.1,0.333333333333333,1,0,619.559380317206,2957.35279466737,2661.61751520064,0.0999999999999999,131.106741831146,4.64991911027797,-0.294328111645656
840,0.1,0.75,0.1,0.333333333333333,1,1,619.559380317206,2957.35279466737,2361.36851520063,0.201526270569207,118.068425760032,4.18749350028913,-0.656690514124394
841,0.1,0.75,0.1,0.666666666666667,0,0,250,2307,2076.3,0.0999999999999999,103.815,7.363944,-0.229602283092809
842,0.1,0.75,0.1,0.666666666666667,0,1,250,2307,1776.051,0.230146944083225,88.80255,6.29906088,-0.591964685571548
843,0.1,0.75,0.1,0.666666666666667,1,0,619.559380317206,2957.35279466737,2661.61751520064,0.0999999999999999,131.106741831146,9.29983822055593,-0.294328111645656
844,0.1,0.75,0.1,0.666666666666667,1,1,619.559380317206,2957.35279466737,2361.36851520063,0.201526270569207,118.068425760032,8.37498700057825,-0.656690514124394
845,0.1,0.75,0.1,1,0,0,250,2307,2076.3,0.0999999999999999,103.815,11.045916,-0.229602283092809
846,0.1,0.75,0.1,1,0,1,250,2307,1776.051,0.230146944083225,88.80255,9.44859132,-0.591964685571548
847,0.1,0.75,0.1,1,1,0,619.559380317206,2957.35279466737,2661.61751520064,0.0999999999999999,131.106741831146,13.9497573308339,-0.294328111645656
848,0.1,0.75,0.1,1,1,1,619.559380317206,2957.35279466737,2361.36851520063,0.201526270569207,118.068425760032,12.5624805008674,-0.656690514124394
849,0.1,0.75,0.2,0,0,0,250,2307,2076.3,0.0999999999999999,103.815,0,-0.229602283092809
850,0.1,0.75,0.2,0,0,1,250,2307,1776.051,0.230146944083225,88.80255,0,-0.591964685571548
851,0.1,0.75,0.2,0,1,0,619.559380317206,2957.35279466737,2596.5822357339,0.121991045364627,127.854977857809,0,-0.294328111645656
852,0.1,0.75,0.2,0,1,1,619.559380317206,2957.35279466737,2296.3332357339,0.223517315933834,114.816661786695,0,-0.656690514124394
853,0.1,0.75,0.2,0.333333333333333,0,0,250,2307,2076.3,0.0999999999999999,103.815,3.681972,-0.229602283092809
854,0.1,0.75,0.2,0.333333333333333,0,1,250,2307,1776.051,0.230146944083225,88.80255,3.14953044,-0.591964685571548
855,0.1,0.75,0.2,0.333333333333333,1,0,619.559380317206,2957.35279466737,2596.5822357339,0.121991045364627,127.854977857809,4.53458988135695,-0.294328111645656
856,0.1,0.75,0.2,0.333333333333333,1,1,619.559380317206,2957.35279466737,2296.3332357339,0.223517315933834,114.816661786695,4.07216427136811,-0.656690514124394
857,0.1,0.75,0.2,0.666666666666667,0,0,250,2307,2076.3,0.0999999999999999,103.815,7.363944,-0.229602283092809
858,0.1,0.75,0.2,0.666666666666667,0,1,250,2307,1776.051,0.230146944083225,88.80255,6.29906088,-0.591964685571548
859,0.1,0.75,0.2,0.666666666666667,1,0,619.559380317206,2957.35279466737,2596.5822357339,0.121991045364627,127.854977857809,9.0691797627139,-0.294328111645656
860,0.1,0.75,0.2,0.666666666666667,1,1,619.559380317206,2957.35279466737,2296.3332357339,0.223517315933834,114.816661786695,8.14432854273622,-0.656690514124394
861,0.1,0.75,0.2,1,0,0,250,2307,2076.3,0.0999999999999999,103.815,11.045916,-0.229602283092809
862,0.1,0.75,0.2,1,0,1,250,2307,1776.051,0.230146944083225,88.80255,9.44859132,-0.591964685571548
863,0.1,0.75,0.2,1,1,0,619.559380317206,2957.35279466737,2596.5822357339,0.121991045364627,127.854977857809,13.6037696440709,-0.294328111645656
864,0.1,0.75,0.2,1,1,1,619.559380317206,2957.35279466737,2296.3332357339,0.223517315933834,114.816661786695,12.2164928141043,-0.656690514124394
865,0.1,0.75,0.3,0,0,0,250,2307,2076.3,0.0999999999999999,103.815,0,-0.229602283092809
866,0.1,0.75,0.3,0,0,1,250,2307,1776.051,0.230146944083225,88.80255,0,-0.591964685571548
867,0.1,0.75,0.3,0,1,0,619.559380317206,2957.35279466737,2531.54695626716,0.143982090729254,124.603213884472,0,-0.294328111645656
868,0.1,0.75,0.3,0,1,1,619.559380317206,2957.35279466737,2231.29795626716,0.245508361298461,111.564897813358,0,-0.656690514124394
869,0.1,0.75,0.3,0.333333333333333,0,0,250,2307,2076.3,0.0999999999999999,103.815,3.681972,-0.229602283092809
870,0.1,0.75,0.3,0.333333333333333,0,1,250,2307,1776.051,0.230146944083225,88.80255,3.14953044,-0.591964685571548
871,0.1,0.75,0.3,0.333333333333333,1,0,619.559380317206,2957.35279466737,2531.54695626716,0.143982090729254,124.603213884472,4.41926065243594,-0.294328111645656
872,0.1,0.75,0.3,0.333333333333333,1,1,619.559380317206,2957.35279466737,2231.29795626716,0.245508361298461,111.564897813358,3.9568350424471,-0.656690514124394
873,0.1,0.75,0.3,0.666666666666667,0,0,250,2307,2076.3,0.0999999999999999,103.815,7.363944,-0.229602283092809
874,0.1,0.75,0.3,0.666666666666667,0,1,250,2307,1776.051,0.230146944083225,88.80255,6.29906088,-0.591964685571548
875,0.1,0.75,0.3,0.666666666666667,1,0,619.559380317206,2957.35279466737,2531.54695626716,0.143982090729254,124.603213884472,8.83852130487188,-0.294328111645656
876,0.1,0.75,0.3,0.666666666666667,1,1,619.559380317206,2957.35279466737,2231.29795626716,0.245508361298461,111.564897813358,7.9136700848942,-0.656690514124394
877,0.1,0.75,0.3,1,0,0,250,2307,2076.3,0.0999999999999999,103.815,11.045916,-0.229602283092809
878,0.1,0.75,0.3,1,0,1,250,2307,1776.051,0.230146944083225,88.80255,9.44859132,-0.591964685571548
879,0.1,0.75,0.3,1,1,0,619.559380317206,2957.35279466737,2531.54695626716,0.143982090729254,124.603213884472,13.2577819573078,-0.294328111645656
880,0.1,0.75,0.3,1,1,1,619.559380317206,2957.35279466737,2231.29795626716,0.245508361298461,111.564897813358,11.8705051273413,-0.656690514124394
881,0.1,0.75,0.5,0,0,0,250,2307,2076.3,0.0999999999999999,103.815,0,-0.229602283092809
882,0.1,0.75,0.5,0,0,1,250,2307,1776.051,0.230146944083225,88.80255,0,-0.591964685571548
883,0.1,0.75,0.5,0,1,0,619.559380317206,2957.35279466737,2401.47639733369,0.187964181458509,118.099685937798,0,-0.294328111645656
884,0.1,0.75,0.5,0,1,1,619.559380317206,2957.35279466737,2101.22739733369,0.289490452027716,105.061369866684,0,-0.656690514124394
885,0.1,0.75,0.5,0.333333333333333,0,0,250,2307,2076.3,0.0999999999999999,103.815,3.681972,-0.229602283092809
886,0.1,0.75,0.5,0.333333333333333,0,1,250,2307,1776.051,0.230146944083225,88.80255,3.14953044,-0.591964685571548
887,0.1,0.75,0.5,0.333333333333333,1,0,619.559380317206,2957.35279466737,2401.47639733369,0.187964181458509,118.099685937798,4.18860219459391,-0.294328111645656
888,0.1,0.75,0.5,0.333333333333333,1,1,619.559380317206,2957.35279466737,2101.22739733369,0.289490452027716,105.061369866684,3.72617658460507,-0.656690514124394
889,0.1,0.75,0.5,0.666666666666667,0,0,250,2307,2076.3,0.0999999999999999,103.815,7.363944,-0.229602283092809
890,0.1,0.75,0.5,0.666666666666667,0,1,250,2307,1776.051,0.230146944083225,88.80255,6.29906088,-0.591964685571548
891,0.1,0.75,0.5,0.666666666666667,1,0,619.559380317206,2957.35279466737,2401.47639733369,0.187964181458509,118.099685937798,8.37720438918782,-0.294328111645656
892,0.1,0.75,0.5,0.666666666666667,1,1,619.559380317206,2957.35279466737,2101.22739733369,0.289490452027716,105.061369866684,7.45235316921014,-0.656690514124394
893,0.1,0.75,0.5,1,0,0,250,2307,2076.3,0.0999999999999999,103.815,11.045916,-0.229602283092809
894,0.1,0.75,0.5,1,0,1,250,2307,1776.051,0.230146944083225,88.80255,9.44859132,-0.591964685571548
895,0.1,0.75,0.5,1,1,0,619.559380317206,2957.35279466737,2401.47639733369,0.187964181458509,118.099685937798,12.5658065837817,-0.294328111645656
896,0.1,0.75,0.5,1,1,1,619.559380317206,2957.35279466737,2101.22739733369,0.289490452027716,105.061369866684,11.1785297538152,-0.656690514124394
897,0.1,1,0.1,0,0,0,250,2307,2076.3,0.0999999999999999,103.815,0,-0.306136377457079
898,0.1,1,0.1,0,0,1,250,2307,1776.051,0.230146944083225,88.80255,0,-0.668498779935817
899,0.1,1,0.1,0,1,0,619.559380317206,2957.35279466737,2661.61751520064,0.0999999999999999,131.106741831146,0,-0.392437482194208
900,0.1,1,0.1,0,1,1,619.559380317206,2957.35279466737,2361.36851520063,0.201526270569207,118.068425760032,0,-0.754799884672947
901,0.1,1,0.1,0.333333333333333,0,0,250,2307,2076.3,0.0999999999999999,103.815,3.681972,-0.306136377457079
902,0.1,1,0.1,0.333333333333333,0,1,250,2307,1776.051,0.230146944083225,88.80255,3.14953044,-0.668498779935817
903,0.1,1,0.1,0.333333333333333,1,0,619.559380317206,2957.35279466737,2661.61751520064,0.0999999999999999,131.106741831146,4.64991911027797,-0.392437482194208
904,0.1,1,0.1,0.333333333333333,1,1,619.559380317206,2957.35279466737,2361.36851520063,0.201526270569207,118.068425760032,4.18749350028913,-0.754799884672947
905,0.1,1,0.1,0.666666666666667,0,0,250,2307,2076.3,0.0999999999999999,103.815,7.363944,-0.306136377457079
906,0.1,1,0.1,0.666666666666667,0,1,250,2307,1776.051,0.230146944083225,88.80255,6.29906088,-0.668498779935817
907,0.1,1,0.1,0.666666666666667,1,0,619.559380317206,2957.35279466737,2661.61751520064,0.0999999999999999,131.106741831146,9.29983822055593,-0.392437482194208
908,0.1,1,0.1,0.666666666666667,1,1,619.559380317206,2957.35279466737,2361.36851520063,0.201526270569207,118.068425760032,8.37498700057825,-0.754799884672947
909,0.1,1,0.1,1,0,0,250,2307,2076.3,0.0999999999999999,103.815,11.045916,-0.306136377457079
910,0.1,1,0.1,1,0,1,250,2307,1776.051,0.230146944083225,88.80255,9.44859132,-0.668498779935817
911,0.1,1,0.1,1,1,0,619.559380317206,2957.35279466737,2661.61751520064,0.0999999999999999,131.106741831146,13.9497573308339,-0.392437482194208
912,0.1,1,0.1,1,1,1,619.559380317206,2957.35279466737,2361.36851520063,0.201526270569207,118.068425760032,12.5624805008674,-0.754799884672947
913,0.1,1,0.2,0,0,0,250,2307,2076.3,0.0999999999999999,103.815,0,-0.306136377457079
914,0.1,1,0.2,0,0,1,250,2307,1776.051,0.230146944083225,88.80255,0,-0.668498779935817
915,0.1,1,0.2,0,1,0,619.559380317206,2957.35279466737,2596.5822357339,0.121991045364627,127.854977857809,0,-0.392437482194208
916,0.1,1,0.2,0,1,1,619.559380317206,2957.35279466737,2296.3332357339,0.223517315933834,114.816661786695,0,-0.754799884672947
917,0.1,1,0.2,0.333333333333333,0,0,250,2307,2076.3,0.0999999999999999,103.815,3.681972,-0.306136377457079
918,0.1,1,0.2,0.333333333333333,0,1,250,2307,1776.051,0.230146944083225,88.80255,3.14953044,-0.668498779935817
919,0.1,1,0.2,0.333333333333333,1,0,619.559380317206,2957.35279466737,2596.5822357339,0.121991045364627,127.854977857809,4.53458988135695,-0.392437482194208
920,0.1,1,0.2,0.333333333333333,1,1,619.559380317206,2957.35279466737,2296.3332357339,0.223517315933834,114.816661786695,4.07216427136811,-0.754799884672947
921,0.1,1,0.2,0.666666666666667,0,0,250,2307,2076.3,0.0999999999999999,103.815,7.363944,-0.306136377457079
922,0.1,1,0.2,0.666666666666667,0,1,250,2307,1776.051,0.230146944083225,88.80255,6.29906088,-0.668498779935817
923,0.1,1,0.2,0.666666666666667,1,0,619.559380317206,2957.35279466737,2596.5822357339,0.121991045364627,127.854977857809,9.0691797627139,-0.392437482194208
924,0.1,1,0.2,0.666666666666667,1,1,619.559380317206,2957.35279466737,2296.3332357339,0.223517315933834,114.816661786695,8.14432854273622,-0.754799884672947
925,0.1,1,0.2,1,0,0,250,2307,2076.3,0.0999999999999999,103.815,11.045916,-0.306136377457079
926,0.1,1,0.2,1,0,1,250,2307,1776.051,0.230146944083225,88.80255,9.44859132,-0.668498779935817
927,0.1,1,0.2,1,1,0,619.559380317206,2957.35279466737,2596.5822357339,0.121991045364627,127.854977857809,13.6037696440709,-0.392437482194208
928,0.1,1,0.2,1,1,1,619.559380317206,2957.35279466737,2296.3332357339,0.223517315933834,114.816661786695,12.2164928141043,-0.754799884672947
929,0.1,1,0.3,0,0,0,250,2307,2076.3,0.0999999999999999,103.815,0,-0.306136377457079
930,0.1,1,0.3,0,0,1,250,2307,1776.051,0.230146944083225,88.80255,0,-0.668498779935817
931,0.1,1,0.3,0,1,0,619.559380317206,2957.35279466737,2531.54695626716,0.143982090729254,124.603213884472,0,-0.392437482194208
932,0.1,1,0.3,0,1,1,619.559380317206,2957.35279466737,2231.29795626716,0.245508361298461,111.564897813358,0,-0.754799884672947
933,0.1,1,0.3,0.333333333333333,0,0,250,2307,2076.3,0.0999999999999999,103.815,3.681972,-0.306136377457079
934,0.1,1,0.3,0.333333333333333,0,1,250,2307,1776.051,0.230146944083225,88.80255,3.14953044,-0.668498779935817
935,0.1,1,0.3,0.333333333333333,1,0,619.559380317206,2957.35279466737,2531.54695626716,0.143982090729254,124.603213884472,4.41926065243594,-0.392437482194208
936,0.1,1,0.3,0.333333333333333,1,1,619.559380317206,2957.35279466737,2231.29795626716,0.245508361298461,111.564897813358,3.9568350424471,-0.754799884672947
937,0.1,1,0.3,0.666666666666667,0,0,250,2307,2076.3,0.0999999999999999,103.815,7.363944,-0.306136377457079
938,0.1,1,0.3,0.666666666666667,0,1,250,2307,1776.051,0.230146944083225,88.80255,6.29906088,-0.668498779935817
939,0.1,1,0.3,0.666666666666667,1,0,619.559380317206,2957.35279466737,2531.54695626716,0.143982090729254,124.603213884472,8.83852130487188,-0.392437482194208
940,0.1,1,0.3,0.666666666666667,1,1,619.559380317206,2957.35279466737,2231.29795626716,0.245508361298461,111.564897813358,7.9136700848942,-0.754799884672947
941,0.1,1,0.3,1,0,0,250,2307,2076.3,0.0999999999999999,103.815,11.045916,-0.306136377457079
942,0.1,1,0.3,1,0,1,250,2307,1776.051,0.230146944083225,88.80255,9.44859132,-0.668498779935817
943,0.1,1,0.3,1,1,0,619.559380317206,2957.35279466737,2531.54695626716,0.143982090729254,124.603213884472,13.2577819573078,-0.392437482194208
944,0.1,1,0.3,1,1,1,619.559380317206,2957.35279466737,2231.29795626716,0.245508361298461,111.564897813358,11.8705051273413,-0.754799884672947
945,0.1,1,0.5,0,0,0,250,2307,2076.3,0.0999999999999999,103.815,0,-0.306136377457079
946,0.1,1,0.5,0,0,1,250,2307,1776.051,0.230146944083225,88.80255,0,-0.668498779935817
947,0.1,1,0.5,0,1,0,619.559380317206,2957.35279466737,2401.47639733369,0.187964181458509,118.099685937798,0,-0.392437482194208
948,0.1,1,0.5,0,1,1,619.559380317206,2957.35279466737,2101.22739733369,0.289490452027716,105.061369866684,0,-0.754799884672947
949,0.1,1,0.5,0.333333333333333,0,0,250,2307,2076.3,0.0999999999999999,103.815,3.681972,-0.306136377457079
950,0.1,1,0.5,0.333333333333333,0,1,250,2307,1776.051,0.230146944083225,88.80255,3.14953044,-0.668498779935817
951,0.1,1,0.5,0.333333333333333,1,0,619.559380317206,2957.35279466737,2401.47639733369,0.187964181458509,118.099685937798,4.18860219459391,-0.392437482194208
952,0.1,1,0.5,0.333333333333333,1,1,619.559380317206,2957.35279466737,2101.22739733369,0.289490452027716,105.061369866684,3.72617658460507,-0.754799884672947
953,0.1,1,0.5,0.666666666666667,0,0,250,2307,2076.3,0.0999999999999999,103.815,7.363944,-0.306136377457079
954,0.1,1,0.5,0.666666666666667,0,1,250,2307,1776.051,0.230146944083225,88.80255,6.29906088,-0.668498779935817
955,0.1,1,0.5,0.666666666666667,1,0,619.559380317206,2957.35279466737,2401.47639733369,0.187964181458509,118.099685937798,8.37720438918782,-0.392437482194208
956,0.1,1,0.5,0.666666666666667,1,1,619.559380317206,2957.35279466737,2101.22739733369,0.289490452027716,105.061369866684,7.45235316921014,-0.754799884672947
957,0.1,1,0.5,1,0,0,250,2307,2076.3,0.0999999999999999,103.815,11.045916,-0.306136377457079
958,0.1,1,0.5,1,0,1,250,2307,1776.051,0.230146944083225,88.80255,9.44859132,-0.668498779935817
959,0.1,1,0.5,1,1,0,619.559380317206,2957.35279466737,2401.47639733369,0.187964181458509,118.099685937798,12.5658065837817,-0.392437482194208
960,0.1,1,0.5,1,1,1,619.559380317206,2957.35279466737,2101.22739733369,0.289490452027716,105.061369866684,11.1785297538152,-0.754799884672947
961,0.15,0,0.1,0,0,0,250,2307,1960.95,0.15,98.0475,0,0
962,0.15,0,0.1,0,0,1,250,2307,1677.3815,0.272916558300824,83.869075,0,-0.362362402478738
963,0.15,0,0.1,0,1,0,619.559380317206,2957.35279466737,2546.26751520063,0.139004477317686,125.339241831146,0,0
964,0.15,0,0.1,0,1,1,619.559380317206,2957.35279466737,2262.69901520063,0.234890399521937,113.134950760032,0,-0.362362402478738
965,0.15,0,0.1,0.333333333333333,0,0,250,2307,1960.95,0.15,98.0475,3.477418,0
966,0.15,0,0.1,0.333333333333333,0,1,250,2307,1677.3815,0.272916558300824,83.869075,2.97455652666667,-0.362362402478738
967,0.15,0,0.1,0.333333333333333,1,0,619.559380317206,2957.35279466737,2546.26751520063,0.139004477317686,125.339241831146,4.44536511027797,0
968,0.15,0,0.1,0.333333333333333,1,1,619.559380317206,2957.35279466737,2262.69901520063,0.234890399521937,113.134950760032,4.01251958695579,-0.362362402478738
969,0.15,0,0.1,0.666666666666667,0,0,250,2307,1960.95,0.15,98.0475,6.954836,0
970,0.15,0,0.1,0.666666666666667,0,1,250,2307,1677.3815,0.272916558300824,83.869075,5.94911305333333,-0.362362402478738
971,0.15,0,0.1,0.666666666666667,1,0,619.559380317206,2957.35279466737,2546.26751520063,0.139004477317686,125.339241831146,8.89073022055593,0
972,0.15,0,0.1,0.666666666666667,1,1,619.559380317206,2957.35279466737,2262.69901520063,0.234890399521937,113.134950760032,8.02503917391159,-0.362362402478738
973,0.15,0,0.1,1,0,0,250,2307,1960.95,0.15,98.0475,10.432254,0
974,0.15,0,0.1,1,0,1,250,2307,1677.3815,0.272916558300824,83.869075,8.92366958,-0.362362402478738
975,0.15,0,0.1,1,1,0,619.559380317206,2957.35279466737,2546.26751520063,0.139004477317686,125.339241831146,13.3360953308339,0
976,0.15,0,0.1,1,1,1,619.559380317206,2957.35279466737,2262.69901520063,0.234890399521937,113.134950760032,12.0375587608674,-0.362362402478738
977,0.15,0,0.2,0,0,0,250,2307,1960.95,0.15,98.0475,0,0
978,0.15,0,0.2,0,0,1,250,2307,1677.3815,0.272916558300824,83.869075,0,-0.362362402478738
979,0.15,0,0.2,0,1,0,619.559380317206,2957.35279466737,2481.2322357339,0.160995522682313,122.087477857809,0,0
980,0.15,0,0.2,0,1,1,619.559380317206,2957.35279466737,2197.6637357339,0.256881444886565,109.883186786695,0,-0.362362402478738
981,0.15,0,0.2,0.333333333333333,0,0,250,2307,1960.95,0.15,98.0475,3.477418,0
982,0.15,0,0.2,0.333333333333333,0,1,250,2307,1677.3815,0.272916558300824,83.869075,2.97455652666667,-0.362362402478738
983,0.15,0,0.2,0.333333333333333,1,0,619.559380317206,2957.35279466737,2481.2322357339,0.160995522682313,122.087477857809,4.33003588135695,0
984,0.15,0,0.2,0.333333333333333,1,1,619.559380317206,2957.35279466737,2197.6637357339,0.256881444886565,109.883186786695,3.89719035803478,-0.362362402478738
985,0.15,0,0.2,0.666666666666667,0,0,250,2307,1960.95,0.15,98.0475,6.954836,0
986,0.15,0,0.2,0.666666666666667,0,1,250,2307,1677.3815,0.272916558300824,83.869075,5.94911305333333,-0.362362402478738
987,0.15,0,0.2,0.666666666666667,1,0,619.559380317206,2957.35279466737,2481.2322357339,0.160995522682313,122.087477857809,8.6600717627139,0
988,0.15,0,0.2,0.666666666666667,1,1,619.559380317206,2957.35279466737,2197.6637357339,0.256881444886565,109.883186786695,7.79438071606956,-0.362362402478738
989,0.15,0,0.2,1,0,0,250,2307,1960.95,0.15,98.0475,10.432254,0
990,0.15,0,0.2,1,0,1,250,2307,1677.3815,0.272916558300824,83.869075,8.92366958,-0.362362402478738
991,0.15,0,0.2,1,1,0,619.559380317206,2957.35279466737,2481.2322357339,0.160995522682313,122.087477857809,12.9901076440709,0
992,0.15,0,0.2,1,1,1,619.559380317206,2957.35279466737,2197.6637357339,0.256881444886565,109.883186786695,11.6915710741043,-0.362362402478738
993,0.15,0,0.3,0,0,0,250,2307,1960.95,0.15,98.0475,0,0
994,0.15,0,0.3,0,0,1,250,2307,1677.3815,0.272916558300824,83.869075,0,-0.362362402478738
995,0.15,0,0.3,0,1,0,619.559380317206,2957.35279466737,2416.19695626716,0.182986568046941,118.835713884472,0,0
996,0.15,0,0.3,0,1,1,619.559380317206,2957.35279466737,2132.62845626716,0.278872490251192,106.631422813358,0,-0.362362402478738
997,0.15,0,0.3,0.333333333333333,0,0,250,2307,1960.95,0.15,98.0475,3.477418,0
998,0.15,0,0.3,0.333333333333333,0,1,250,2307,1677.3815,0.272916558300824,83.869075,2.97455652666667,-0.362362402478738
999,0.15,0,0.3,0.333333333333333,1,0,619.559380317206,2957.35279466737,2416.19695626716,0.182986568046941,118.835713884472,4.21470665243594,0
1000,0.15,0,0.3,0.333333333333333,1,1,619.559380317206,2957.35279466737,2132.62845626716,0.278872490251192,106.631422813358,3.78186112911377,-0.362362402478738
1001,0.15,0,0.3,0.666666666666667,0,0,250,2307,1960.95,0.15,98.0475,6.954836,0
1002,0.15,0,0.3,0.666666666666667,0,1,250,2307,1677.3815,0.272916558300824,83.869075,5.94911305333333,-0.362362402478738
1003,0.15,0,0.3,0.666666666666667,1,0,619.559380317206,2957.35279466737,2416.19695626716,0.182986568046941,118.835713884472,8.42941330487188,0
1004,0.15,0,0.3,0.666666666666667,1,1,619.559380317206,2957.35279466737,2132.62845626716,0.278872490251192,106.631422813358,7.56372225822753,-0.362362402478738
1005,0.15,0,0.3,1,0,0,250,2307,1960.95,0.15,98.0475,10.432254,0
1006,0.15,0,0.3,1,0,1,250,2307,1677.3815,0.272916558300824,83.869075,8.92366958,-0.362362402478738
1007,0.15,0,0.3,1,1,0,619.559380317206,2957.35279466737,2416.19695626716,0.182986568046941,118.835713884472,12.6441199573078,0
1008,0.15,0,0.3,1,1,1,619.559380317206,2957.35279466737,2132.62845626716,0.278872490251192,106.631422813358,11.3455833873413,-0.362362402478738
1009,0.15,0,0.5,0,0,0,250,2307,1960.95,0.15,98.0475,0,0
1010,0.15,0,0.5,0,0,1,250,2307,1677.3815,0.272916558300824,83.869075,0,-0.362362402478738
1011,0.15,0,0.5,0,1,0,619.559380317206,2957.35279466737,2286.12639733369,0.226968658776195,112.332185937798,0,0
1012,0.15,0,0.5,0,1,1,619.559380317206,2957.35279466737,2002.55789733369,0.322854580980446,100.127894866684,0,-0.362362402478738
1013,0.15,0,0.5,0.333333333333333,0,0,250,2307,1960.95,0.15,98.0475,3.477418,0
1014,0.15,0,0.5,0.333333333333333,0,1,250,2307,1677.3815,0.272916558300824,83.869075,2.97455652666667,-0.362362402478738
1015,0.15,0,0.5,0.333333333333333,1,0,619.559380317206,2957.35279466737,2286.12639733369,0.226968658776195,112.332185937798,3.98404819459391,0
1016,0.15,0,0.5,0.333333333333333,1,1,619.559380317206,2957.35279466737,2002.55789733369,0.322854580980446,100.127894866684,3.55120267127174,-0.362362402478738
1017,0.15,0,0.5,0.666666666666667,0,0,250,2307,1960.95,0.15,98.0475,6.954836,0
1018,0.15,0,0.5,0.666666666666667,0,1,250,2307,1677.3815,0.272916558300824,83.869075,5.94911305333333,-0.362362402478738
1019,0.15,0,0.5,0.666666666666667,1,0,619.559380317206,2957.35279466737,2286.12639733369,0.226968658776195,112.332185937798,7.96809638918782,0
1020,0.15,0,0.5,0.666666666666667,1,1,619.559380317206,2957.35279466737,2002.55789733369,0.322854580980446,100.127894866684,7.10240534254347,-0.362362402478738
1021,0.15,0,0.5,1,0,0,250,2307,1960.95,0.15,98.0475,10.432254,0
1022,0.15,0,0.5,1,0,1,250,2307,1677.3815,0.272916558300824,83.869075,8.92366958,-0.362362402478738
1023,0.15,0,0.5,1,1,0,619.559380317206,2957.35279466737,2286.12639733369,0.226968658776195,112.332185937798,11.9521445837817,0
1024,0.15,0,0.5,1,1,1,619.559380317206,2957.35279466737,2002.55789733369,0.322854580980446,100.127894866684,10.6536080138152,-0.362362402478738
1025,0.15,0.25,0.1,0,0,0,250,2307,1960.95,0.15,98.0475,0,-0.114801141546405
1026,0.15,0.25,0.1,0,0,1,250,2307,1677.3815,0.272916558300824,83.869075,0,-0.477163544025143
1027,0.15,0.25,0.1,0,1,0,619.559380317206,2957.35279466737,2546.26751520063,0.139004477317686,125.339241831146,0,-0.147164055822828
1028,0.15,0.25,0.1,0,1,1,619.559380317206,2957.35279466737,2262.69901520063,0.234890399521937,113.134950760032,0,-0.509526458301566
1029,0.15,0.25,0.1,0.333333333333333,0,0,250,2307,1960.95,0.15,98.0475,3.477418,-0.114801141546405
1030,0.15,0.25,0.1,0.333333333333333,0,1,250,2307,1677.3815,0.272916558300824,83.869075,2.97455652666667,-0.477163544025143
1031,0.15,0.25,0.1,0.333333333333333,1,0,619.559380317206,2957.35279466737,2546.26751520063,0.139004477317686,125.339241831146,4.44536511027797,-0.147164055822828
1032,0.15,0.25,0.1,0.333333333333333,1,1,619.559380317206,2957.35279466737,2262.69901520063,0.234890399521937,113.134950760032,4.01251958695579,-0.509526458301566
1033,0.15,0.25,0.1,0.666666666666667,0,0,250,2307,1960.95,0.15,98.0475,6.954836,-0.114801141546405
1034,0.15,0.25,0.1,0.666666666666667,0,1,250,2307,1677.3815,0.272916558300824,83.869075,5.94911305333333,-0.477163544025143
1035,0.15,0.25,0.1,0.666666666666667,1,0,619.559380317206,2957.35279466737,2546.26751520063,0.139004477317686,125.339241831146,8.89073022055593,-0.147164055822828
1036,0.15,0.25,0.1,0.666666666666667,1,1,619.559380317206,2957.35279466737,2262.69901520063,0.234890399521937,113.134950760032,8.02503917391159,-0.509526458301566
1037,0.15,0.25,0.1,1,0,0,250,2307,1960.95,0.15,98.0475,10.432254,-0.114801141546405
1038,0.15,0.25,0.1,1,0,1,250,2307,1677.3815,0.272916558300824,83.869075,8.92366958,-0.477163544025143
1039,0.15,0.25,0.1,1,1,0,619.559380317206,2957.35279466737,2546.26751520063,0.139004477317686,125.339241831146,13.3360953308339,-0.147164055822828
1040,0.15,0.25,0.1,1,1,1,619.559380317206,2957.35279466737,2262.69901520063,0.234890399521937,113.134950760032,12.0375587608674,-0.509526458301566
1041,0.15,0.25,0.2,0,0,0,250,2307,1960.95,0.15,98.0475,0,-0.114801141546405
1042,0.15,0.25,0.2,0,0,1,250,2307,1677.3815,0.272916558300824,83.869075,0,-0.477163544025143
1043,0.15,0.25,0.2,0,1,0,619.559380317206,2957.35279466737,2481.2322357339,0.160995522682313,122.087477857809,0,-0.147164055822828
1044,0.15,0.25,0.2,0,1,1,619.559380317206,2957.35279466737,2197.6637357339,0.256881444886565,109.883186786695,0,-0.509526458301566
1045,0.15,0.25,0.2,0.333333333333333,0,0,250,2307,1960.95,0.15,98.0475,3.477418,-0.114801141546405
1046,0.15,0.25,0.2,0.333333333333333,0,1,250,2307,1677.3815,0.272916558300824,83.869075,2.97455652666667,-0.477163544025143
1047,0.15,0.25,0.2,0.333333333333333,1,0,619.559380317206,2957.35279466737,2481.2322357339,0.160995522682313,122.087477857809,4.33003588135695,-0.147164055822828
1048,0.15,0.25,0.2,0.333333333333333,1,1,619.559380317206,2957.35279466737,2197.6637357339,0.256881444886565,109.883186786695,3.89719035803478,-0.509526458301566
1049,0.15,0.25,0.2,0.666666666666667,0,0,250,2307,1960.95,0.15,98.0475,6.954836,-0.114801141546405
1050,0.15,0.25,0.2,0.666666666666667,0,1,250,2307,1677.3815,0.272916558300824,83.869075,5.94911305333333,-0.477163544025143
1051,0.15,0.25,0.2,0.666666666666667,1,0,619.559380317206,2957.35279466737,2481.2322357339,0.160995522682313,122.087477857809,8.6600717627139,-0.147164055822828
1052,0.15,0.25,0.2,0.666666666666667,1,1,619.559380317206,2957.35279466737,2197.6637357339,0.256881444886565,109.883186786695,7.79438071606956,-0.509526458301566
1053,0.15,0.25,0.2,1,0,0,250,2307,1960.95,0.15,98.0475,10.432254,-0.114801141546405
1054,0.15,0.25,0.2,1,0,1,250,2307,1677.3815,0.272916558300824,83.869075,8.92366958,-0.477163544025143
1055,0.15,0.25,0.2,1,1,0,619.559380317206,2957.35279466737,2481.2322357339,0.160995522682313,122.087477857809,12.9901076440709,-0.147164055822828
1056,0.15,0.25,0.2,1,1,1,619.559380317206,2957.35279466737,2197.6637357339,0.256881444886565,109.883186786695,11.6915710741043,-0.509526458301566
1057,0.15,0.25,0.3,0,0,0,250,2307,1960.95,0.15,98.0475,0,-0.114801141546405
1058,0.15,0.25,0.3,0,0,1,250,2307,1677.3815,0.272916558300824,83.869075,0,-0.477163544025143
1059,0.15,0.25,0.3,0,1,0,619.559380317206,2957.35279466737,2416.19695626716,0.182986568046941,118.835713884472,0,-0.147164055822828
1060,0.15,0.25,0.3,0,1,1,619.559380317206,2957.35279466737,2132.62845626716,0.278872490251192,106.631422813358,0,-0.509526458301566
1061,0.15,0.25,0.3,0.333333333333333,0,0,250,2307,1960.95,0.15,98.0475,3.477418,-0.114801141546405
1062,0.15,0.25,0.3,0.333333333333333,0,1,250,2307,1677.3815,0.272916558300824,83.869075,2.97455652666667,-0.477163544025143
1063,0.15,0.25,0.3,0.333333333333333,1,0,619.559380317206,2957.35279466737,2416.19695626716,0.182986568046941,118.835713884472,4.21470665243594,-0.147164055822828
1064,0.15,0.25,0.3,0.333333333333333,1,1,619.559380317206,2957.35279466737,2132.62845626716,0.278872490251192,106.631422813358,3.78186112911377,-0.509526458301566
1065,0.15,0.25,0.3,0.666666666666667,0,0,250,2307,1960.95,0.15,98.0475,6.954836,-0.114801141546405
1066,0.15,0.25,0.3,0.666666666666667,0,1,250,2307,1677.3815,0.272916558300824,83.869075,5.94911305333333,-0.477163544025143
1067,0.15,0.25,0.3,0.666666666666667,1,0,619.559380317206,2957.35279466737,2416.19695626716,0.182986568046941,118.835713884472,8.42941330487188,-0.147164055822828
1068,0.15,0.25,0.3,0.666666666666667,1,1,619.559380317206,2957.35279466737,2132.62845626716,0.278872490251192,106.631422813358,7.56372225822753,-0.509526458301566
1069,0.15,0.25,0.3,1,0,0,250,2307,1960.95,0.15,98.0475,10.432254,-0.114801141546405
1070,0.15,0.25,0.3,1,0,1,250,2307,1677.3815,0.272916558300824,83.869075,8.92366958,-0.477163544025143
1071,0.15,0.25,0.3,1,1,0,619.559380317206,2957.35279466737,2416.19695626716,0.182986568046941,118.835713884472,12.6441199573078,-0.147164055822828
1072,0.15,0.25,0.3,1,1,1,619.559380317206,2957.35279466737,2132.62845626716,0.278872490251192,106.631422813358,11.3455833873413,-0.509526458301566
1073,0.15,0.25,0.5,0,0,0,250,2307,1960.95,0.15,98.0475,0,-0.114801141546405
1074,0.15,0.25,0.5,0,0,1,250,2307,1677.3815,0.272916558300824,83.869075,0,-0.477163544025143
1075,0.15,0.25,0.5,0,1,0,619.559380317206,2957.35279466737,2286.12639733369,0.226968658776195,112.332185937798,0,-0.147164055822828
1076,0.15,0.25,0.5,0,1,1,619.559380317206,2957.35279466737,2002.55789733369,0.322854580980446,100.127894866684,0,-0.509526458301566
1077,0.15,0.25,0.5,0.333333333333333,0,0,250,2307,1960.95,0.15,98.0475,3.477418,-0.114801141546405
1078,0.15,0.25,0.5,0.333333333333333,0,1,250,2307,1677.3815,0.272916558300824,83.869075,2.97455652666667,-0.477163544025143
1079,0.15,0.25,0.5,0.333333333333333,1,0,619.559380317206,2957.35279466737,2286.12639733369,0.226968658776195,112.332185937798,3.98404819459391,-0.147164055822828
1080,0.15,0.25,0.5,0.333333333333333,1,1,619.559380317206,2957.35279466737,2002.55789733369,0.322854580980446,100.127894866684,3.55120267127174,-0.509526458301566
1081,0.15,0.25,0.5,0.666666666666667,0,0,250,2307,1960.95,0.15,98.0475,6.954836,-0.114801141546405
1082,0.15,0.25,0.5,0.666666666666667,0,1,250,2307,1677.3815,0.272916558300824,83.869075,5.94911305333333,-0.477163544025143
1083,0.15,0.25,0.5,0.666666666666667,1,0,619.559380317206,2957.35279466737,2286.12639733369,0.226968658776195,112.332185937798,7.96809638918782,-0.147164055822828
1084,0.15,0.25,0.5,0.666666666666667,1,1,619.559380317206,2957.35279466737,2002.55789733369,0.322854580980446,100.127894866684,7.10240534254347,-0.509526458301566
1085,0.15,0.25,0.5,1,0,0,250,2307,1960.95,0.15,98.0475,10.432254,-0.114801141546405
1086,0.15,0.25,0.5,1,0,1,250,2307,1677.3815,0.272916558300824,83.869075,8.92366958,-0.477163544025143
1087,0.15,0.25,0.5,1,1,0,619.559380317206,2957.35279466737,2286.12639733369,0.226968658776195,112.332185937798,11.9521445837817,-0.147164055822828
1088,0.15,0.25,0.5,1,1,1,619.559380317206,2957.35279466737,2002.55789733369,0.322854580980446,100.127894866684,10.6536080138152,-0.509526458301566
1089,0.15,0.5,0.1,0,0,0,250,2307,1960.95,0.15,98.0475,0,-0.229602283092809
1090,0.15,0.5,0.1,0,0,1,250,2307,1677.3815,0.272916558300824,83.869075,0,-0.591964685571548
1091,0.15,0.5,0.1,0,1,0,619.559380317206,2957.35279466737,2546.26751520063,0.139004477317686,125.339241831146,0,-0.294328111645656
1092,0.15,0.5,0.1,0,1,1,619.559380317206,2957.35279466737,2262.69901520063,0.234890399521937,113.134950760032,0,-0.656690514124394
1093,0.15,0.5,0.1,0.333333333333333,0,0,250,2307,1960.95,0.15,98.0475,3.477418,-0.229602283092809
1094,0.15,0.5,0.1,0.333333333333333,0,1,250,2307,1677.3815,0.272916558300824,83.869075,2.97455652666667,-0.591964685571548
1095,0.15,0.5,0.1,0.333333333333333,1,0,619.559380317206,2957.35279466737,2546.26751520063,0.139004477317686,125.339241831146,4.44536511027797,-0.294328111645656
1096,0.15,0.5,0.1,0.333333333333333,1,1,619.559380317206,2957.35279466737,2262.69901520063,0.234890399521937,113.134950760032,4.01251958695579,-0.656690514124394
1097,0.15,0.5,0.1,0.666666666666667,0,0,250,2307,1960.95,0.15,98.0475,6.954836,-0.229602283092809
1098,0.15,0.5,0.1,0.666666666666667,0,1,250,2307,1677.3815,0.272916558300824,83.869075,5.94911305333333,-0.591964685571548
1099,0.15,0.5,0.1,0.666666666666667,1,0,619.559380317206,2957.35279466737,2546.26751520063,0.139004477317686,125.339241831146,8.89073022055593,-0.294328111645656
1100,0.15,0.5,0.1,0.666666666666667,1,1,619.559380317206,2957.35279466737,2262.69901520063,0.234890399521937,113.134950760032,8.02503917391159,-0.656690514124394
1101,0.15,0.5,0.1,1,0,0,250,2307,1960.95,0.15,98.0475,10.432254,-0.229602283092809
1102,0.15,0.5,0.1,1,0,1,250,2307,1677.3815,0.272916558300824,83.869075,8.92366958,-0.591964685571548
1103,0.15,0.5,0.1,1,1,0,619.559380317206,2957.35279466737,2546.26751520063,0.139004477317686,125.339241831146,13.3360953308339,-0.294328111645656
1104,0.15,0.5,0.1,1,1,1,619.559380317206,2957.35279466737,2262.69901520063,0.234890399521937,113.134950760032,12.0375587608674,-0.656690514124394
1105,0.15,0.5,0.2,0,0,0,250,2307,1960.95,0.15,98.0475,0,-0.229602283092809
1106,0.15,0.5,0.2,0,0,1,250,2307,1677.3815,0.272916558300824,83.869075,0,-0.591964685571548
1107,0.15,0.5,0.2,0,1,0,619.559380317206,2957.35279466737,2481.2322357339,0.160995522682313,122.087477857809,0,-0.294328111645656
1108,0.15,0.5,0.2,0,1,1,619.559380317206,2957.35279466737,2197.6637357339,0.256881444886565,109.883186786695,0,-0.656690514124394
1109,0.15,0.5,0.2,0.333333333333333,0,0,250,2307,1960.95,0.15,98.0475,3.477418,-0.229602283092809
1110,0.15,0.5,0.2,0.333333333333333,0,1,250,2307,1677.3815,0.272916558300824,83.869075,2.97455652666667,-0.591964685571548
1111,0.15,0.5,0.2,0.333333333333333,1,0,619.559380317206,2957.35279466737,2481.2322357339,0.160995522682313,122.087477857809,4.33003588135695,-0.294328111645656
1112,0.15,0.5,0.2,0.333333333333333,1,1,619.559380317206,2957.35279466737,2197.6637357339,0.256881444886565,109.883186786695,3.89719035803478,-0.656690514124394
1113,0.15,0.5,0.2,0.666666666666667,0,0,250,2307,1960.95,0.15,98.0475,6.954836,-0.229602283092809
1114,0.15,0.5,0.2,0.666666666666667,0,1,250,2307,1677.3815,0.272916558300824,83.869075,5.94911305333333,-0.591964685571548
1115,0.15,0.5,0.2,0.666666666666667,1,0,619.559380317206,2957.35279466737,2481.2322357339,0.160995522682313,122.087477857809,8.6600717627139,-0.294328111645656
1116,0.15,0.5,0.2,0.666666666666667,1,1,619.559380317206,2957.35279466737,2197.6637357339,0.256881444886565,109.883186786695,7.79438071606956,-0.656690514124394
1117,0.15,0.5,0.2,1,0,0,250,2307,1960.95,0.15,98.0475,10.432254,-0.229602283092809
1118,0.15,0.5,0.2,1,0,1,250,2307,1677.3815,0.272916558300824,83.869075,8.92366958,-0.591964685571548
1119,0.15,0.5,0.2,1,1,0,619.559380317206,2957.35279466737,2481.2322357339,0.160995522682313,122.087477857809,12.9901076440709,-0.294328111645656
1120,0.15,0.5,0.2,1,1,1,619.559380317206,2957.35279466737,2197.6637357339,0.256881444886565,109.883186786695,11.6915710741043,-0.656690514124394
1121,0.15,0.5,0.3,0,0,0,250,2307,1960.95,0.15,98.0475,0,-0.229602283092809
1122,0.15,0.5,0.3,0,0,1,250,2307,1677.3815,0.272916558300824,83.869075,0,-0.591964685571548
1123,0.15,0.5,0.3,0,1,0,619.559380317206,2957.35279466737,2416.19695626716,0.182986568046941,118.835713884472,0,-0.294328111645656
1124,0.15,0.5,0.3,0,1,1,619.559380317206,2957.35279466737,2132.62845626716,0.278872490251192,106.631422813358,0,-0.656690514124394
1125,0.15,0.5,0.3,0.333333333333333,0,0,250,2307,1960.95,0.15,98.0475,3.477418,-0.229602283092809
1126,0.15,0.5,0.3,0.333333333333333,0,1,250,2307,1677.3815,0.272916558300824,83.869075,2.97455652666667,-0.591964685571548
1127,0.15,0.5,0.3,0.333333333333333,1,0,619.559380317206,2957.35279466737,2416.19695626716,0.182986568046941,118.835713884472,4.21470665243594,-0.294328111645656
1128,0.15,0.5,0.3,0.333333333333333,1,1,619.559380317206,2957.35279466737,2132.62845626716,0.278872490251192,106.631422813358,3.78186112911377,-0.656690514124394
1129,0.15,0.5,0.3,0.666666666666667,0,0,250,2307,1960.95,0.15,98.0475,6.954836,-0.229602283092809
1130,0.15,0.5,0.3,0.666666666666667,0,1,250,2307,1677.3815,0.272916558300824,83.869075,5.94911305333333,-0.591964685571548
1131,0.15,0.5,0.3,0.666666666666667,1,0,619.559380317206,2957.35279466737,2416.19695626716,0.182986568046941,118.835713884472,8.42941330487188,-0.294328111645656
1132,0.15,0.5,0.3,0.666666666666667,1,1,619.559380317206,2957.35279466737,2132.62845626716,0.278872490251192,106.631422813358,7.56372225822753,-0.656690514124394
1133,0.15,0.5,0.3,1,0,0,250,2307,1960.95,0.15,98.0475,10.432254,-0.229602283092809
1134,0.15,0.5,0.3,1,0,1,250,2307,1677.3815,0.272916558300824,83.869075,8.92366958,-0.591964685571548
1135,0.15,0.5,0.3,1,1,0,619.559380317206,2957.35279466737,2416.19695626716,0.182986568046941,118.835713884472,12.6441199573078,-0.294328111645656
1136,0.15,0.5,0.3,1,1,1,619.559380317206,2957.35279466737,2132.62845626716,0.278872490251192,106.631422813358,11.3455833873413,-0.656690514124394
1137,0.15,0.5,0.5,0,0,0,250,2307,1960.95,0.15,98.0475,0,-0.229602283092809
1138,0.15,0.5,0.5,0,0,1,250,2307,1677.3815,0.272916558300824,83.869075,0,-0.591964685571548
1139,0.15,0.5,0.5,0,1,0,619.559380317206,2957.35279466737,2286.12639733369,0.226968658776195,112.332185937798,0,-0.294328111645656
1140,0.15,0.5,0.5,0,1,1,619.559380317206,2957.35279466737,2002.55789733369,0.322854580980446,100.127894866684,0,-0.656690514124394
1141,0.15,0.5,0.5,0.333333333333333,0,0,250,2307,1960.95,0.15,98.0475,3.477418,-0.229602283092809
1142,0.15,0.5,0.5,0.333333333333333,0,1,250,2307,1677.3815,0.272916558300824,83.869075,2.97455652666667,-0.591964685571548
1143,0.15,0.5,0.5,0.333333333333333,1,0,619.559380317206,2957.35279466737,2286.12639733369,0.226968658776195,112.332185937798,3.98404819459391,-0.294328111645656
1144,0.15,0.5,0.5,0.333333333333333,1,1,619.559380317206,2957.35279466737,2002.55789733369,0.322854580980446,100.127894866684,3.55120267127174,-0.656690514124394
1145,0.15,0.5,0.5,0.666666666666667,0,0,250,2307,1960.95,0.15,98.0475,6.954836,-0.229602283092809
1146,0.15,0.5,0.5,0.666666666666667,0,1,250,2307,1677.3815,0.272916558300824,83.869075,5.94911305333333,-0.591964685571548
1147,0.15,0.5,0.5,0.666666666666667,1,0,619.559380317206,2957.35279466737,2286.12639733369,0.226968658776195,112.332185937798,7.96809638918782,-0.294328111645656
1148,0.15,0.5,0.5,0.666666666666667,1,1,619.559380317206,2957.35279466737,2002.55789733369,0.322854580980446,100.127894866684,7.10240534254347,-0.656690514124394
1149,0.15,0.5,0.5,1,0,0,250,2307,1960.95,0.15,98.0475,10.432254,-0.229602283092809
1150,0.15,0.5,0.5,1,0,1,250,2307,1677.3815,0.272916558300824,83.869075,8.92366958,-0.591964685571548
1151,0.15,0.5,0.5,1,1,0,619.559380317206,2957.35279466737,2286.12639733369,0.226968658776195,112.332185937798,11.9521445837817,-0.294328111645656
1152,0.15,0.5,0.5,1,1,1,619.559380317206,2957.35279466737,2002.55789733369,0.322854580980446,100.127894866684,10.6536080138152,-0.656690514124394
1153,0.15,0.75,0.1,0,0,0,250,2307,1960.95,0.15,98.0475,0,-0.344403424639214
1154,0.15,0.75,0.1,0,0,1,250,2307,1677.3815,0.272916558300824,83.869075,0,-0.706765827117952
1155,0.15,0.75,0.1,0,1,0,619.559380317206,2957.35279466737,2546.26751520063,0.139004477317686,125.339241831146,0,-0.441492167468484
1156,0.15,0.75,0.1,0,1,1,619.559380317206,2957.35279466737,2262.69901520063,0.234890399521937,113.134950760032,0,-0.803854569947222
1157,0.15,0.75,0.1,0.333333333333333,0,0,250,2307,1960.95,0.15,98.0475,3.477418,-0.344403424639214
1158,0.15,0.75,0.1,0.333333333333333,0,1,250,2307,1677.3815,0.272916558300824,83.869075,2.97455652666667,-0.706765827117952
1159,0.15,0.75,0.1,0.333333333333333,1,0,619.559380317206,2957.35279466737,2546.26751520063,0.139004477317686,125.339241831146,4.44536511027797,-0.441492167468484
1160,0.15,0.75,0.1,0.333333333333333,1,1,619.559380317206,2957.35279466737,2262.69901520063,0.234890399521937,113.134950760032,4.01251958695579,-0.803854569947222
1161,0.15,0.75,0.1,0.666666666666667,0,0,250,2307,1960.95,0.15,98.0475,6.954836,-0.344403424639214
1162,0.15,0.75,0.1,0.666666666666667,0,1,250,2307,1677.3815,0.272916558300824,83.869075,5.94911305333333,-0.706765827117952
1163,0.15,0.75,0.1,0.666666666666667,1,0,619.559380317206,2957.35279466737,2546.26751520063,0.139004477317686,125.339241831146,8.89073022055593,-0.441492167468484
1164,0.15,0.75,0.1,0.666666666666667,1,1,619.559380317206,2957.35279466737,2262.69901520063,0.234890399521937,113.134950760032,8.02503917391159,-0.803854569947222
1165,0.15,0.75,0.1,1,0,0,250,2307,1960.95,0.15,98.0475,10.432254,-0.344403424639214
1166,0.15,0.75,0.1,1,0,1,250,2307,1677.3815,0.272916558300824,83.869075,8.92366958,-0.706765827117952
1167,0.15,0.75,0.1,1,1,0,619.559380317206,2957.35279466737,2546.26751520063,0.139004477317686,125.339241831146,13.3360953308339,-0.441492167468484
1168,0.15,0.75,0.1,1,1,1,619.559380317206,2957.35279466737,2262.69901520063,0.234890399521937,113.134950760032,12.0375587608674,-0.803854569947222
1169,0.15,0.75,0.2,0,0,0,250,2307,1960.95,0.15,98.0475,0,-0.344403424639214
1170,0.15,0.75,0.2,0,0,1,250,2307,1677.3815,0.272916558300824,83.869075,0,-0.706765827117952
1171,0.15,0.75,0.2,0,1,0,619.559380317206,2957.35279466737,2481.2322357339,0.160995522682313,122.087477857809,0,-0.441492167468484
1172,0.15,0.75,0.2,0,1,1,619.559380317206,2957.35279466737,2197.6637357339,0.256881444886565,109.883186786695,0,-0.803854569947222
1173,0.15,0.75,0.2,0.333333333333333,0,0,250,2307,1960.95,0.15,98.0475,3.477418,-0.344403424639214
1174,0.15,0.75,0.2,0.333333333333333,0,1,250,2307,1677.3815,0.272916558300824,83.869075,2.97455652666667,-0.706765827117952
1175,0.15,0.75,0.2,0.333333333333333,1,0,619.559380317206,2957.35279466737,2481.2322357339,0.160995522682313,122.087477857809,4.33003588135695,-0.441492167468484
1176,0.15,0.75,0.2,0.333333333333333,1,1,619.559380317206,2957.35279466737,2197.6637357339,0.256881444886565,109.883186786695,3.89719035803478,-0.803854569947222
1177,0.15,0.75,0.2,0.666666666666667,0,0,250,2307,1960.95,0.15,98.0475,6.954836,-0.344403424639214
1178,0.15,0.75,0.2,0.666666666666667,0,1,250,2307,1677.3815,0.272916558300824,83.869075,5.94911305333333,-0.706765827117952
1179,0.15,0.75,0.2,0.666666666666667,1,0,619.559380317206,2957.35279466737,2481.2322357339,0.160995522682313,122.087477857809,8.6600717627139,-0.441492167468484
1180,0.15,0.75,0.2,0.666666666666667,1,1,619.559380317206,2957.35279466737,2197.6637357339,0.256881444886565,109.883186786695,7.79438071606956,-0.803854569947222
1181,0.15,0.75,0.2,1,0,0,250,2307,1960.95,0.15,98.0475,10.432254,-0.344403424639214
1182,0.15,0.75,0.2,1,0,1,250,2307,1677.3815,0.272916558300824,83.869075,8.92366958,-0.706765827117952
1183,0.15,0.75,0.2,1,1,0,619.559380317206,2957.35279466737,2481.2322357339,0.160995522682313,122.087477857809,12.9901076440709,-0.441492167468484
1184,0.15,0.75,0.2,1,1,1,619.559380317206,2957.35279466737,2197.6637357339,0.256881444886565,109.883186786695,11.6915710741043,-0.803854569947222
1185,0.15,0.75,0.3,0,0,0,250,2307,1960.95,0.15,98.0475,0,-0.344403424639214
1186,0.15,0.75,0.3,0,0,1,250,2307,1677.3815,0.272916558300824,83.869075,0,-0.706765827117952
1187,0.15,0.75,0.3,0,1,0,619.559380317206,2957.35279466737,2416.19695626716,0.182986568046941,118.835713884472,0,-0.441492167468484
1188,0.15,0.75,0.3,0,1,1,619.559380317206,2957.35279466737,2132.62845626716,0.278872490251192,106.631422813358,0,-0.803854569947222
1189,0.15,0.75,0.3,0.333333333333333,0,0,250,2307,1960.95,0.15,98.0475,3.477418,-0.344403424639214
1190,0.15,0.75,0.3,0.333333333333333,0,1,250,2307,1677.3815,0.272916558300824,83.869075,2.97455652666667,-0.706765827117952
1191,0.15,0.75,0.3,0.333333333333333,1,0,619.559380317206,2957.35279466737,2416.19695626716,0.182986568046941,118.835713884472,4.21470665243594,-0.441492167468484
1192,0.15,0.75,0.3,0.333333333333333,1,1,619.559380317206,2957.35279466737,2132.62845626716,0.278872490251192,106.631422813358,3.78186112911377,-0.803854569947222
1193,0.15,0.75,0.3,0.666666666666667,0,0,250,2307,1960.95,0.15,98.0475,6.954836,-0.344403424639214
1194,0.15,0.75,0.3,0.666666666666667,0,1,250,2307,1677.3815,0.272916558300824,83.869075,5.94911305333333,-0.706765827117952
1195,0.15,0.75,0.3,0.666666666666667,1,0,619.559380317206,2957.35279466737,2416.19695626716,0.182986568046941,118.835713884472,8.42941330487188,-0.441492167468484
1196,0.15,0.75,0.3,0.666666666666667,1,1,619.559380317206,2957.35279466737,2132.62845626716,0.278872490251192,106.631422813358,7.56372225822753,-0.803854569947222
1197,0.15,0.75,0.3,1,0,0,250,2307,1960.95,0.15,98.0475,10.432254,-0.344403424639214
1198,0.15,0.75,0.3,1,0,1,250,2307,1677.3815,0.272916558300824,83.869075,8.92366958,-0.706765827117952
1199,0.15,0.75,0.3,1,1,0,619.559380317206,2957.35279466737,2416.19695626716,0.182986568046941,118.835713884472,12.6441199573078,-0.441492167468484
1200,0.15,0.75,0.3,1,1,1,619.559380317206,2957.35279466737,2132.62845626716,0.278872490251192,106.631422813358,11.3455833873413,-0.803854569947222
1201,0.15,0.75,0.5,0,0,0,250,2307,1960.95,0.15,98.0475,0,-0.344403424639214
1202,0.15,0.75,0.5,0,0,1,250,2307,1677.3815,0.272916558300824,83.869075,0,-0.706765827117952
1203,0.15,0.75,0.5,0,1,0,619.559380317206,2957.35279466737,2286.12639733369,0.226968658776195,112.332185937798,0,-0.441492167468484
1204,0.15,0.75,0.5,0,1,1,619.559380317206,2957.35279466737,2002.55789733369,0.322854580980446,100.127894866684,0,-0.803854569947222
1205,0.15,0.75,0.5,0.333333333333333,0,0,250,2307,1960.95,0.15,98.0475,3.477418,-0.344403424639214
1206,0.15,0.75,0.5,0.333333333333333,0,1,250,2307,1677.3815,0.272916558300824,83.869075,2.97455652666667,-0.706765827117952
1207,0.15,0.75,0.5,0.333333333333333,1,0,619.559380317206,2957.35279466737,2286.12639733369,0.226968658776195,112.332185937798,3.98404819459391,-0.441492167468484
1208,0.15,0.75,0.5,0.333333333333333,1,1,619.559380317206,2957.35279466737,2002.55789733369,0.322854580980446,100.127894866684,3.55120267127174,-0.803854569947222
1209,0.15,0.75,0.5,0.666666666666667,0,0,250,2307,1960.95,0.15,98.0475,6.954836,-0.344403424639214
1210,0.15,0.75,0.5,0.666666666666667,0,1,250,2307,1677.3815,0.272916558300824,83.869075,5.94911305333333,-0.706765827117952
1211,0.15,0.75,0.5,0.666666666666667,1,0,619.559380317206,2957.35279466737,2286.12639733369,0.226968658776195,112.332185937798,7.96809638918782,-0.441492167468484
1212,0.15,0.75,0.5,0.666666666666667,1,1,619.559380317206,2957.35279466737,2002.55789733369,0.322854580980446,100.127894866684,7.10240534254347,-0.803854569947222
1213,0.15,0.75,0.5,1,0,0,250,2307,1960.95,0.15,98.0475,10.432254,-0.344403424639214
1214,0.15,0.75,0.5,1,0,1,250,2307,1677.3815,0.272916558300824,83.869075,8.92366958,-0.706765827117952
1215,0.15,0.75,0.5,1,1,0,619.559380317206,2957.35279466737,2286.12639733369,0.226968658776195,112.332185937798,11.9521445837817,-0.441492167468484
1216,0.15,0.75,0.5,1,1,1,619.559380317206,2957.35279466737,2002.55789733369,0.322854580980446,100.127894866684,10.6536080138152,-0.803854569947222
1217,0.15,1,0.1,0,0,0,250,2307,1960.95,0.15,98.0475,0,-0.459204566185619
1218,0.15,1,0.1,0,0,1,250,2307,1677.3815,0.272916558300824,83.869075,0,-0.821566968664357
1219,0.15,1,0.1,0,1,0,619.559380317206,2957.35279466737,2546.26751520063,0.139004477317686,125.339241831146,0,-0.588656223291312
1220,0.15,1,0.1,0,1,1,619.559380317206,2957.35279466737,2262.69901520063,0.234890399521937,113.134950760032,0,-0.95101862577005
1221,0.15,1,0.1,0.333333333333333,0,0,250,2307,1960.95,0.15,98.0475,3.477418,-0.459204566185619
1222,0.15,1,0.1,0.333333333333333,0,1,250,2307,1677.3815,0.272916558300824,83.869075,2.97455652666667,-0.821566968664357
1223,0.15,1,0.1,0.333333333333333,1,0,619.559380317206,2957.35279466737,2546.26751520063,0.139004477317686,125.339241831146,4.44536511027797,-0.588656223291312
1224,0.15,1,0.1,0.333333333333333,1,1,619.559380317206,2957.35279466737,2262.69901520063,0.234890399521937,113.134950760032,4.01251958695579,-0.95101862577005
1225,0.15,1,0.1,0.666666666666667,0,0,250,2307,1960.95,0.15,98.0475,6.954836,-0.459204566185619
1226,0.15,1,0.1,0.666666666666667,0,1,250,2307,1677.3815,0.272916558300824,83.869075,5.94911305333333,-0.821566968664357
1227,0.15,1,0.1,0.666666666666667,1,0,619.559380317206,2957.35279466737,2546.26751520063,0.139004477317686,125.339241831146,8.89073022055593,-0.588656223291312
1228,0.15,1,0.1,0.666666666666667,1,1,619.559380317206,2957.35279466737,2262.69901520063,0.234890399521937,113.134950760032,8.02503917391159,-0.95101862577005
1229,0.15,1,0.1,1,0,0,250,2307,1960.95,0.15,98.0475,10.432254,-0.459204566185619
1230,0.15,1,0.1,1,0,1,250,2307,1677.3815,0.272916558300824,83.869075,8.92366958,-0.821566968664357
1231,0.15,1,0.1,1,1,0,619.559380317206,2957.35279466737,2546.26751520063,0.139004477317686,125.339241831146,13.3360953308339,-0.588656223291312
1232,0.15,1,0.1,1,1,1,619.559380317206,2957.35279466737,2262.69901520063,0.234890399521937,113.134950760032,12.0375587608674,-0.95101862577005
1233,0.15,1,0.2,0,0,0,250,2307,1960.95,0.15,98.0475,0,-0.459204566185619
1234,0.15,1,0.2,0,0,1,250,2307,1677.3815,0.272916558300824,83.869075,0,-0.821566968664357
1235,0.15,1,0.2,0,1,0,619.559380317206,2957.35279466737,2481.2322357339,0.160995522682313,122.087477857809,0,-0.588656223291312
1236,0.15,1,0.2,0,1,1,619.559380317206,2957.35279466737,2197.6637357339,0.256881444886565,109.883186786695,0,-0.95101862577005
1237,0.15,1,0.2,0.333333333333333,0,0,250,2307,1960.95,0.15,98.0475,3.477418,-0.459204566185619
1238,0.15,1,0.2,0.333333333333333,0,1,250,2307,1677.3815,0.272916558300824,83.869075,2.97455652666667,-0.821566968664357
1239,0.15,1,0.2,0.333333333333333,1,0,619.559380317206,2957.35279466737,2481.2322357339,0.160995522682313,122.087477857809,4.33003588135695,-0.588656223291312
1240,0.15,1,0.2,0.333333333333333,1,1,619.559380317206,2957.35279466737,2197.6637357339,0.256881444886565,109.883186786695,3.89719035803478,-0.95101862577005
1241,0.15,1,0.2,0.666666666666667,0,0,250,2307,1960.95,0.15,98.0475,6.954836,-0.459204566185619
1242,0.15,1,0.2,0.666666666666667,0,1,250,2307,1677.3815,0.272916558300824,83.869075,5.94911305333333,-0.821566968664357
1243,0.15,1,0.2,0.666666666666667,1,0,619.559380317206,2957.35279466737,2481.2322357339,0.160995522682313,122.087477857809,8.6600717627139,-0.588656223291312
1244,0.15,1,0.2,0.666666666666667,1,1,619.559380317206,2957.35279466737,2197.6637357339,0.256881444886565,109.883186786695,7.79438071606956,-0.95101862577005
1245,0.15,1,0.2,1,0,0,250,2307,1960.95,0.15,98.0475,10.432254,-0.459204566185619
1246,0.15,1,0.2,1,0,1,250,2307,1677.3815,0.272916558300824,83.869075,8.92366958,-0.821566968664357
1247,0.15,1,0.2,1,1,0,619.559380317206,2957.35279466737,2481.2322357339,0.160995522682313,122.087477857809,12.9901076440709,-0.588656223291312
1248,0.15,1,0.2,1,1,1,619.559380317206,2957.35279466737,2197.6637357339,0.256881444886565,109.883186786695,11.6915710741043,-0.95101862577005
1249,0.15,1,0.3,0,0,0,250,2307,1960.95,0.15,98.0475,0,-0.459204566185619
1250,0.15,1,0.3,0,0,1,250,2307,1677.3815,0.272916558300824,83.869075,0,-0.821566968664357
1251,0.15,1,0.3,0,1,0,619.559380317206,2957.35279466737,2416.19695626716,0.182986568046941,118.835713884472,0,-0.588656223291312
1252,0.15,1,0.3,0,1,1,619.559380317206,2957.35279466737,2132.62845626716,0.278872490251192,106.631422813358,0,-0.95101862577005
1253,0.15,1,0.3,0.333333333333333,0,0,250,2307,1960.95,0.15,98.0475,3.477418,-0.459204566185619
1254,0.15,1,0.3,0.333333333333333,0,1,250,2307,1677.3815,0.272916558300824,83.869075,2.97455652666667,-0.821566968664357
1255,0.15,1,0.3,0.333333333333333,1,0,619.559380317206,2957.35279466737,2416.19695626716,0.182986568046941,118.835713884472,4.21470665243594,-0.588656223291312
1256,0.15,1,0.3,0.333333333333333,1,1,619.559380317206,2957.35279466737,2132.62845626716,0.278872490251192,106.631422813358,3.78186112911377,-0.95101862577005
1257,0.15,1,0.3,0.666666666666667,0,0,250,2307,1960.95,0.15,98.0475,6.954836,-0.459204566185619
1258,0.15,1,0.3,0.666666666666667,0,1,250,2307,1677.3815,0.272916558300824,83.869075,5.94911305333333,-0.821566968664357
1259,0.15,1,0.3,0.666666666666667,1,0,619.559380317206,2957.35279466737,2416.19695626716,0.182986568046941,118.835713884472,8.42941330487188,-0.588656223291312
1260,0.15,1,0.3,0.666666666666667,1,1,619.559380317206,2957.35279466737,2132.62845626716,0.278872490251192,106.631422813358,7.56372225822753,-0.95101862577005
1261,0.15,1,0.3,1,0,0,250,2307,1960.95,0.15,98.0475,10.432254,-0.459204566185619
1262,0.15,1,0.3,1,0,1,250,2307,1677.3815,0.272916558300824,83.869075,8.92366958,-0.821566968664357
1263,0.15,1,0.3,1,1,0,619.559380317206,2957.35279466737,2416.19695626716,0.182986568046941,118.835713884472,12.6441199573078,-0.588656223291312
1264,0.15,1,0.3,1,1,1,619.559380317206,2957.35279466737,2132.62845626716,0.278872490251192,106.631422813358,11.3455833873413,-0.95101862577005
1265,0.15,1,0.5,0,0,0,250,2307,1960.95,0.15,98.0475,0,-0.459204566185619
1266,0.15,1,0.5,0,0,1,250,2307,1677.3815,0.272916558300824,83.869075,0,-0.821566968664357
1267,0.15,1,0.5,0,1,0,619.559380317206,2957.35279466737,2286.12639733369,0.226968658776195,112.332185937798,0,-0.588656223291312
1268,0.15,1,0.5,0,1,1,619.559380317206,2957.35279466737,2002.55789733369,0.322854580980446,100.127894866684,0,-0.95101862577005
1269,0.15,1,0.5,0.333333333333333,0,0,250,2307,1960.95,0.15,98.0475,3.477418,-0.459204566185619
1270,0.15,1,0.5,0.333333333333333,0,1,250,2307,1677.3815,0.272916558300824,83.869075,2.97455652666667,-0.821566968664357
1271,0.15,1,0.5,0.333333333333333,1,0,619.559380317206,2957.35279466737,2286.12639733369,0.226968658776195,112.332185937798,3.98404819459391,-0.588656223291312
1272,0.15,1,0.5,0.333333333333333,1,1,619.559380317206,2957.35279466737,2002.55789733369,0.322854580980446,100.127894866684,3.55120267127174,-0.95101862577005
1273,0.15,1,0.5,0.666666666666667,0,0,250,2307,1960.95,0.15,98.0475,6.954836,-0.459204566185619
1274,0.15,1,0.5,0.666666666666667,0,1,250,2307,1677.3815,0.272916558300824,83.869075,5.94911305333333,-0.821566968664357
1275,0.15,1,0.5,0.666666666666667,1,0,619.559380317206,2957.35279466737,2286.12639733369,0.226968658776195,112.332185937798,7.96809638918782,-0.588656223291312
1276,0.15,1,0.5,0.666666666666667,1,1,619.559380317206,2957.35279466737,2002.55789733369,0.322854580980446,100.127894866684,7.10240534254347,-0.95101862577005
1277,0.15,1,0.5,1,0,0,250,2307,1960.95,0.15,98.0475,10.432254,-0.459204566185619
1278,0.15,1,0.5,1,0,1,250,2307,1677.3815,0.272916558300824,83.869075,8.92366958,-0.821566968664357
1279,0.15,1,0.5,1,1,0,619.559380317206,2957.35279466737,2286.12639733369,0.226968658776195,112.332185937798,11.9521445837817,-0.588656223291312
1280,0.15,1,0.5,1,1,1,619.559380317206,2957.35279466737,2002.55789733369,0.322854580980446,100.127894866684,10.6536080138152,-0.95101862577005
1281,0.2,0,0.1,0,0,0,250,2307,1845.6,0.2,92.28,0,0
1282,0.2,0,0.1,0,0,1,250,2307,1578.712,0.315686172518422,78.9356,0,-0.362362402478738
1283,0.2,0,0.1,0,1,0,619.559380317206,2957.35279466737,2430.91751520064,0.178008954635373,119.571741831146,0,0
1284,0.2,0,0.1,0,1,1,619.559380317206,2957.35279466737,2164.02951520063,0.268254528474668,108.201475760032,0,-0.362362402478738
1285,0.2,0,0.1,0.333333333333333,0,0,250,2307,1845.6,0.2,92.28,3.272864,0
1286,0.2,0,0.1,0.333333333333333,0,1,250,2307,1578.712,0.315686172518422,78.9356,2.79958261333333,-0.362362402478738
1287,0.2,0,0.1,0.333333333333333,1,0,619.559380317206,2957.35279466737,2430.91751520064,0.178008954635373,119.571741831146,4.24081111027797,0
1288,0.2,0,0.1,0.333333333333333,1,1,619.559380317206,2957.35279466737,2164.02951520063,0.268254528474668,108.201475760032,3.83754567362246,-0.362362402478738
1289,0.2,0,0.1,0.666666666666667,0,0,250,2307,1845.6,0.2,92.28,6.545728,0
1290,0.2,0,0.1,0.666666666666667,0,1,250,2307,1578.712,0.315686172518422,78.9356,5.59916522666667,-0.362362402478738
1291,0.2,0,0.1,0.666666666666667,1,0,619.559380317206,2957.35279466737,2430.91751520064,0.178008954635373,119.571741831146,8.48162222055593,0
1292,0.2,0,0.1,0.666666666666667,1,1,619.559380317206,2957.35279466737,2164.02951520063,0.268254528474668,108.201475760032,7.67509134724492,-0.362362402478738
1293,0.2,0,0.1,1,0,0,250,2307,1845.6,0.2,92.28,9.818592,0
1294,0.2,0,0.1,1,0,1,250,2307,1578.712,0.315686172518422,78.9356,8.39874784,-0.362362402478738
1295,0.2,0,0.1,1,1,0,619.559380317206,2957.35279466737,2430.91751520064,0.178008954635373,119.571741831146,12.7224333308339,0
1296,0.2,0,0.1,1,1,1,619.559380317206,2957.35279466737,2164.02951520063,0.268254528474668,108.201475760032,11.5126370208674,-0.362362402478738
1297,0.2,0,0.2,0,0,0,250,2307,1845.6,0.2,92.28,0,0
1298,0.2,0,0.2,0,0,1,250,2307,1578.712,0.315686172518422,78.9356,0,-0.362362402478738
1299,0.2,0,0.2,0,1,0,619.559380317206,2957.35279466737,2365.8822357339,0.2,116.319977857809,0,0
1300,0.2,0,0.2,0,1,1,619.559380317206,2957.35279466737,2098.9942357339,0.290245573839295,104.949711786695,0,-0.362362402478738
1301,0.2,0,0.2,0.333333333333333,0,0,250,2307,1845.6,0.2,92.28,3.272864,0
1302,0.2,0,0.2,0.333333333333333,0,1,250,2307,1578.712,0.315686172518422,78.9356,2.79958261333333,-0.362362402478738
1303,0.2,0,0.2,0.333333333333333,1,0,619.559380317206,2957.35279466737,2365.8822357339,0.2,116.319977857809,4.12548188135695,0
1304,0.2,0,0.2,0.333333333333333,1,1,619.559380317206,2957.35279466737,2098.9942357339,0.290245573839295,104.949711786695,3.72221644470144,-0.362362402478738
1305,0.2,0,0.2,0.666666666666667,0,0,250,2307,1845.6,0.2,92.28,6.545728,0
1306,0.2,0,0.2,0.666666666666667,0,1,250,2307,1578.712,0.315686172518422,78.9356,5.59916522666667,-0.362362402478738
1307,0.2,0,0.2,0.666666666666667,1,0,619.559380317206,2957.35279466737,2365.8822357339,0.2,116.319977857809,8.2509637627139,0
1308,0.2,0,0.2,0.666666666666667,1,1,619.559380317206,2957.35279466737,2098.9942357339,0.290245573839295,104.949711786695,7.44443288940289,-0.362362402478738
1309,0.2,0,0.2,1,0,0,250,2307,1845.6,0.2,92.28,9.818592,0
1310,0.2,0,0.2,1,0,1,250,2307,1578.712,0.315686172518422,78.9356,8.39874784,-0.362362402478738
1311,0.2,0,0.2,1,1,0,619.559380317206,2957.35279466737,2365.8822357339,0.2,116.319977857809,12.3764456440709,0
1312,0.2,0,0.2,1,1,1,619.559380317206,2957.35279466737,2098.9942357339,0.290245573839295,104.949711786695,11.1666493341043,-0.362362402478738
1313,0.2,0,0.3,0,0,0,250,2307,1845.6,0.2,92.28,0,0
1314,0.2,0,0.3,0,0,1,250,2307,1578.712,0.315686172518422,78.9356,0,-0.362362402478738
1315,0.2,0,0.3,0,1,0,619.559380317206,2957.35279466737,2300.84695626716,0.221991045364627,113.068213884472,0,0
1316,0.2,0,0.3,0,1,1,619.559380317206,2957.35279466737,2033.95895626716,0.312236619203922,101.697947813358,0,-0.362362402478738
1317,0.2,0,0.3,0.333333333333333,0,0,250,2307,1845.6,0.2,92.28,3.272864,0
1318,0.2,0,0.3,0.333333333333333,0,1,250,2307,1578.712,0.315686172518422,78.9356,2.79958261333333,-0.362362402478738
1319,0.2,0,0.3,0.333333333333333,1,0,619.559380317206,2957.35279466737,2300.84695626716,0.221991045364627,113.068213884472,4.01015265243594,0
1320,0.2,0,0.3,0.333333333333333,1,1,619.559380317206,2957.35279466737,2033.95895626716,0.312236619203922,101.697947813358,3.60688721578043,-0.362362402478738
1321,0.2,0,0.3,0.666666666666667,0,0,250,2307,1845.6,0.2,92.28,6.545728,0
1322,0.2,0,0.3,0.666666666666667,0,1,250,2307,1578.712,0.315686172518422,78.9356,5.59916522666667,-0.362362402478738
1323,0.2,0,0.3,0.666666666666667,1,0,619.559380317206,2957.35279466737,2300.84695626716,0.221991045364627,113.068213884472,8.02030530487188,0
1324,0.2,0,0.3,0.666666666666667,1,1,619.559380317206,2957.35279466737,2033.95895626716,0.312236619203922,101.697947813358,7.21377443156086,-0.362362402478738
1325,0.2,0,0.3,1,0,0,250,2307,1845.6,0.2,92.28,9.818592,0
1326,0.2,0,0.3,1,0,1,250,2307,1578.712,0.315686172518422,78.9356,8.39874784,-0.362362402478738
1327,0.2,0,0.3,1,1,0,619.559380317206,2957.35279466737,2300.84695626716,0.221991045364627,113.068213884472,12.0304579573078,0
1328,0.2,0,0.3,1,1,1,619.559380317206,2957.35279466737,2033.95895626716,0.312236619203922,101.697947813358,10.8206616473413,-0.362362402478738
1329,0.2,0,0.5,0,0,0,250,2307,1845.6,0.2,92.28,0,0
1330,0.2,0,0.5,0,0,1,250,2307,1578.712,0.315686172518422,78.9356,0,-0.362362402478738
1331,0.2,0,0.5,0,1,0,619.559380317206,2957.35279466737,2170.77639733369,0.265973136093882,106.564685937798,0,0
1332,0.2,0,0.5,0,1,1,619.559380317206,2957.35279466737,1903.88839733369,0.356218709933177,95.1944198666843,0,-0.362362402478738
1333,0.2,0,0.5,0.333333333333333,0,0,250,2307,1845.6,0.2,92.28,3.272864,0
1334,0.2,0,0.5,0.333333333333333,0,1,250,2307,1578.712,0.315686172518422,78.9356,2.79958261333333,-0.362362402478738
1335,0.2,0,0.5,0.333333333333333,1,0,619.559380317206,2957.35279466737,2170.77639733369,0.265973136093882,106.564685937798,3.77949419459391,0
1336,0.2,0,0.5,0.333333333333333,1,1,619.559380317206,2957.35279466737,1903.88839733369,0.356218709933177,95.1944198666843,3.3762287579384,-0.362362402478738
1337,0.2,0,0.5,0.666666666666667,0,0,250,2307,1845.6,0.2,92.28,6.545728,0
1338,0.2,0,0.5,0.666666666666667,0,1,250,2307,1578.712,0.315686172518422,78.9356,5.59916522666667,-0.362362402478738
1339,0.2,0,0.5,0.666666666666667,1,0,619.559380317206,2957.35279466737,2170.77639733369,0.265973136093882,106.564685937798,7.55898838918782,0
1340,0.2,0,0.5,0.666666666666667,1,1,619.559380317206,2957.35279466737,1903.88839733369,0.356218709933177,95.1944198666843,6.75245751587681,-0.362362402478738
1341,0.2,0,0.5,1,0,0,250,2307,1845.6,0.2,92.28,9.818592,0
1342,0.2,0,0.5,1,0,1,250,2307,1578.712,0.315686172518422,78.9356,8.39874784,-0.362362402478738
1343,0.2,0,0.5,1,1,0,619.559380317206,2957.35279466737,2170.77639733369,0.265973136093882,106.564685937798,11.3384825837817,0
1344,0.2,0,0.5,1,1,1,619.559380317206,2957.35279466737,1903.88839733369,0.356218709933177,95.1944198666843,10.1286862738152,-0.362362402478738
1345,0.2,0.25,0.1,0,0,0,250,2307,1845.6,0.2,92.28,0,-0.15306818872854
1346,0.2,0.25,0.1,0,0,1,250,2307,1578.712,0.315686172518422,78.9356,0,-0.515430591207278
1347,0.2,0.25,0.1,0,1,0,619.559380317206,2957.35279466737,2430.91751520064,0.178008954635373,119.571741831146,0,-0.196218741097104
1348,0.2,0.25,0.1,0,1,1,619.559380317206,2957.35279466737,2164.02951520063,0.268254528474668,108.201475760032,0,-0.558581143575842
1349,0.2,0.25,0.1,0.333333333333333,0,0,250,2307,1845.6,0.2,92.28,3.272864,-0.15306818872854
1350,0.2,0.25,0.1,0.333333333333333,0,1,250,2307,1578.712,0.315686172518422,78.9356,2.79958261333333,-0.515430591207278
1351,0.2,0.25,0.1,0.333333333333333,1,0,619.559380317206,2957.35279466737,2430.91751520064,0.178008954635373,119.571741831146,4.24081111027797,-0.196218741097104
1352,0.2,0.25,0.1,0.333333333333333,1,1,619.559380317206,2957.35279466737,2164.02951520063,0.268254528474668,108.201475760032,3.83754567362246,-0.558581143575842
1353,0.2,0.25,0.1,0.666666666666667,0,0,250,2307,1845.6,0.2,92.28,6.545728,-0.15306818872854
1354,0.2,0.25,0.1,0.666666666666667,0,1,250,2307,1578.712,0.315686172518422,78.9356,5.59916522666667,-0.515430591207278
1355,0.2,0.25,0.1,0.666666666666667,1,0,619.559380317206,2957.35279466737,2430.91751520064,0.178008954635373,119.571741831146,8.48162222055593,-0.196218741097104
1356,0.2,0.25,0.1,0.666666666666667,1,1,619.559380317206,2957.35279466737,2164.02951520063,0.268254528474668,108.201475760032,7.67509134724492,-0.558581143575842
1357,0.2,0.25,0.1,1,0,0,250,2307,1845.6,0.2,92.28,9.818592,-0.15306818872854
1358,0.2,0.25,0.1,1,0,1,250,2307,1578.712,0.315686172518422,78.9356,8.39874784,-0.515430591207278
1359,0.2,0.25,0.1,1,1,0,619.559380317206,2957.35279466737,2430.91751520064,0.178008954635373,119.571741831146,12.7224333308339,-0.196218741097104
1360,0.2,0.25,0.1,1,1,1,619.559380317206,2957.35279466737,2164.02951520063,0.268254528474668,108.201475760032,11.5126370208674,-0.558581143575842
1361,0.2,0.25,0.2,0,0,0,250,2307,1845.6,0.2,92.28,0,-0.15306818872854
1362,0.2,0.25,0.2,0,0,1,250,2307,1578.712,0.315686172518422,78.9356,0,-0.515430591207278
1363,0.2,0.25,0.2,0,1,0,619.559380317206,2957.35279466737,2365.8822357339,0.2,116.319977857809,0,-0.196218741097104
1364,0.2,0.25,0.2,0,1,1,619.559380317206,2957.35279466737,2098.9942357339,0.290245573839295,104.949711786695,0,-0.558581143575842
1365,0.2,0.25,0.2,0.333333333333333,0,0,250,2307,1845.6,0.2,92.28,3.272864,-0.15306818872854
1366,0.2,0.25,0.2,0.333333333333333,0,1,250,2307,1578.712,0.315686172518422,78.9356,2.79958261333333,-0.515430591207278
1367,0.2,0.25,0.2,0.333333333333333,1,0,619.559380317206,2957.35279466737,2365.8822357339,0.2,116.319977857809,4.12548188135695,-0.196218741097104
1368,0.2,0.25,0.2,0.333333333333333,1,1,619.559380317206,2957.35279466737,2098.9942357339,0.290245573839295,104.949711786695,3.72221644470144,-0.558581143575842
1369,0.2,0.25,0.2,0.666666666666667,0,0,250,2307,1845.6,0.2,92.28,6.545728,-0.15306818872854
1370,0.2,0.25,0.2,0.666666666666667,0,1,250,2307,1578.712,0.315686172518422,78.9356,5.59916522666667,-0.515430591207278
1371,0.2,0.25,0.2,0.666666666666667,1,0,619.559380317206,2957.35279466737,2365.8822357339,0.2,116.319977857809,8.2509637627139,-0.196218741097104
1372,0.2,0.25,0.2,0.666666666666667,1,1,619.559380317206,2957.35279466737,2098.9942357339,0.290245573839295,104.949711786695,7.44443288940289,-0.558581143575842
1373,0.2,0.25,0.2,1,0,0,250,2307,1845.6,0.2,92.28,9.818592,-0.15306818872854
1374,0.2,0.25,0.2,1,0,1,250,2307,1578.712,0.315686172518422,78.9356,8.39874784,-0.515430591207278
1375,0.2,0.25,0.2,1,1,0,619.559380317206,2957.35279466737,2365.8822357339,0.2,116.319977857809,12.3764456440709,-0.196218741097104
1376,0.2,0.25,0.2,1,1,1,619.559380317206,2957.35279466737,2098.9942357339,0.290245573839295,104.949711786695,11.1666493341043,-0.558581143575842
1377,0.2,0.25,0.3,0,0,0,250,2307,1845.6,0.2,92.28,0,-0.15306818872854
1378,0.2,0.25,0.3,0,0,1,250,2307,1578.712,0.315686172518422,78.9356,0,-0.515430591207278
1379,0.2,0.25,0.3,0,1,0,619.559380317206,2957.35279466737,2300.84695626716,0.221991045364627,113.068213884472,0,-0.196218741097104
1380,0.2,0.25,0.3,0,1,1,619.559380317206,2957.35279466737,2033.95895626716,0.312236619203922,101.697947813358,0,-0.558581143575842
1381,0.2,0.25,0.3,0.333333333333333,0,0,250,2307,1845.6,0.2,92.28,3.272864,-0.15306818872854
1382,0.2,0.25,0.3,0.333333333333333,0,1,250,2307,1578.712,0.315686172518422,78.9356,2.79958261333333,-0.515430591207278
1383,0.2,0.25,0.3,0.333333333333333,1,0,619.559380317206,2957.35279466737,2300.84695626716,0.221991045364627,113.068213884472,4.01015265243594,-0.196218741097104
1384,0.2,0.25,0.3,0.333333333333333,1,1,619.559380317206,2957.35279466737,2033.95895626716,0.312236619203922,101.697947813358,3.60688721578043,-0.558581143575842
1385,0.2,0.25,0.3,0.666666666666667,0,0,250,2307,1845.6,0.2,92.28,6.545728,-0.15306818872854
1386,0.2,0.25,0.3,0.666666666666667,0,1,250,2307,1578.712,0.315686172518422,78.9356,5.59916522666667,-0.515430591207278
1387,0.2,0.25,0.3,0.666666666666667,1,0,619.559380317206,2957.35279466737,2300.84695626716,0.221991045364627,113.068213884472,8.02030530487188,-0.196218741097104
1388,0.2,0.25,0.3,0.666666666666667,1,1,619.559380317206,2957.35279466737,2033.95895626716,0.312236619203922,101.697947813358,7.21377443156086,-0.558581143575842
1389,0.2,0.25,0.3,1,0,0,250,2307,1845.6,0.2,92.28,9.818592,-0.15306818872854
1390,0.2,0.25,0.3,1,0,1,250,2307,1578.712,0.315686172518422,78.9356,8.39874784,-0.515430591207278
1391,0.2,0.25,0.3,1,1,0,619.559380317206,2957.35279466737,2300.84695626716,0.221991045364627,113.068213884472,12.0304579573078,-0.196218741097104
1392,0.2,0.25,0.3,1,1,1,619.559380317206,2957.35279466737,2033.95895626716,0.312236619203922,101.697947813358,10.8206616473413,-0.558581143575842
1393,0.2,0.25,0.5,0,0,0,250,2307,1845.6,0.2,92.28,0,-0.15306818872854
1394,0.2,0.25,0.5,0,0,1,250,2307,1578.712,0.315686172518422,78.9356,0,-0.515430591207278
1395,0.2,0.25,0.5,0,1,0,619.559380317206,2957.35279466737,2170.77639733369,0.265973136093882,106.564685937798,0,-0.196218741097104
1396,0.2,0.25,0.5,0,1,1,619.559380317206,2957.35279466737,1903.88839733369,0.356218709933177,95.1944198666843,0,-0.558581143575842
1397,0.2,0.25,0.5,0.333333333333333,0,0,250,2307,1845.6,0.2,92.28,3.272864,-0.15306818872854
1398,0.2,0.25,0.5,0.333333333333333,0,1,250,2307,1578.712,0.315686172518422,78.9356,2.79958261333333,-0.515430591207278
1399,0.2,0.25,0.5,0.333333333333333,1,0,619.559380317206,2957.35279466737,2170.77639733369,0.265973136093882,106.564685937798,3.77949419459391,-0.196218741097104
1400,0.2,0.25,0.5,0.333333333333333,1,1,619.559380317206,2957.35279466737,1903.88839733369,0.356218709933177,95.1944198666843,3.3762287579384,-0.558581143575842
1401,0.2,0.25,0.5,0.666666666666667,0,0,250,2307,1845.6,0.2,92.28,6.545728,-0.15306818872854
1402,0.2,0.25,0.5,0.666666666666667,0,1,250,2307,1578.712,0.315686172518422,78.9356,5.59916522666667,-0.515430591207278
1403,0.2,0.25,0.5,0.666666666666667,1,0,619.559380317206,2957.35279466737,2170.77639733369,0.265973136093882,106.564685937798,7.55898838918782,-0.196218741097104
1404,0.2,0.25,0.5,0.666666666666667,1,1,619.559380317206,2957.35279466737,1903.88839733369,0.356218709933177,95.1944198666843,6.75245751587681,-0.558581143575842
1405,0.2,0.25,0.5,1,0,0,250,2307,1845.6,0.2,92.28,9.818592,-0.15306818872854
1406,0.2,0.25,0.5,1,0,1,250,2307,1578.712,0.315686172518422,78.9356,8.39874784,-0.515430591207278
1407,0.2,0.25,0.5,1,1,0,619.559380317206,2957.35279466737,2170.77639733369,0.265973136093882,106.564685937798,11.3384825837817,-0.196218741097104
1408,0.2,0.25,0.5,1,1,1,619.559380317206,2957.35279466737,1903.88839733369,0.356218709933177,95.1944198666843,10.1286862738152,-0.558581143575842
1409,0.2,0.5,0.1,0,0,0,250,2307,1845.6,0.2,92.28,0,-0.306136377457079
1410,0.2,0.5,0.1,0,0,1,250,2307,1578.712,0.315686172518422,78.9356,0,-0.668498779935817
1411,0.2,0.5,0.1,0,1,0,619.559380317206,2957.35279466737,2430.91751520064,0.178008954635373,119.571741831146,0,-0.392437482194208
1412,0.2,0.5,0.1,0,1,1,619.559380317206,2957.35279466737,2164.02951520063,0.268254528474668,108.201475760032,0,-0.754799884672947
1413,0.2,0.5,0.1,0.333333333333333,0,0,250,2307,1845.6,0.2,92.28,3.272864,-0.306136377457079
1414,0.2,0.5,0.1,0.333333333333333,0,1,250,2307,1578.712,0.315686172518422,78.9356,2.79958261333333,-0.668498779935817
1415,0.2,0.5,0.1,0.333333333333333,1,0,619.559380317206,2957.35279466737,2430.91751520064,0.178008954635373,119.571741831146,4.24081111027797,-0.392437482194208
1416,0.2,0.5,0.1,0.333333333333333,1,1,619.559380317206,2957.35279466737,2164.02951520063,0.268254528474668,108.201475760032,3.83754567362246,-0.754799884672947
1417,0.2,0.5,0.1,0.666666666666667,0,0,250,2307,1845.6,0.2,92.28,6.545728,-0.306136377457079
1418,0.2,0.5,0.1,0.666666666666667,0,1,250,2307,1578.712,0.315686172518422,78.9356,5.59916522666667,-0.668498779935817
1419,0.2,0.5,0.1,0.666666666666667,1,0,619.559380317206,2957.35279466737,2430.91751520064,0.178008954635373,119.571741831146,8.48162222055593,-0.392437482194208
1420,0.2,0.5,0.1,0.666666666666667,1,1,619.559380317206,2957.35279466737,2164.02951520063,0.268254528474668,108.201475760032,7.67509134724492,-0.754799884672947
1421,0.2,0.5,0.1,1,0,0,250,2307,1845.6,0.2,92.28,9.818592,-0.306136377457079
1422,0.2,0.5,0.1,1,0,1,250,2307,1578.712,0.315686172518422,78.9356,8.39874784,-0.668498779935817
1423,0.2,0.5,0.1,1,1,0,619.559380317206,2957.35279466737,2430.91751520064,0.178008954635373,119.571741831146,12.7224333308339,-0.392437482194208
1424,0.2,0.5,0.1,1,1,1,619.559380317206,2957.35279466737,2164.02951520063,0.268254528474668,108.201475760032,11.5126370208674,-0.754799884672947
1425,0.2,0.5,0.2,0,0,0,250,2307,1845.6,0.2,92.28,0,-0.306136377457079
1426,0.2,0.5,0.2,0,0,1,250,2307,1578.712,0.315686172518422,78.9356,0,-0.668498779935817
1427,0.2,0.5,0.2,0,1,0,619.559380317206,2957.35279466737,2365.8822357339,0.2,116.319977857809,0,-0.392437482194208
1428,0.2,0.5,0.2,0,1,1,619.559380317206,2957.35279466737,2098.9942357339,0.290245573839295,104.949711786695,0,-0.754799884672947
1429,0.2,0.5,0.2,0.333333333333333,0,0,250,2307,1845.6,0.2,92.28,3.272864,-0.306136377457079
1430,0.2,0.5,0.2,0.333333333333333,0,1,250,2307,1578.712,0.315686172518422,78.9356,2.79958261333333,-0.668498779935817
1431,0.2,0.5,0.2,0.333333333333333,1,0,619.559380317206,2957.35279466737,2365.8822357339,0.2,116.319977857809,4.12548188135695,-0.392437482194208
1432,0.2,0.5,0.2,0.333333333333333,1,1,619.559380317206,2957.35279466737,2098.9942357339,0.290245573839295,104.949711786695,3.72221644470144,-0.754799884672947
1433,0.2,0.5,0.2,0.666666666666667,0,0,250,2307,1845.6,0.2,92.28,6.545728,-0.306136377457079
1434,0.2,0.5,0.2,0.666666666666667,0,1,250,2307,1578.712,0.315686172518422,78.9356,5.59916522666667,-0.668498779935817
1435,0.2,0.5,0.2,0.666666666666667,1,0,619.559380317206,2957.35279466737,2365.8822357339,0.2,116.319977857809,8.2509637627139,-0.392437482194208
1436,0.2,0.5,0.2,0.666666666666667,1,1,619.559380317206,2957.35279466737,2098.9942357339,0.290245573839295,104.949711786695,7.44443288940289,-0.754799884672947
1437,0.2,0.5,0.2,1,0,0,250,2307,1845.6,0.2,92.28,9.818592,-0.306136377457079
1438,0.2,0.5,0.2,1,0,1,250,2307,1578.712,0.315686172518422,78.9356,8.39874784,-0.668498779935817
1439,0.2,0.5,0.2,1,1,0,619.559380317206,2957.35279466737,2365.8822357339,0.2,116.319977857809,12.3764456440709,-0.392437482194208
1440,0.2,0.5,0.2,1,1,1,619.559380317206,2957.35279466737,2098.9942357339,0.290245573839295,104.949711786695,11.1666493341043,-0.754799884672947
1441,0.2,0.5,0.3,0,0,0,250,2307,1845.6,0.2,92.28,0,-0.306136377457079
1442,0.2,0.5,0.3,0,0,1,250,2307,1578.712,0.315686172518422,78.9356,0,-0.668498779935817
1443,0.2,0.5,0.3,0,1,0,619.559380317206,2957.35279466737,2300.84695626716,0.221991045364627,113.068213884472,0,-0.392437482194208
1444,0.2,0.5,0.3,0,1,1,619.559380317206,2957.35279466737,2033.95895626716,0.312236619203922,101.697947813358,0,-0.754799884672947
1445,0.2,0.5,0.3,0.333333333333333,0,0,250,2307,1845.6,0.2,92.28,3.272864,-0.306136377457079
1446,0.2,0.5,0.3,0.333333333333333,0,1,250,2307,1578.712,0.315686172518422,78.9356,2.79958261333333,-0.668498779935817
1447,0.2,0.5,0.3,0.333333333333333,1,0,619.559380317206,2957.35279466737,2300.84695626716,0.221991045364627,113.068213884472,4.01015265243594,-0.392437482194208
1448,0.2,0.5,0.3,0.333333333333333,1,1,619.559380317206,2957.35279466737,2033.95895626716,0.312236619203922,101.697947813358,3.60688721578043,-0.754799884672947
1449,0.2,0.5,0.3,0.666666666666667,0,0,250,2307,1845.6,0.2,92.28,6.545728,-0.306136377457079
1450,0.2,0.5,0.3,0.666666666666667,0,1,250,2307,1578.712,0.315686172518422,78.9356,5.59916522666667,-0.668498779935817
1451,0.2,0.5,0.3,0.666666666666667,1,0,619.559380317206,2957.35279466737,2300.84695626716,0.221991045364627,113.068213884472,8.02030530487188,-0.392437482194208
1452,0.2,0.5,0.3,0.666666666666667,1,1,619.559380317206,2957.35279466737,2033.95895626716,0.312236619203922,101.697947813358,7.21377443156086,-0.754799884672947
1453,0.2,0.5,0.3,1,0,0,250,2307,1845.6,0.2,92.28,9.818592,-0.306136377457079
1454,0.2,0.5,0.3,1,0,1,250,2307,1578.712,0.315686172518422,78.9356,8.39874784,-0.668498779935817
1455,0.2,0.5,0.3,1,1,0,619.559380317206,2957.35279466737,2300.84695626716,0.221991045364627,113.068213884472,12.0304579573078,-0.392437482194208
1456,0.2,0.5,0.3,1,1,1,619.559380317206,2957.35279466737,2033.95895626716,0.312236619203922,101.697947813358,10.8206616473413,-0.754799884672947
1457,0.2,0.5,0.5,0,0,0,250,2307,1845.6,0.2,92.28,0,-0.306136377457079
1458,0.2,0.5,0.5,0,0,1,250,2307,1578.712,0.315686172518422,78.9356,0,-0.668498779935817
1459,0.2,0.5,0.5,0,1,0,619.559380317206,2957.35279466737,2170.77639733369,0.265973136093882,106.564685937798,0,-0.392437482194208
1460,0.2,0.5,0.5,0,1,1,619.559380317206,2957.35279466737,1903.88839733369,0.356218709933177,95.1944198666843,0,-0.754799884672947
1461,0.2,0.5,0.5,0.333333333333333,0,0,250,2307,1845.6,0.2,92.28,3.272864,-0.306136377457079
1462,0.2,0.5,0.5,0.333333333333333,0,1,250,2307,1578.712,0.315686172518422,78.9356,2.79958261333333,-0.668498779935817
1463,0.2,0.5,0.5,0.333333333333333,1,0,619.559380317206,2957.35279466737,2170.77639733369,0.265973136093882,106.564685937798,3.77949419459391,-0.392437482194208
1464,0.2,0.5,0.5,0.333333333333333,1,1,619.559380317206,2957.35279466737,1903.88839733369,0.356218709933177,95.1944198666843,3.3762287579384,-0.754799884672947
1465,0.2,0.5,0.5,0.666666666666667,0,0,250,2307,1845.6,0.2,92.28,6.545728,-0.306136377457079
1466,0.2,0.5,0.5,0.666666666666667,0,1,250,2307,1578.712,0.315686172518422,78.9356,5.59916522666667,-0.668498779935817
1467,0.2,0.5,0.5,0.666666666666667,1,0,619.559380317206,2957.35279466737,2170.77639733369,0.265973136093882,106.564685937798,7.55898838918782,-0.392437482194208
1468,0.2,0.5,0.5,0.666666666666667,1,1,619.559380317206,2957.35279466737,1903.88839733369,0.356218709933177,95.1944198666843,6.75245751587681,-0.754799884672947
1469,0.2,0.5,0.5,1,0,0,250,2307,1845.6,0.2,92.28,9.818592,-0.306136377457079
1470,0.2,0.5,0.5,1,0,1,250,2307,1578.712,0.315686172518422,78.9356,8.39874784,-0.668498779935817
1471,0.2,0.5,0.5,1,1,0,619.559380317206,2957.35279466737,2170.77639733369,0.265973136093882,106.564685937798,11.3384825837817,-0.392437482194208
1472,0.2,0.5,0.5,1,1,1,619.559380317206,2957.35279466737,1903.88839733369,0.356218709933177,95.1944198666843,10.1286862738152,-0.754799884672947
1473,0.2,0.75,0.1,0,0,0,250,2307,1845.6,0.2,92.28,0,-0.459204566185619
1474,0.2,0.75,0.1,0,0,1,250,2307,1578.712,0.315686172518422,78.9356,0,-0.821566968664357
1475,0.2,0.75,0.1,0,1,0,619.559380317206,2957.35279466737,2430.91751520064,0.178008954635373,119.571741831146,0,-0.588656223291312
1476,0.2,0.75,0.1,0,1,1,619.559380317206,2957.35279466737,2164.02951520063,0.268254528474668,108.201475760032,0,-0.951018625770051
1477,0.2,0.75,0.1,0.333333333333333,0,0,250,2307,1845.6,0.2,92.28,3.272864,-0.459204566185619
1478,0.2,0.75,0.1,0.333333333333333,0,1,250,2307,1578.712,0.315686172518422,78.9356,2.79958261333333,-0.821566968664357
1479,0.2,0.75,0.1,0.333333333333333,1,0,619.559380317206,2957.35279466737,2430.91751520064,0.178008954635373,119.571741831146,4.24081111027797,-0.588656223291312
1480,0.2,0.75,0.1,0.333333333333333,1,1,619.559380317206,2957.35279466737,2164.02951520063,0.268254528474668,108.201475760032,3.83754567362246,-0.951018625770051
1481,0.2,0.75,0.1,0.666666666666667,0,0,250,2307,1845.6,0.2,92.28,6.545728,-0.459204566185619
1482,0.2,0.75,0.1,0.666666666666667,0,1,250,2307,1578.712,0.315686172518422,78.9356,5.59916522666667,-0.821566968664357
1483,0.2,0.75,0.1,0.666666666666667,1,0,619.559380317206,2957.35279466737,2430.91751520064,0.178008954635373,119.571741831146,8.48162222055593,-0.588656223291312
1484,0.2,0.75,0.1,0.666666666666667,1,1,619.559380317206,2957.35279466737,2164.02951520063,0.268254528474668,108.201475760032,7.67509134724492,-0.951018625770051
1485,0.2,0.75,0.1,1,0,0,250,2307,1845.6,0.2,92.28,9.818592,-0.459204566185619
1486,0.2,0.75,0.1,1,0,1,250,2307,1578.712,0.315686172518422,78.9356,8.39874784,-0.821566968664357
1487,0.2,0.75,0.1,1,1,0,619.559380317206,2957.35279466737,2430.91751520064,0.178008954635373,119.571741831146,12.7224333308339,-0.588656223291312
1488,0.2,0.75,0.1,1,1,1,619.559380317206,2957.35279466737,2164.02951520063,0.268254528474668,108.201475760032,11.5126370208674,-0.951018625770051
1489,0.2,0.75,0.2,0,0,0,250,2307,1845.6,0.2,92.28,0,-0.459204566185619
1490,0.2,0.75,0.2,0,0,1,250,2307,1578.712,0.315686172518422,78.9356,0,-0.821566968664357
1491,0.2,0.75,0.2,0,1,0,619.559380317206,2957.35279466737,2365.8822357339,0.2,116.319977857809,0,-0.588656223291312
1492,0.2,0.75,0.2,0,1,1,619.559380317206,2957.35279466737,2098.9942357339,0.290245573839295,104.949711786695,0,-0.951018625770051
1493,0.2,0.75,0.2,0.333333333333333,0,0,250,2307,1845.6,0.2,92.28,3.272864,-0.459204566185619
1494,0.2,0.75,0.2,0.333333333333333,0,1,250,2307,1578.712,0.315686172518422,78.9356,2.79958261333333,-0.821566968664357
1495,0.2,0.75,0.2,0.333333333333333,1,0,619.559380317206,2957.35279466737,2365.8822357339,0.2,116.319977857809,4.12548188135695,-0.588656223291312
1496,0.2,0.75,0.2,0.333333333333333,1,1,619.559380317206,2957.35279466737,2098.9942357339,0.290245573839295,104.949711786695,3.72221644470144,-0.951018625770051
1497,0.2,0.75,0.2,0.666666666666667,0,0,250,2307,1845.6,0.2,92.28,6.545728,-0.459204566185619
1498,0.2,0.75,0.2,0.666666666666667,0,1,250,2307,1578.712,0.315686172518422,78.9356,5.59916522666667,-0.821566968664357
1499,0.2,0.75,0.2,0.666666666666667,1,0,619.559380317206,2957.35279466737,2365.8822357339,0.2,116.319977857809,8.2509637627139,-0.588656223291312
1500,0.2,0.75,0.2,0.666666666666667,1,1,619.559380317206,2957.35279466737,2098.9942357339,0.290245573839295,104.949711786695,7.44443288940289,-0.951018625770051
1501,0.2,0.75,0.2,1,0,0,250,2307,1845.6,0.2,92.28,9.818592,-0.459204566185619
1502,0.2,0.75,0.2,1,0,1,250,2307,1578.712,0.315686172518422,78.9356,8.39874784,-0.821566968664357
1503,0.2,0.75,0.2,1,1,0,619.559380317206,2957.35279466737,2365.8822357339,0.2,116.319977857809,12.3764456440709,-0.588656223291312
1504,0.2,0.75,0.2,1,1,1,619.559380317206,2957.35279466737,2098.9942357339,0.290245573839295,104.949711786695,11.1666493341043,-0.951018625770051
1505,0.2,0.75,0.3,0,0,0,250,2307,1845.6,0.2,92.28,0,-0.459204566185619
1506,0.2,0.75,0.3,0,0,1,250,2307,1578.712,0.315686172518422,78.9356,0,-0.821566968664357
1507,0.2,0.75,0.3,0,1,0,619.559380317206,2957.35279466737,2300.84695626716,0.221991045364627,113.068213884472,0,-0.588656223291312
1508,0.2,0.75,0.3,0,1,1,619.559380317206,2957.35279466737,2033.95895626716,0.312236619203922,101.697947813358,0,-0.951018625770051
1509,0.2,0.75,0.3,0.333333333333333,0,0,250,2307,1845.6,0.2,92.28,3.272864,-0.459204566185619
1510,0.2,0.75,0.3,0.333333333333333,0,1,250,2307,1578.712,0.315686172518422,78.9356,2.79958261333333,-0.821566968664357
1511,0.2,0.75,0.3,0.333333333333333,1,0,619.559380317206,2957.35279466737,2300.84695626716,0.221991045364627,113.068213884472,4.01015265243594,-0.588656223291312
1512,0.2,0.75,0.3,0.333333333333333,1,1,619.559380317206,2957.35279466737,2033.95895626716,0.312236619203922,101.697947813358,3.60688721578043,-0.951018625770051
1513,0.2,0.75,0.3,0.666666666666667,0,0,250,2307,1845.6,0.2,92.28,6.545728,-0.459204566185619
1514,0.2,0.75,0.3,0.666666666666667,0,1,250,2307,1578.712,0.315686172518422,78.9356,5.59916522666667,-0.821566968664357
1515,0.2,0.75,0.3,0.666666666666667,1,0,619.559380317206,2957.35279466737,2300.84695626716,0.221991045364627,113.068213884472,8.02030530487188,-0.588656223291312
1516,0.2,0.75,0.3,0.666666666666667,1,1,619.559380317206,2957.35279466737,2033.95895626716,0.312236619203922,101.697947813358,7.21377443156086,-0.951018625770051
1517,0.2,0.75,0.3,1,0,0,250,2307,1845.6,0.2,92.28,9.818592,-0.459204566185619
1518,0.2,0.75,0.3,1,0,1,250,2307,1578.712,0.315686172518422,78.9356,8.39874784,-0.821566968664357
1519,0.2,0.75,0.3,1,1,0,619.559380317206,2957.35279466737,2300.84695626716,0.221991045364627,113.068213884472,12.0304579573078,-0.588656223291312
1520,0.2,0.75,0.3,1,1,1,619.559380317206,2957.35279466737,2033.95895626716,0.312236619203922,101.697947813358,10.8206616473413,-0.951018625770051
1521,0.2,0.75,0.5,0,0,0,250,2307,1845.6,0.2,92.28,0,-0.459204566185619
1522,0.2,0.75,0.5,0,0,1,250,2307,1578.712,0.315686172518422,78.9356,0,-0.821566968664357
1523,0.2,0.75,0.5,0,1,0,619.559380317206,2957.35279466737,2170.77639733369,0.265973136093882,106.564685937798,0,-0.588656223291312
1524,0.2,0.75,0.5,0,1,1,619.559380317206,2957.35279466737,1903.88839733369,0.356218709933177,95.1944198666843,0,-0.951018625770051
1525,0.2,0.75,0.5,0.333333333333333,0,0,250,2307,1845.6,0.2,92.28,3.272864,-0.459204566185619
1526,0.2,0.75,0.5,0.333333333333333,0,1,250,2307,1578.712,0.315686172518422,78.9356,2.79958261333333,-0.821566968664357
1527,0.2,0.75,0.5,0.333333333333333,1,0,619.559380317206,2957.35279466737,2170.77639733369,0.265973136093882,106.564685937798,3.77949419459391,-0.588656223291312
1528,0.2,0.75,0.5,0.333333333333333,1,1,619.559380317206,2957.35279466737,1903.88839733369,0.356218709933177,95.1944198666843,3.3762287579384,-0.951018625770051
1529,0.2,0.75,0.5,0.666666666666667,0,0,250,2307,1845.6,0.2,92.28,6.545728,-0.459204566185619
1530,0.2,0.75,0.5,0.666666666666667,0,1,250,2307,1578.712,0.315686172518422,78.9356,5.59916522666667,-0.821566968664357
1531,0.2,0.75,0.5,0.666666666666667,1,0,619.559380317206,2957.35279466737,2170.77639733369,0.265973136093882,106.564685937798,7.55898838918782,-0.588656223291312
1532,0.2,0.75,0.5,0.666666666666667,1,1,619.559380317206,2957.35279466737,1903.88839733369,0.356218709933177,95.1944198666843,6.75245751587681,-0.951018625770051
1533,0.2,0.75,0.5,1,0,0,250,2307,1845.6,0.2,92.28,9.818592,-0.459204566185619
1534,0.2,0.75,0.5,1,0,1,250,2307,1578.712,0.315686172518422,78.9356,8.39874784,-0.821566968664357
1535,0.2,0.75,0.5,1,1,0,619.559380317206,2957.35279466737,2170.77639733369,0.265973136093882,106.564685937798,11.3384825837817,-0.588656223291312
1536,0.2,0.75,0.5,1,1,1,619.559380317206,2957.35279466737,1903.88839733369,0.356218709933177,95.1944198666843,10.1286862738152,-0.951018625770051
1537,0.2,1,0.1,0,0,0,250,2307,1845.6,0.2,92.28,0,-0.612272754914158
1538,0.2,1,0.1,0,0,1,250,2307,1578.712,0.315686172518422,78.9356,0,-0.974635157392897
1539,0.2,1,0.1,0,1,0,619.559380317206,2957.35279466737,2430.91751520064,0.178008954635373,119.571741831146,0,-0.784874964388417
1540,0.2,1,0.1,0,1,1,619.559380317206,2957.35279466737,2164.02951520063,0.268254528474668,108.201475760032,0,-1.14723736686715
1541,0.2,1,0.1,0.333333333333333,0,0,250,2307,1845.6,0.2,92.28,3.272864,-0.612272754914158
1542,0.2,1,0.1,0.333333333333333,0,1,250,2307,1578.712,0.315686172518422,78.9356,2.79958261333333,-0.974635157392897
1543,0.2,1,0.1,0.333333333333333,1,0,619.559380317206,2957.35279466737,2430.91751520064,0.178008954635373,119.571741831146,4.24081111027797,-0.784874964388417
1544,0.2,1,0.1,0.333333333333333,1,1,619.559380317206,2957.35279466737,2164.02951520063,0.268254528474668,108.201475760032,3.83754567362246,-1.14723736686715
1545,0.2,1,0.1,0.666666666666667,0,0,250,2307,1845.6,0.2,92.28,6.545728,-0.612272754914158
1546,0.2,1,0.1,0.666666666666667,0,1,250,2307,1578.712,0.315686172518422,78.9356,5.59916522666667,-0.974635157392897
1547,0.2,1,0.1,0.666666666666667,1,0,619.559380317206,2957.35279466737,2430.91751520064,0.178008954635373,119.571741831146,8.48162222055593,-0.784874964388417
1548,0.2,1,0.1,0.666666666666667,1,1,619.559380317206,2957.35279466737,2164.02951520063,0.268254528474668,108.201475760032,7.67509134724492,-1.14723736686715
1549,0.2,1,0.1,1,0,0,250,2307,1845.6,0.2,92.28,9.818592,-0.612272754914158
1550,0.2,1,0.1,1,0,1,250,2307,1578.712,0.315686172518422,78.9356,8.39874784,-0.974635157392897
1551,0.2,1,0.1,1,1,0,619.559380317206,2957.35279466737,2430.91751520064,0.178008954635373,119.571741831146,12.7224333308339,-0.784874964388417
1552,0.2,1,0.1,1,1,1,619.559380317206,2957.35279466737,2164.02951520063,0.268254528474668,108.201475760032,11.5126370208674,-1.14723736686715
1553,0.2,1,0.2,0,0,0,250,2307,1845.6,0.2,92.28,0,-0.612272754914158
1554,0.2,1,0.2,0,0,1,250,2307,1578.712,0.315686172518422,78.9356,0,-0.974635157392897
1555,0.2,1,0.2,0,1,0,619.559380317206,2957.35279466737,2365.8822357339,0.2,116.319977857809,0,-0.784874964388417
1556,0.2,1,0.2,0,1,1,619.559380317206,2957.35279466737,2098.9942357339,0.290245573839295,104.949711786695,0,-1.14723736686715
1557,0.2,1,0.2,0.333333333333333,0,0,250,2307,1845.6,0.2,92.28,3.272864,-0.612272754914158
1558,0.2,1,0.2,0.333333333333333,0,1,250,2307,1578.712,0.315686172518422,78.9356,2.79958261333333,-0.974635157392897
1559,0.2,1,0.2,0.333333333333333,1,0,619.559380317206,2957.35279466737,2365.8822357339,0.2,116.319977857809,4.12548188135695,-0.784874964388417
1560,0.2,1,0.2,0.333333333333333,1,1,619.559380317206,2957.35279466737,2098.9942357339,0.290245573839295,104.949711786695,3.72221644470144,-1.14723736686715
1561,0.2,1,0.2,0.666666666666667,0,0,250,2307,1845.6,0.2,92.28,6.545728,-0.612272754914158
1562,0.2,1,0.2,0.666666666666667,0,1,250,2307,1578.712,0.315686172518422,78.9356,5.59916522666667,-0.974635157392897
1563,0.2,1,0.2,0.666666666666667,1,0,619.559380317206,2957.35279466737,2365.8822357339,0.2,116.319977857809,8.2509637627139,-0.784874964388417
1564,0.2,1,0.2,0.666666666666667,1,1,619.559380317206,2957.35279466737,2098.9942357339,0.290245573839295,104.949711786695,7.44443288940289,-1.14723736686715
1565,0.2,1,0.2,1,0,0,250,2307,1845.6,0.2,92.28,9.818592,-0.612272754914158
1566,0.2,1,0.2,1,0,1,250,2307,1578.712,0.315686172518422,78.9356,8.39874784,-0.974635157392897
1567,0.2,1,0.2,1,1,0,619.559380317206,2957.35279466737,2365.8822357339,0.2,116.319977857809,12.3764456440709,-0.784874964388417
1568,0.2,1,0.2,1,1,1,619.559380317206,2957.35279466737,2098.9942357339,0.290245573839295,104.949711786695,11.1666493341043,-1.14723736686715
1569,0.2,1,0.3,0,0,0,250,2307,1845.6,0.2,92.28,0,-0.612272754914158
1570,0.2,1,0.3,0,0,1,250,2307,1578.712,0.315686172518422,78.9356,0,-0.974635157392897
1571,0.2,1,0.3,0,1,0,619.559380317206,2957.35279466737,2300.84695626716,0.221991045364627,113.068213884472,0,-0.784874964388417
1572,0.2,1,0.3,0,1,1,619.559380317206,2957.35279466737,2033.95895626716,0.312236619203922,101.697947813358,0,-1.14723736686715
1573,0.2,1,0.3,0.333333333333333,0,0,250,2307,1845.6,0.2,92.28,3.272864,-0.612272754914158
1574,0.2,1,0.3,0.333333333333333,0,1,250,2307,1578.712,0.315686172518422,78.9356,2.79958261333333,-0.974635157392897
1575,0.2,1,0.3,0.333333333333333,1,0,619.559380317206,2957.35279466737,2300.84695626716,0.221991045364627,113.068213884472,4.01015265243594,-0.784874964388417
1576,0.2,1,0.3,0.333333333333333,1,1,619.559380317206,2957.35279466737,2033.95895626716,0.312236619203922,101.697947813358,3.60688721578043,-1.14723736686715
1577,0.2,1,0.3,0.666666666666667,0,0,250,2307,1845.6,0.2,92.28,6.545728,-0.612272754914158
1578,0.2,1,0.3,0.666666666666667,0,1,250,2307,1578.712,0.315686172518422,78.9356,5.59916522666667,-0.974635157392897
1579,0.2,1,0.3,0.666666666666667,1,0,619.559380317206,2957.35279466737,2300.84695626716,0.221991045364627,113.068213884472,8.02030530487188,-0.784874964388417
1580,0.2,1,0.3,0.666666666666667,1,1,619.559380317206,2957.35279466737,2033.95895626716,0.312236619203922,101.697947813358,7.21377443156086,-1.14723736686715
1581,0.2,1,0.3,1,0,0,250,2307,1845.6,0.2,92.28,9.818592,-0.612272754914158
1582,0.2,1,0.3,1,0,1,250,2307,1578.712,0.315686172518422,78.9356,8.39874784,-0.974635157392897
1583,0.2,1,0.3,1,1,0,619.559380317206,2957.35279466737,2300.84695626716,0.221991045364627,113.068213884472,12.0304579573078,-0.784874964388417
1584,0.2,1,0.3,1,1,1,619.559380317206,2957.35279466737,2033.95895626716,0.312236619203922,101.697947813358,10.8206616473413,-1.14723736686715
1585,0.2,1,0.5,0,0,0,250,2307,1845.6,0.2,92.28,0,-0.612272754914158
1586,0.2,1,0.5,0,0,1,250,2307,1578.712,0.315686172518422,78.9356,0,-0.974635157392897
1587,0.2,1,0.5,0,1,0,619.559380317206,2957.35279466737,2170.77639733369,0.265973136093882,106.564685937798,0,-0.784874964388417
1588,0.2,1,0.5,0,1,1,619.559380317206,2957.35279466737,1903.88839733369,0.356218709933177,95.1944198666843,0,-1.14723736686715
1589,0.2,1,0.5,0.333333333333333,0,0,250,2307,1845.6,0.2,92.28,3.272864,-0.612272754914158
1590,0.2,1,0.5,0.333333333333333,0,1,250,2307,1578.712,0.315686172518422,78.9356,2.79958261333333,-0.974635157392897
1591,0.2,1,0.5,0.333333333333333,1,0,619.559380317206,2957.35279466737,2170.77639733369,0.265973136093882,106.564685937798,3.77949419459391,-0.784874964388417
1592,0.2,1,0.5,0.333333333333333,1,1,619.559380317206,2957.35279466737,1903.88839733369,0.356218709933177,95.1944198666843,3.3762287579384,-1.14723736686715
1593,0.2,1,0.5,0.666666666666667,0,0,250,2307,1845.6,0.2,92.28,6.545728,-0.612272754914158
1594,0.2,1,0.5,0.666666666666667,0,1,250,2307,1578.712,0.315686172518422,78.9356,5.59916522666667,-0.974635157392897
1595,0.2,1,0.5,0.666666666666667,1,0,619.559380317206,2957.35279466737,2170.77639733369,0.265973136093882,106.564685937798,7.55898838918782,-0.784874964388417
1596,0.2,1,0.5,0.666666666666667,1,1,619.559380317206,2957.35279466737,1903.88839733369,0.356218709933177,95.1944198666843,6.75245751587681,-1.14723736686715
1597,0.2,1,0.5,1,0,0,250,2307,1845.6,0.2,92.28,9.818592,-0.612272754914158
1598,0.2,1,0.5,1,0,1,250,2307,1578.712,0.315686172518422,78.9356,8.39874784,-0.974635157392897
1599,0.2,1,0.5,1,1,0,619.559380317206,2957.35279466737,2170.77639733369,0.265973136093882,106.564685937798,11.3384825837817,-0.784874964388417
1600,0.2,1,0.5,1,1,1,619.559380317206,2957.35279466737,1903.88839733369,0.356218709933177,95.1944198666843,10.1286862738152,-1.14723736686715
1601,0.3,0,0.1,0,0,0,250,2307,1614.9,0.3,80.745,0,0
1602,0.3,0,0.1,0,0,1,250,2307,1381.373,0.40122540095362,69.06865,0,-0.362362402478738
1603,0.3,0,0.1,0,1,0,619.559380317206,2957.35279466737,2200.21751520063,0.256017909270746,108.036741831146,0,0
1604,0.3,0,0.1,0,1,1,619.559380317206,2957.35279466737,1966.69051520063,0.334982786380129,98.3345257600317,0,-0.362362402478738
1605,0.3,0,0.1,0.333333333333333,0,0,250,2307,1614.9,0.3,80.745,2.863756,0
1606,0.3,0,0.1,0.333333333333333,0,1,250,2307,1381.373,0.40122540095362,69.06865,2.44963478666667,-0.362362402478738
1607,0.3,0,0.1,0.333333333333333,1,0,619.559380317206,2957.35279466737,2200.21751520063,0.256017909270746,108.036741831146,3.83170311027797,0
1608,0.3,0,0.1,0.333333333333333,1,1,619.559380317206,2957.35279466737,1966.69051520063,0.334982786380129,98.3345257600317,3.48759784695579,-0.362362402478738
1609,0.3,0,0.1,0.666666666666667,0,0,250,2307,1614.9,0.3,80.745,5.727512,0
1610,0.3,0,0.1,0.666666666666667,0,1,250,2307,1381.373,0.40122540095362,69.06865,4.89926957333333,-0.362362402478738
1611,0.3,0,0.1,0.666666666666667,1,0,619.559380317206,2957.35279466737,2200.21751520063,0.256017909270746,108.036741831146,7.66340622055593,0
1612,0.3,0,0.1,0.666666666666667,1,1,619.559380317206,2957.35279466737,1966.69051520063,0.334982786380129,98.3345257600317,6.97519569391159,-0.362362402478738
1613,0.3,0,0.1,1,0,0,250,2307,1614.9,0.3,80.745,8.591268,0
1614,0.3,0,0.1,1,0,1,250,2307,1381.373,0.40122540095362,69.06865,7.34890436,-0.362362402478738
1615,0.3,0,0.1,1,1,0,619.559380317206,2957.35279466737,2200.21751520063,0.256017909270746,108.036741831146,11.4951093308339,0
1616,0.3,0,0.1,1,1,1,619.559380317206,2957.35279466737,1966.69051520063,0.334982786380129,98.3345257600317,10.4627935408674,-0.362362402478738
1617,0.3,0,0.2,0,0,0,250,2307,1614.9,0.3,80.745,0,0
1618,0.3,0,0.2,0,0,1,250,2307,1381.373,0.40122540095362,69.06865,0,-0.362362402478738
1619,0.3,0,0.2,0,1,0,619.559380317206,2957.35279466737,2135.1822357339,0.278008954635373,104.784977857809,0,0
1620,0.3,0,0.2,0,1,1,619.559380317206,2957.35279466737,1901.6552357339,0.356973831744756,95.0827617866949,0,-0.362362402478738
1621,0.3,0,0.2,0.333333333333333,0,0,250,2307,1614.9,0.3,80.745,2.863756,0
1622,0.3,0,0.2,0.333333333333333,0,1,250,2307,1381.373,0.40122540095362,69.06865,2.44963478666667,-0.362362402478738
1623,0.3,0,0.2,0.333333333333333,1,0,619.559380317206,2957.35279466737,2135.1822357339,0.278008954635373,104.784977857809,3.71637388135695,0
1624,0.3,0,0.2,0.333333333333333,1,1,619.559380317206,2957.35279466737,1901.6552357339,0.356973831744756,95.0827617866949,3.37226861803478,-0.362362402478738
1625,0.3,0,0.2,0.666666666666667,0,0,250,2307,1614.9,0.3,80.745,5.727512,0
1626,0.3,0,0.2,0.666666666666667,0,1,250,2307,1381.373,0.40122540095362,69.06865,4.89926957333333,-0.362362402478738
1627,0.3,0,0.2,0.666666666666667,1,0,619.559380317206,2957.35279466737,2135.1822357339,0.278008954635373,104.784977857809,7.4327477627139,0
1628,0.3,0,0.2,0.666666666666667,1,1,619.559380317206,2957.35279466737,1901.6552357339,0.356973831744756,95.0827617866949,6.74453723606956,-0.362362402478738
1629,0.3,0,0.2,1,0,0,250,2307,1614.9,0.3,80.745,8.591268,0
1630,0.3,0,0.2,1,0,1,250,2307,1381.373,0.40122540095362,69.06865,7.34890436,-0.362362402478738
1631,0.3,0,0.2,1,1,0,619.559380317206,2957.35279466737,2135.1822357339,0.278008954635373,104.784977857809,11.1491216440709,0
1632,0.3,0,0.2,1,1,1,619.559380317206,2957.35279466737,1901.6552357339,0.356973831744756,95.0827617866949,10.1168058541043,-0.362362402478738
1633,0.3,0,0.3,0,0,0,250,2307,1614.9,0.3,80.745,0,0
1634,0.3,0,0.3,0,0,1,250,2307,1381.373,0.40122540095362,69.06865,0,-0.362362402478738
1635,0.3,0,0.3,0,1,0,619.559380317206,2957.35279466737,2070.14695626716,0.3,101.533213884472,0,0
1636,0.3,0,0.3,0,1,1,619.559380317206,2957.35279466737,1836.61995626716,0.378964877109383,91.830997813358,0,-0.362362402478738
1637,0.3,0,0.3,0.333333333333333,0,0,250,2307,1614.9,0.3,80.745,2.863756,0
1638,0.3,0,0.3,0.333333333333333,0,1,250,2307,1381.373,0.40122540095362,69.06865,2.44963478666667,-0.362362402478738
1639,0.3,0,0.3,0.333333333333333,1,0,619.559380317206,2957.35279466737,2070.14695626716,0.3,101.533213884472,3.60104465243594,0
1640,0.3,0,0.3,0.333333333333333,1,1,619.559380317206,2957.35279466737,1836.61995626716,0.378964877109383,91.830997813358,3.25693938911376,-0.362362402478738
1641,0.3,0,0.3,0.666666666666667,0,0,250,2307,1614.9,0.3,80.745,5.727512,0
1642,0.3,0,0.3,0.666666666666667,0,1,250,2307,1381.373,0.40122540095362,69.06865,4.89926957333333,-0.362362402478738
1643,0.3,0,0.3,0.666666666666667,1,0,619.559380317206,2957.35279466737,2070.14695626716,0.3,101.533213884472,7.20208930487188,0
1644,0.3,0,0.3,0.666666666666667,1,1,619.559380317206,2957.35279466737,1836.61995626716,0.378964877109383,91.830997813358,6.51387877822753,-0.362362402478738
1645,0.3,0,0.3,1,0,0,250,2307,1614.9,0.3,80.745,8.591268,0
1646,0.3,0,0.3,1,0,1,250,2307,1381.373,0.40122540095362,69.06865,7.34890436,-0.362362402478738
1647,0.3,0,0.3,1,1,0,619.559380317206,2957.35279466737,2070.14695626716,0.3,101.533213884472,10.8031339573078,0
1648,0.3,0,0.3,1,1,1,619.559380317206,2957.35279466737,1836.61995626716,0.378964877109383,91.830997813358,9.77081816734129,-0.362362402478738
1649,0.3,0,0.5,0,0,0,250,2307,1614.9,0.3,80.745,0,0
1650,0.3,0,0.5,0,0,1,250,2307,1381.373,0.40122540095362,69.06865,0,-0.362362402478738
1651,0.3,0,0.5,0,1,0,619.559380317206,2957.35279466737,1940.07639733369,0.343982090729254,95.0296859377982,0,0
1652,0.3,0,0.5,0,1,1,619.559380317206,2957.35279466737,1706.54939733369,0.422946967838638,85.3274698666843,0,-0.362362402478738
1653,0.3,0,0.5,0.333333333333333,0,0,250,2307,1614.9,0.3,80.745,2.863756,0
1654,0.3,0,0.5,0.333333333333333,0,1,250,2307,1381.373,0.40122540095362,69.06865,2.44963478666667,-0.362362402478738
1655,0.3,0,0.5,0.333333333333333,1,0,619.559380317206,2957.35279466737,1940.07639733369,0.343982090729254,95.0296859377982,3.37038619459391,0
1656,0.3,0,0.5,0.333333333333333,1,1,619.559380317206,2957.35279466737,1706.54939733369,0.422946967838638,85.3274698666843,3.02628093127174,-0.362362402478738
1657,0.3,0,0.5,0.666666666666667,0,0,250,2307,1614.9,0.3,80.745,5.727512,0
1658,0.3,0,0.5,0.666666666666667,0,1,250,2307,1381.373,0.40122540095362,69.06865,4.89926957333333,-0.362362402478738
1659,0.3,0,0.5,0.666666666666667,1,0,619.559380317206,2957.35279466737,1940.07639733369,0.343982090729254,95.0296859377982,6.74077238918782,0
1660,0.3,0,0.5,0.666666666666667,1,1,619.559380317206,2957.35279466737,1706.54939733369,0.422946967838638,85.3274698666843,6.05256186254347,-0.362362402478738
1661,0.3,0,0.5,1,0,0,250,2307,1614.9,0.3,80.745,8.591268,0
1662,0.3,0,0.5,1,0,1,250,2307,1381.373,0.40122540095362,69.06865,7.34890436,-0.362362402478738
1663,0.3,0,0.5,1,1,0,619.559380317206,2957.35279466737,1940.07639733369,0.343982090729254,95.0296859377982,10.1111585837817,0
1664,0.3,0,0.5,1,1,1,619.559380317206,2957.35279466737,1706.54939733369,0.422946967838638,85.3274698666843,9.07884279381521,-0.362362402478738
1665,0.3,0.25,0.1,0,0,0,250,2307,1614.9,0.3,80.745,0,-0.229602283092809
1666,0.3,0.25,0.1,0,0,1,250,2307,1381.373,0.40122540095362,69.06865,0,-0.591964685571548
1667,0.3,0.25,0.1,0,1,0,619.559380317206,2957.35279466737,2200.21751520063,0.256017909270746,108.036741831146,0,-0.294328111645656
1668,0.3,0.25,0.1,0,1,1,619.559380317206,2957.35279466737,1966.69051520063,0.334982786380129,98.3345257600317,0,-0.656690514124394
1669,0.3,0.25,0.1,0.333333333333333,0,0,250,2307,1614.9,0.3,80.745,2.863756,-0.229602283092809
1670,0.3,0.25,0.1,0.333333333333333,0,1,250,2307,1381.373,0.40122540095362,69.06865,2.44963478666667,-0.591964685571548
1671,0.3,0.25,0.1,0.333333333333333,1,0,619.559380317206,2957.35279466737,2200.21751520063,0.256017909270746,108.036741831146,3.83170311027797,-0.294328111645656
1672,0.3,0.25,0.1,0.333333333333333,1,1,619.559380317206,2957.35279466737,1966.69051520063,0.334982786380129,98.3345257600317,3.48759784695579,-0.656690514124394
1673,0.3,0.25,0.1,0.666666666666667,0,0,250,2307,1614.9,0.3,80.745,5.727512,-0.229602283092809
1674,0.3,0.25,0.1,0.666666666666667,0,1,250,2307,1381.373,0.40122540095362,69.06865,4.89926957333333,-0.591964685571548
1675,0.3,0.25,0.1,0.666666666666667,1,0,619.559380317206,2957.35279466737,2200.21751520063,0.256017909270746,108.036741831146,7.66340622055593,-0.294328111645656
1676,0.3,0.25,0.1,0.666666666666667,1,1,619.559380317206,2957.35279466737,1966.69051520063,0.334982786380129,98.3345257600317,6.97519569391159,-0.656690514124394
1677,0.3,0.25,0.1,1,0,0,250,2307,1614.9,0.3,80.745,8.591268,-0.229602283092809
1678,0.3,0.25,0.1,1,0,1,250,2307,1381.373,0.40122540095362,69.06865,7.34890436,-0.591964685571548
1679,0.3,0.25,0.1,1,1,0,619.559380317206,2957.35279466737,2200.21751520063,0.256017909270746,108.036741831146,11.4951093308339,-0.294328111645656
1680,0.3,0.25,0.1,1,1,1,619.559380317206,2957.35279466737,1966.69051520063,0.334982786380129,98.3345257600317,10.4627935408674,-0.656690514124394
1681,0.3,0.25,0.2,0,0,0,250,2307,1614.9,0.3,80.745,0,-0.229602283092809
1682,0.3,0.25,0.2,0,0,1,250,2307,1381.373,0.40122540095362,69.06865,0,-0.591964685571548
1683,0.3,0.25,0.2,0,1,0,619.559380317206,2957.35279466737,2135.1822357339,0.278008954635373,104.784977857809,0,-0.294328111645656
1684,0.3,0.25,0.2,0,1,1,619.559380317206,2957.35279466737,1901.6552357339,0.356973831744756,95.0827617866949,0,-0.656690514124394
1685,0.3,0.25,0.2,0.333333333333333,0,0,250,2307,1614.9,0.3,80.745,2.863756,-0.229602283092809
1686,0.3,0.25,0.2,0.333333333333333,0,1,250,2307,1381.373,0.40122540095362,69.06865,2.44963478666667,-0.591964685571548
1687,0.3,0.25,0.2,0.333333333333333,1,0,619.559380317206,2957.35279466737,2135.1822357339,0.278008954635373,104.784977857809,3.71637388135695,-0.294328111645656
1688,0.3,0.25,0.2,0.333333333333333,1,1,619.559380317206,2957.35279466737,1901.6552357339,0.356973831744756,95.0827617866949,3.37226861803478,-0.656690514124394
1689,0.3,0.25,0.2,0.666666666666667,0,0,250,2307,1614.9,0.3,80.745,5.727512,-0.229602283092809
1690,0.3,0.25,0.2,0.666666666666667,0,1,250,2307,1381.373,0.40122540095362,69.06865,4.89926957333333,-0.591964685571548
1691,0.3,0.25,0.2,0.666666666666667,1,0,619.559380317206,2957.35279466737,2135.1822357339,0.278008954635373,104.784977857809,7.4327477627139,-0.294328111645656
1692,0.3,0.25,0.2,0.666666666666667,1,1,619.559380317206,2957.35279466737,1901.6552357339,0.356973831744756,95.0827617866949,6.74453723606956,-0.656690514124394
1693,0.3,0.25,0.2,1,0,0,250,2307,1614.9,0.3,80.745,8.591268,-0.229602283092809
1694,0.3,0.25,0.2,1,0,1,250,2307,1381.373,0.40122540095362,69.06865,7.34890436,-0.591964685571548
1695,0.3,0.25,0.2,1,1,0,619.559380317206,2957.35279466737,2135.1822357339,0.278008954635373,104.784977857809,11.1491216440709,-0.294328111645656
1696,0.3,0.25,0.2,1,1,1,619.559380317206,2957.35279466737,1901.6552357339,0.356973831744756,95.0827617866949,10.1168058541043,-0.656690514124394
1697,0.3,0.25,0.3,0,0,0,250,2307,1614.9,0.3,80.745,0,-0.229602283092809
1698,0.3,0.25,0.3,0,0,1,250,2307,1381.373,0.40122540095362,69.06865,0,-0.591964685571548
1699,0.3,0.25,0.3,0,1,0,619.559380317206,2957.35279466737,2070.14695626716,0.3,101.533213884472,0,-0.294328111645656
1700,0.3,0.25,0.3,0,1,1,619.559380317206,2957.35279466737,1836.61995626716,0.378964877109383,91.830997813358,0,-0.656690514124394
1701,0.3,0.25,0.3,0.333333333333333,0,0,250,2307,1614.9,0.3,80.745,2.863756,-0.229602283092809
1702,0.3,0.25,0.3,0.333333333333333,0,1,250,2307,1381.373,0.40122540095362,69.06865,2.44963478666667,-0.591964685571548
1703,0.3,0.25,0.3,0.333333333333333,1,0,619.559380317206,2957.35279466737,2070.14695626716,0.3,101.533213884472,3.60104465243594,-0.294328111645656
1704,0.3,0.25,0.3,0.333333333333333,1,1,619.559380317206,2957.35279466737,1836.61995626716,0.378964877109383,91.830997813358,3.25693938911376,-0.656690514124394
1705,0.3,0.25,0.3,0.666666666666667,0,0,250,2307,1614.9,0.3,80.745,5.727512,-0.229602283092809
1706,0.3,0.25,0.3,0.666666666666667,0,1,250,2307,1381.373,0.40122540095362,69.06865,4.89926957333333,-0.591964685571548
1707,0.3,0.25,0.3,0.666666666666667,1,0,619.559380317206,2957.35279466737,2070.14695626716,0.3,101.533213884472,7.20208930487188,-0.294328111645656
1708,0.3,0.25,0.3,0.666666666666667,1,1,619.559380317206,2957.35279466737,1836.61995626716,0.378964877109383,91.830997813358,6.51387877822753,-0.656690514124394
1709,0.3,0.25,0.3,1,0,0,250,2307,1614.9,0.3,80.745,8.591268,-0.229602283092809
1710,0.3,0.25,0.3,1,0,1,250,2307,1381.373,0.40122540095362,69.06865,7.34890436,-0.591964685571548
1711,0.3,0.25,0.3,1,1,0,619.559380317206,2957.35279466737,2070.14695626716,0.3,101.533213884472,10.8031339573078,-0.294328111645656
1712,0.3,0.25,0.3,1,1,1,619.559380317206,2957.35279466737,1836.61995626716,0.378964877109383,91.830997813358,9.77081816734129,-0.656690514124394
1713,0.3,0.25,0.5,0,0,0,250,2307,1614.9,0.3,80.745,0,-0.229602283092809
1714,0.3,0.25,0.5,0,0,1,250,2307,1381.373,0.40122540095362,69.06865,0,-0.591964685571548
1715,0.3,0.25,0.5,0,1,0,619.559380317206,2957.35279466737,1940.07639733369,0.343982090729254,95.0296859377982,0,-0.294328111645656
1716,0.3,0.25,0.5,0,1,1,619.559380317206,2957.35279466737,1706.54939733369,0.422946967838638,85.3274698666843,0,-0.656690514124394
1717,0.3,0.25,0.5,0.333333333333333,0,0,250,2307,1614.9,0.3,80.745,2.863756,-0.229602283092809
1718,0.3,0.25,0.5,0.333333333333333,0,1,250,2307,1381.373,0.40122540095362,69.06865,2.44963478666667,-0.591964685571548
1719,0.3,0.25,0.5,0.333333333333333,1,0,619.559380317206,2957.35279466737,1940.07639733369,0.343982090729254,95.0296859377982,3.37038619459391,-0.294328111645656
1720,0.3,0.25,0.5,0.333333333333333,1,1,619.559380317206,2957.35279466737,1706.54939733369,0.422946967838638,85.3274698666843,3.02628093127174,-0.656690514124394
1721,0.3,0.25,0.5,0.666666666666667,0,0,250,2307,1614.9,0.3,80.745,5.727512,-0.229602283092809
1722,0.3,0.25,0.5,0.666666666666667,0,1,250,2307,1381.373,0.40122540095362,69.06865,4.89926957333333,-0.591964685571548
1723,0.3,0.25,0.5,0.666666666666667,1,0,619.559380317206,2957.35279466737,1940.07639733369,0.343982090729254,95.0296859377982,6.74077238918782,-0.294328111645656
1724,0.3,0.25,0.5,0.666666666666667,1,1,619.559380317206,2957.35279466737,1706.54939733369,0.422946967838638,85.3274698666843,6.05256186254347,-0.656690514124394
1725,0.3,0.25,0.5,1,0,0,250,2307,1614.9,0.3,80.745,8.591268,-0.229602283092809
1726,0.3,0.25,0.5,1,0,1,250,2307,1381.373,0.40122540095362,69.06865,7.34890436,-0.591964685571548
1727,0.3,0.25,0.5,1,1,0,619.559380317206,2957.35279466737,1940.07639733369,0.343982090729254,95.0296859377982,10.1111585837817,-0.294328111645656
1728,0.3,0.25,0.5,1,1,1,619.559380317206,2957.35279466737,1706.54939733369,0.422946967838638,85.3274698666843,9.07884279381521,-0.656690514124394
1729,0.3,0.5,0.1,0,0,0,250,2307,1614.9,0.3,80.745,0,-0.459204566185619
1730,0.3,0.5,0.1,0,0,1,250,2307,1381.373,0.40122540095362,69.06865,0,-0.821566968664357
1731,0.3,0.5,0.1,0,1,0,619.559380317206,2957.35279466737,2200.21751520063,0.256017909270746,108.036741831146,0,-0.588656223291312
1732,0.3,0.5,0.1,0,1,1,619.559380317206,2957.35279466737,1966.69051520063,0.334982786380129,98.3345257600317,0,-0.95101862577005
1733,0.3,0.5,0.1,0.333333333333333,0,0,250,2307,1614.9,0.3,80.745,2.863756,-0.459204566185619
1734,0.3,0.5,0.1,0.333333333333333,0,1,250,2307,1381.373,0.40122540095362,69.06865,2.44963478666667,-0.821566968664357
1735,0.3,0.5,0.1,0.333333333333333,1,0,619.559380317206,2957.35279466737,2200.21751520063,0.256017909270746,108.036741831146,3.83170311027797,-0.588656223291312
1736,0.3,0.5,0.1,0.333333333333333,1,1,619.559380317206,2957.35279466737,1966.69051520063,0.334982786380129,98.3345257600317,3.48759784695579,-0.95101862577005
1737,0.3,0.5,0.1,0.666666666666667,0,0,250,2307,1614.9,0.3,80.745,5.727512,-0.459204566185619
1738,0.3,0.5,0.1,0.666666666666667,0,1,250,2307,1381.373,0.40122540095362,69.06865,4.89926957333333,-0.821566968664357
1739,0.3,0.5,0.1,0.666666666666667,1,0,619.559380317206,2957.35279466737,2200.21751520063,0.256017909270746,108.036741831146,7.66340622055593,-0.588656223291312
1740,0.3,0.5,0.1,0.666666666666667,1,1,619.559380317206,2957.35279466737,1966.69051520063,0.334982786380129,98.3345257600317,6.97519569391159,-0.95101862577005
1741,0.3,0.5,0.1,1,0,0,250,2307,1614.9,0.3,80.745,8.591268,-0.459204566185619
1742,0.3,0.5,0.1,1,0,1,250,2307,1381.373,0.40122540095362,69.06865,7.34890436,-0.821566968664357
1743,0.3,0.5,0.1,1,1,0,619.559380317206,2957.35279466737,2200.21751520063,0.256017909270746,108.036741831146,11.4951093308339,-0.588656223291312
1744,0.3,0.5,0.1,1,1,1,619.559380317206,2957.35279466737,1966.69051520063,0.334982786380129,98.3345257600317,10.4627935408674,-0.95101862577005
1745,0.3,0.5,0.2,0,0,0,250,2307,1614.9,0.3,80.745,0,-0.459204566185619
1746,0.3,0.5,0.2,0,0,1,250,2307,1381.373,0.40122540095362,69.06865,0,-0.821566968664357
1747,0.3,0.5,0.2,0,1,0,619.559380317206,2957.35279466737,2135.1822357339,0.278008954635373,104.784977857809,0,-0.588656223291312
1748,0.3,0.5,0.2,0,1,1,619.559380317206,2957.35279466737,1901.6552357339,0.356973831744756,95.0827617866949,0,-0.95101862577005
1749,0.3,0.5,0.2,0.333333333333333,0,0,250,2307,1614.9,0.3,80.745,2.863756,-0.459204566185619
1750,0.3,0.5,0.2,0.333333333333333,0,1,250,2307,1381.373,0.40122540095362,69.06865,2.44963478666667,-0.821566968664357
1751,0.3,0.5,0.2,0.333333333333333,1,0,619.559380317206,2957.35279466737,2135.1822357339,0.278008954635373,104.784977857809,3.71637388135695,-0.588656223291312
1752,0.3,0.5,0.2,0.333333333333333,1,1,619.559380317206,2957.35279466737,1901.6552357339,0.356973831744756,95.0827617866949,3.37226861803478,-0.95101862577005
1753,0.3,0.5,0.2,0.666666666666667,0,0,250,2307,1614.9,0.3,80.745,5.727512,-0.459204566185619
1754,0.3,0.5,0.2,0.666666666666667,0,1,250,2307,1381.373,0.40122540095362,69.06865,4.89926957333333,-0.821566968664357
1755,0.3,0.5,0.2,0.666666666666667,1,0,619.559380317206,2957.35279466737,2135.1822357339,0.278008954635373,104.784977857809,7.4327477627139,-0.588656223291312
1756,0.3,0.5,0.2,0.666666666666667,1,1,619.559380317206,2957.35279466737,1901.6552357339,0.356973831744756,95.0827617866949,6.74453723606956,-0.95101862577005
1757,0.3,0.5,0.2,1,0,0,250,2307,1614.9,0.3,80.745,8.591268,-0.459204566185619
1758,0.3,0.5,0.2,1,0,1,250,2307,1381.373,0.40122540095362,69.06865,7.34890436,-0.821566968664357
1759,0.3,0.5,0.2,1,1,0,619.559380317206,2957.35279466737,2135.1822357339,0.278008954635373,104.784977857809,11.1491216440709,-0.588656223291312
1760,0.3,0.5,0.2,1,1,1,619.559380317206,2957.35279466737,1901.6552357339,0.356973831744756,95.0827617866949,10.1168058541043,-0.95101862577005
1761,0.3,0.5,0.3,0,0,0,250,2307,1614.9,0.3,80.745,0,-0.459204566185619
1762,0.3,0.5,0.3,0,0,1,250,2307,1381.373,0.40122540095362,69.06865,0,-0.821566968664357
1763,0.3,0.5,0.3,0,1,0,619.559380317206,2957.35279466737,2070.14695626716,0.3,101.533213884472,0,-0.588656223291312
1764,0.3,0.5,0.3,0,1,1,619.559380317206,2957.35279466737,1836.61995626716,0.378964877109383,91.830997813358,0,-0.95101862577005
1765,0.3,0.5,0.3,0.333333333333333,0,0,250,2307,1614.9,0.3,80.745,2.863756,-0.459204566185619
1766,0.3,0.5,0.3,0.333333333333333,0,1,250,2307,1381.373,0.40122540095362,69.06865,2.44963478666667,-0.821566968664357
1767,0.3,0.5,0.3,0.333333333333333,1,0,619.559380317206,2957.35279466737,2070.14695626716,0.3,101.533213884472,3.60104465243594,-0.588656223291312
1768,0.3,0.5,0.3,0.333333333333333,1,1,619.559380317206,2957.35279466737,1836.61995626716,0.378964877109383,91.830997813358,3.25693938911376,-0.95101862577005
1769,0.3,0.5,0.3,0.666666666666667,0,0,250,2307,1614.9,0.3,80.745,5.727512,-0.459204566185619
1770,0.3,0.5,0.3,0.666666666666667,0,1,250,2307,1381.373,0.40122540095362,69.06865,4.89926957333333,-0.821566968664357
1771,0.3,0.5,0.3,0.666666666666667,1,0,619.559380317206,2957.35279466737,2070.14695626716,0.3,101.533213884472,7.20208930487188,-0.588656223291312
1772,0.3,0.5,0.3,0.666666666666667,1,1,619.559380317206,2957.35279466737,1836.61995626716,0.378964877109383,91.830997813358,6.51387877822753,-0.95101862577005
1773,0.3,0.5,0.3,1,0,0,250,2307,1614.9,0.3,80.745,8.591268,-0.459204566185619
1774,0.3,0.5,0.3,1,0,1,250,2307,1381.373,0.40122540095362,69.06865,7.34890436,-0.821566968664357
1775,0.3,0.5,0.3,1,1,0,619.559380317206,2957.35279466737,2070.14695626716,0.3,101.533213884472,10.8031339573078,-0.588656223291312
1776,0.3,0.5,0.3,1,1,1,619.559380317206,2957.35279466737,1836.61995626716,0.378964877109383,91.830997813358,9.77081816734129,-0.95101862577005
1777,0.3,0.5,0.5,0,0,0,250,2307,1614.9,0.3,80.745,0,-0.459204566185619
1778,0.3,0.5,0.5,0,0,1,250,2307,1381.373,0.40122540095362,69.06865,0,-0.821566968664357
1779,0.3,0.5,0.5,0,1,0,619.559380317206,2957.35279466737,1940.07639733369,0.343982090729254,95.0296859377982,0,-0.588656223291312
1780,0.3,0.5,0.5,0,1,1,619.559380317206,2957.35279466737,1706.54939733369,0.422946967838638,85.3274698666843,0,-0.95101862577005
1781,0.3,0.5,0.5,0.333333333333333,0,0,250,2307,1614.9,0.3,80.745,2.863756,-0.459204566185619
1782,0.3,0.5,0.5,0.333333333333333,0,1,250,2307,1381.373,0.40122540095362,69.06865,2.44963478666667,-0.821566968664357
1783,0.3,0.5,0.5,0.333333333333333,1,0,619.559380317206,2957.35279466737,1940.07639733369,0.343982090729254,95.0296859377982,3.37038619459391,-0.588656223291312
1784,0.3,0.5,0.5,0.333333333333333,1,1,619.559380317206,2957.35279466737,1706.54939733369,0.422946967838638,85.3274698666843,3.02628093127174,-0.95101862577005
1785,0.3,0.5,0.5,0.666666666666667,0,0,250,2307,1614.9,0.3,80.745,5.727512,-0.459204566185619
1786,0.3,0.5,0.5,0.666666666666667,0,1,250,2307,1381.373,0.40122540095362,69.06865,4.89926957333333,-0.821566968664357
1787,0.3,0.5,0.5,0.666666666666667,1,0,619.559380317206,2957.35279466737,1940.07639733369,0.343982090729254,95.0296859377982,6.74077238918782,-0.588656223291312
1788,0.3,0.5,0.5,0.666666666666667,1,1,619.559380317206,2957.35279466737,1706.54939733369,0.422946967838638,85.3274698666843,6.05256186254347,-0.95101862577005
1789,0.3,0.5,0.5,1,0,0,250,2307,1614.9,0.3,80.745,8.591268,-0.459204566185619
1790,0.3,0.5,0.5,1,0,1,250,2307,1381.373,0.40122540095362,69.06865,7.34890436,-0.821566968664357
1791,0.3,0.5,0.5,1,1,0,619.559380317206,2957.35279466737,1940.07639733369,0.343982090729254,95.0296859377982,10.1111585837817,-0.588656223291312
1792,0.3,0.5,0.5,1,1,1,619.559380317206,2957.35279466737,1706.54939733369,0.422946967838638,85.3274698666843,9.07884279381521,-0.95101862577005
1793,0.3,0.75,0.1,0,0,0,250,2307,1614.9,0.3,80.745,0,-0.688806849278428
1794,0.3,0.75,0.1,0,0,1,250,2307,1381.373,0.40122540095362,69.06865,0,-1.05116925175717
1795,0.3,0.75,0.1,0,1,0,619.559380317206,2957.35279466737,2200.21751520063,0.256017909270746,108.036741831146,0,-0.882984334936968
1796,0.3,0.75,0.1,0,1,1,619.559380317206,2957.35279466737,1966.69051520063,0.334982786380129,98.3345257600317,0,-1.24534673741571
1797,0.3,0.75,0.1,0.333333333333333,0,0,250,2307,1614.9,0.3,80.745,2.863756,-0.688806849278428
1798,0.3,0.75,0.1,0.333333333333333,0,1,250,2307,1381.373,0.40122540095362,69.06865,2.44963478666667,-1.05116925175717
1799,0.3,0.75,0.1,0.333333333333333,1,0,619.559380317206,2957.35279466737,2200.21751520063,0.256017909270746,108.036741831146,3.83170311027797,-0.882984334936968
1800,0.3,0.75,0.1,0.333333333333333,1,1,619.559380317206,2957.35279466737,1966.69051520063,0.334982786380129,98.3345257600317,3.48759784695579,-1.24534673741571
1801,0.3,0.75,0.1,0.666666666666667,0,0,250,2307,1614.9,0.3,80.745,5.727512,-0.688806849278428
1802,0.3,0.75,0.1,0.666666666666667,0,1,250,2307,1381.373,0.40122540095362,69.06865,4.89926957333333,-1.05116925175717
1803,0.3,0.75,0.1,0.666666666666667,1,0,619.559380317206,2957.35279466737,2200.21751520063,0.256017909270746,108.036741831146,7.66340622055593,-0.882984334936968
1804,0.3,0.75,0.1,0.666666666666667,1,1,619.559380317206,2957.35279466737,1966.69051520063,0.334982786380129,98.3345257600317,6.97519569391159,-1.24534673741571
1805,0.3,0.75,0.1,1,0,0,250,2307,1614.9,0.3,80.745,8.591268,-0.688806849278428
1806,0.3,0.75,0.1,1,0,1,250,2307,1381.373,0.40122540095362,69.06865,7.34890436,-1.05116925175717
1807,0.3,0.75,0.1,1,1,0,619.559380317206,2957.35279466737,2200.21751520063,0.256017909270746,108.036741831146,11.4951093308339,-0.882984334936968
1808,0.3,0.75,0.1,1,1,1,619.559380317206,2957.35279466737,1966.69051520063,0.334982786380129,98.3345257600317,10.4627935408674,-1.24534673741571
1809,0.3,0.75,0.2,0,0,0,250,2307,1614.9,0.3,80.745,0,-0.688806849278428
1810,0.3,0.75,0.2,0,0,1,250,2307,1381.373,0.40122540095362,69.06865,0,-1.05116925175717
1811,0.3,0.75,0.2,0,1,0,619.559380317206,2957.35279466737,2135.1822357339,0.278008954635373,104.784977857809,0,-0.882984334936968
1812,0.3,0.75,0.2,0,1,1,619.559380317206,2957.35279466737,1901.6552357339,0.356973831744756,95.0827617866949,0,-1.24534673741571
1813,0.3,0.75,0.2,0.333333333333333,0,0,250,2307,1614.9,0.3,80.745,2.863756,-0.688806849278428
1814,0.3,0.75,0.2,0.333333333333333,0,1,250,2307,1381.373,0.40122540095362,69.06865,2.44963478666667,-1.05116925175717
1815,0.3,0.75,0.2,0.333333333333333,1,0,619.559380317206,2957.35279466737,2135.1822357339,0.278008954635373,104.784977857809,3.71637388135695,-0.882984334936968
1816,0.3,0.75,0.2,0.333333333333333,1,1,619.559380317206,2957.35279466737,1901.6552357339,0.356973831744756,95.0827617866949,3.37226861803478,-1.24534673741571
1817,0.3,0.75,0.2,0.666666666666667,0,0,250,2307,1614.9,0.3,80.745,5.727512,-0.688806849278428
1818,0.3,0.75,0.2,0.666666666666667,0,1,250,2307,1381.373,0.40122540095362,69.06865,4.89926957333333,-1.05116925175717
1819,0.3,0.75,0.2,0.666666666666667,1,0,619.559380317206,2957.35279466737,2135.1822357339,0.278008954635373,104.784977857809,7.4327477627139,-0.882984334936968
1820,0.3,0.75,0.2,0.666666666666667,1,1,619.559380317206,2957.35279466737,1901.6552357339,0.356973831744756,95.0827617866949,6.74453723606956,-1.24534673741571
1821,0.3,0.75,0.2,1,0,0,250,2307,1614.9,0.3,80.745,8.591268,-0.688806849278428
1822,0.3,0.75,0.2,1,0,1,250,2307,1381.373,0.40122540095362,69.06865,7.34890436,-1.05116925175717
1823,0.3,0.75,0.2,1,1,0,619.559380317206,2957.35279466737,2135.1822357339,0.278008954635373,104.784977857809,11.1491216440709,-0.882984334936968
1824,0.3,0.75,0.2,1,1,1,619.559380317206,2957.35279466737,1901.6552357339,0.356973831744756,95.0827617866949,10.1168058541043,-1.24534673741571
1825,0.3,0.75,0.3,0,0,0,250,2307,1614.9,0.3,80.745,0,-0.688806849278428
1826,0.3,0.75,0.3,0,0,1,250,2307,1381.373,0.40122540095362,69.06865,0,-1.05116925175717
1827,0.3,0.75,0.3,0,1,0,619.559380317206,2957.35279466737,2070.14695626716,0.3,101.533213884472,0,-0.882984334936968
1828,0.3,0.75,0.3,0,1,1,619.559380317206,2957.35279466737,1836.61995626716,0.378964877109383,91.830997813358,0,-1.24534673741571
1829,0.3,0.75,0.3,0.333333333333333,0,0,250,2307,1614.9,0.3,80.745,2.863756,-0.688806849278428
1830,0.3,0.75,0.3,0.333333333333333,0,1,250,2307,1381.373,0.40122540095362,69.06865,2.44963478666667,-1.05116925175717
1831,0.3,0.75,0.3,0.333333333333333,1,0,619.559380317206,2957.35279466737,2070.14695626716,0.3,101.533213884472,3.60104465243594,-0.882984334936968
1832,0.3,0.75,0.3,0.333333333333333,1,1,619.559380317206,2957.35279466737,1836.61995626716,0.378964877109383,91.830997813358,3.25693938911376,-1.24534673741571
1833,0.3,0.75,0.3,0.666666666666667,0,0,250,2307,1614.9,0.3,80.745,5.727512,-0.688806849278428
1834,0.3,0.75,0.3,0.666666666666667,0,1,250,2307,1381.373,0.40122540095362,69.06865,4.89926957333333,-1.05116925175717
1835,0.3,0.75,0.3,0.666666666666667,1,0,619.559380317206,2957.35279466737,2070.14695626716,0.3,101.533213884472,7.20208930487188,-0.882984334936968
1836,0.3,0.75,0.3,0.666666666666667,1,1,619.559380317206,2957.35279466737,1836.61995626716,0.378964877109383,91.830997813358,6.51387877822753,-1.24534673741571
1837,0.3,0.75,0.3,1,0,0,250,2307,1614.9,0.3,80.745,8.591268,-0.688806849278428
1838,0.3,0.75,0.3,1,0,1,250,2307,1381.373,0.40122540095362,69.06865,7.34890436,-1.05116925175717
1839,0.3,0.75,0.3,1,1,0,619.559380317206,2957.35279466737,2070.14695626716,0.3,101.533213884472,10.8031339573078,-0.882984334936968
1840,0.3,0.75,0.3,1,1,1,619.559380317206,2957.35279466737,1836.61995626716,0.378964877109383,91.830997813358,9.77081816734129,-1.24534673741571
1841,0.3,0.75,0.5,0,0,0,250,2307,1614.9,0.3,80.745,0,-0.688806849278428
1842,0.3,0.75,0.5,0,0,1,250,2307,1381.373,0.40122540095362,69.06865,0,-1.05116925175717
1843,0.3,0.75,0.5,0,1,0,619.559380317206,2957.35279466737,1940.07639733369,0.343982090729254,95.0296859377982,0,-0.882984334936968
1844,0.3,0.75,0.5,0,1,1,619.559380317206,2957.35279466737,1706.54939733369,0.422946967838638,85.3274698666843,0,-1.24534673741571
1845,0.3,0.75,0.5,0.333333333333333,0,0,250,2307,1614.9,0.3,80.745,2.863756,-0.688806849278428
1846,0.3,0.75,0.5,0.333333333333333,0,1,250,2307,1381.373,0.40122540095362,69.06865,2.44963478666667,-1.05116925175717
1847,0.3,0.75,0.5,0.333333333333333,1,0,619.559380317206,2957.35279466737,1940.07639733369,0.343982090729254,95.0296859377982,3.37038619459391,-0.882984334936968
1848,0.3,0.75,0.5,0.333333333333333,1,1,619.559380317206,2957.35279466737,1706.54939733369,0.422946967838638,85.3274698666843,3.02628093127174,-1.24534673741571
1849,0.3,0.75,0.5,0.666666666666667,0,0,250,2307,1614.9,0.3,80.745,5.727512,-0.688806849278428
1850,0.3,0.75,0.5,0.666666666666667,0,1,250,2307,1381.373,0.40122540095362,69.06865,4.89926957333333,-1.05116925175717
1851,0.3,0.75,0.5,0.666666666666667,1,0,619.559380317206,2957.35279466737,1940.07639733369,0.343982090729254,95.0296859377982,6.74077238918782,-0.882984334936968
1852,0.3,0.75,0.5,0.666666666666667,1,1,619.559380317206,2957.35279466737,1706.54939733369,0.422946967838638,85.3274698666843,6.05256186254347,-1.24534673741571
1853,0.3,0.75,0.5,1,0,0,250,2307,1614.9,0.3,80.745,8.591268,-0.688806849278428
1854,0.3,0.75,0.5,1,0,1,250,2307,1381.373,0.40122540095362,69.06865,7.34890436,-1.05116925175717
1855,0.3,0.75,0.5,1,1,0,619.559380317206,2957.35279466737,1940.07639733369,0.343982090729254,95.0296859377982,10.1111585837817,-0.882984334936968
1856,0.3,0.75,0.5,1,1,1,619.559380317206,2957.35279466737,1706.54939733369,0.422946967838638,85.3274698666843,9.07884279381521,-1.24534673741571
1857,0.3,1,0.1,0,0,0,250,2307,1614.9,0.3,80.745,0,-0.918409132371237
1858,0.3,1,0.1,0,0,1,250,2307,1381.373,0.40122540095362,69.06865,0,-1.28077153484998
1859,0.3,1,0.1,0,1,0,619.559380317206,2957.35279466737,2200.21751520063,0.256017909270746,108.036741831146,0,-1.17731244658262
1860,0.3,1,0.1,0,1,1,619.559380317206,2957.35279466737,1966.69051520063,0.334982786380129,98.3345257600317,0,-1.53967484906136
1861,0.3,1,0.1,0.333333333333333,0,0,250,2307,1614.9,0.3,80.745,2.863756,-0.918409132371237
1862,0.3,1,0.1,0.333333333333333,0,1,250,2307,1381.373,0.40122540095362,69.06865,2.44963478666667,-1.28077153484998
1863,0.3,1,0.1,0.333333333333333,1,0,619.559380317206,2957.35279466737,2200.21751520063,0.256017909270746,108.036741831146,3.83170311027797,-1.17731244658262
1864,0.3,1,0.1,0.333333333333333,1,1,619.559380317206,2957.35279466737,1966.69051520063,0.334982786380129,98.3345257600317,3.48759784695579,-1.53967484906136
1865,0.3,1,0.1,0.666666666666667,0,0,250,2307,1614.9,0.3,80.745,5.727512,-0.918409132371237
1866,0.3,1,0.1,0.666666666666667,0,1,250,2307,1381.373,0.40122540095362,69.06865,4.89926957333333,-1.28077153484998
1867,0.3,1,0.1,0.666666666666667,1,0,619.559380317206,2957.35279466737,2200.21751520063,0.256017909270746,108.036741831146,7.66340622055593,-1.17731244658262
1868,0.3,1,0.1,0.666666666666667,1,1,619.559380317206,2957.35279466737,1966.69051520063,0.334982786380129,98.3345257600317,6.97519569391159,-1.53967484906136
1869,0.3,1,0.1,1,0,0,250,2307,1614.9,0.3,80.745,8.591268,-0.918409132371237
1870,0.3,1,0.1,1,0,1,250,2307,1381.373,0.40122540095362,69.06865,7.34890436,-1.28077153484998
1871,0.3,1,0.1,1,1,0,619.559380317206,2957.35279466737,2200.21751520063,0.256017909270746,108.036741831146,11.4951093308339,-1.17731244658262
1872,0.3,1,0.1,1,1,1,619.559380317206,2957.35279466737,1966.69051520063,0.334982786380129,98.3345257600317,10.4627935408674,-1.53967484906136
1873,0.3,1,0.2,0,0,0,250,2307,1614.9,0.3,80.745,0,-0.918409132371237
1874,0.3,1,0.2,0,0,1,250,2307,1381.373,0.40122540095362,69.06865,0,-1.28077153484998
1875,0.3,1,0.2,0,1,0,619.559380317206,2957.35279466737,2135.1822357339,0.278008954635373,104.784977857809,0,-1.17731244658262
1876,0.3,1,0.2,0,1,1,619.559380317206,2957.35279466737,1901.6552357339,0.356973831744756,95.0827617866949,0,-1.53967484906136
1877,0.3,1,0.2,0.333333333333333,0,0,250,2307,1614.9,0.3,80.745,2.863756,-0.918409132371237
1878,0.3,1,0.2,0.333333333333333,0,1,250,2307,1381.373,0.40122540095362,69.06865,2.44963478666667,-1.28077153484998
1879,0.3,1,0.2,0.333333333333333,1,0,619.559380317206,2957.35279466737,2135.1822357339,0.278008954635373,104.784977857809,3.71637388135695,-1.17731244658262
1880,0.3,1,0.2,0.333333333333333,1,1,619.559380317206,2957.35279466737,1901.6552357339,0.356973831744756,95.0827617866949,3.37226861803478,-1.53967484906136
1881,0.3,1,0.2,0.666666666666667,0,0,250,2307,1614.9,0.3,80.745,5.727512,-0.918409132371237
1882,0.3,1,0.2,0.666666666666667,0,1,250,2307,1381.373,0.40122540095362,69.06865,4.89926957333333,-1.28077153484998
1883,0.3,1,0.2,0.666666666666667,1,0,619.559380317206,2957.35279466737,2135.1822357339,0.278008954635373,104.784977857809,7.4327477627139,-1.17731244658262
1884,0.3,1,0.2,0.666666666666667,1,1,619.559380317206,2957.35279466737,1901.6552357339,0.356973831744756,95.0827617866949,6.74453723606956,-1.53967484906136
1885,0.3,1,0.2,1,0,0,250,2307,1614.9,0.3,80.745,8.591268,-0.918409132371237
1886,0.3,1,0.2,1,0,1,250,2307,1381.373,0.40122540095362,69.06865,7.34890436,-1.28077153484998
1887,0.3,1,0.2,1,1,0,619.559380317206,2957.35279466737,2135.1822357339,0.278008954635373,104.784977857809,11.1491216440709,-1.17731244658262
1888,0.3,1,0.2,1,1,1,619.559380317206,2957.35279466737,1901.6552357339,0.356973831744756,95.0827617866949,10.1168058541043,-1.53967484906136
1889,0.3,1,0.3,0,0,0,250,2307,1614.9,0.3,80.745,0,-0.918409132371237
1890,0.3,1,0.3,0,0,1,250,2307,1381.373,0.40122540095362,69.06865,0,-1.28077153484998
1891,0.3,1,0.3,0,1,0,619.559380317206,2957.35279466737,2070.14695626716,0.3,101.533213884472,0,-1.17731244658262
1892,0.3,1,0.3,0,1,1,619.559380317206,2957.35279466737,1836.61995626716,0.378964877109383,91.830997813358,0,-1.53967484906136
1893,0.3,1,0.3,0.333333333333333,0,0,250,2307,1614.9,0.3,80.745,2.863756,-0.918409132371237
1894,0.3,1,0.3,0.333333333333333,0,1,250,2307,1381.373,0.40122540095362,69.06865,2.44963478666667,-1.28077153484998
1895,0.3,1,0.3,0.333333333333333,1,0,619.559380317206,2957.35279466737,2070.14695626716,0.3,101.533213884472,3.60104465243594,-1.17731244658262
1896,0.3,1,0.3,0.333333333333333,1,1,619.559380317206,2957.35279466737,1836.61995626716,0.378964877109383,91.830997813358,3.25693938911376,-1.53967484906136
1897,0.3,1,0.3,0.666666666666667,0,0,250,2307,1614.9,0.3,80.745,5.727512,-0.918409132371237
1898,0.3,1,0.3,0.666666666666667,0,1,250,2307,1381.373,0.40122540095362,69.06865,4.89926957333333,-1.28077153484998
1899,0.3,1,0.3,0.666666666666667,1,0,619.559380317206,2957.35279466737,2070.14695626716,0.3,101.533213884472,7.20208930487188,-1.17731244658262
1900,0.3,1,0.3,0.666666666666667,1,1,619.559380317206,2957.35279466737,1836.61995626716,0.378964877109383,91.830997813358,6.51387877822753,-1.53967484906136
1901,0.3,1,0.3,1,0,0,250,2307,1614.9,0.3,80.745,8.591268,-0.918409132371237
1902,0.3,1,0.3,1,0,1,250,2307,1381.373,0.40122540095362,69.06865,7.34890436,-1.28077153484998
1903,0.3,1,0.3,1,1,0,619.559380317206,2957.35279466737,2070.14695626716,0.3,101.533213884472,10.8031339573078,-1.17731244658262
1904,0.3,1,0.3,1,1,1,619.559380317206,2957.35279466737,1836.61995626716,0.378964877109383,91.830997813358,9.77081816734129,-1.53967484906136
1905,0.3,1,0.5,0,0,0,250,2307,1614.9,0.3,80.745,0,-0.918409132371237
1906,0.3,1,0.5,0,0,1,250,2307,1381.373,0.40122540095362,69.06865,0,-1.28077153484998
1907,0.3,1,0.5,0,1,0,619.559380317206,2957.35279466737,1940.07639733369,0.343982090729254,95.0296859377982,0,-1.17731244658262
1908,0.3,1,0.5,0,1,1,619.559380317206,2957.35279466737,1706.54939733369,0.422946967838638,85.3274698666843,0,-1.53967484906136
1909,0.3,1,0.5,0.333333333333333,0,0,250,2307,1614.9,0.3,80.745,2.863756,-0.918409132371237
1910,0.3,1,0.5,0.333333333333333,0,1,250,2307,1381.373,0.40122540095362,69.06865,2.44963478666667,-1.28077153484998
1911,0.3,1,0.5,0.333333333333333,1,0,619.559380317206,2957.35279466737,1940.07639733369,0.343982090729254,95.0296859377982,3.37038619459391,-1.17731244658262
1912,0.3,1,0.5,0.333333333333333,1,1,619.559380317206,2957.35279466737,1706.54939733369,0.422946967838638,85.3274698666843,3.02628093127174,-1.53967484906136
1913,0.3,1,0.5,0.666666666666667,0,0,250,2307,1614.9,0.3,80.745,5.727512,-0.918409132371237
1914,0.3,1,0.5,0.666666666666667,0,1,250,2307,1381.373,0.40122540095362,69.06865,4.89926957333333,-1.28077153484998
1915,0.3,1,0.5,0.666666666666667,1,0,619.559380317206,2957.35279466737,1940.07639733369,0.343982090729254,95.0296859377982,6.74077238918782,-1.17731244658262
1916,0.3,1,0.5,0.666666666666667,1,1,619.559380317206,2957.35279466737,1706.54939733369,0.422946967838638,85.3274698666843,6.05256186254347,-1.53967484906136
1917,0.3,1,0.5,1,0,0,250,2307,1614.9,0.3,80.745,8.591268,-0.918409132371237
1918,0.3,1,0.5,1,0,1,250,2307,1381.373,0.40122540095362,69.06865,7.34890436,-1.28077153484998
1919,0.3,1,0.5,1,1,0,619.559380317206,2957.35279466737,1940.07639733369,0.343982090729254,95.0296859377982,10.1111585837817,-1.17731244658262
1920,0.3,1,0.5,1,1,1,619.559380317206,2957.35279466737,1706.54939733369,0.422946967838638,85.3274698666843,9.07884279381521,-1.53967484906136
