cell,avoidance,mobility_share,avoidance_small,sell_share,pareto,leavers,n_billionaires,wealth,taxable_wealth,avoidance_rate,wealth_tax_revenue,extra_ca_inctax_sales,annual_ca_inctax_loss,income_tax_loss_pv,main_estimate
1,0.0,0.0,0.1,0.0,0.0,0.0,250.0,2307.0,2307.0,0.0,115.35000000000001,0.0,-0.0,-0.0,115.35000000000001
2,0.0,0.0,0.1,0.0,0.0,1.0,250.0,2307.0,1973.3899999999999,0.14460771564802777,98.6695,0.0,-0.3623624024787383,-1.6595136990009574,97.00998630099905
3,0.0,0.0,0.1,0.0,1.0,0.0,619.559380317206,2957.352794667372,2892.317515200635,0.02199104536462715,142.64174183114568,0.0,-0.0,-0.0,142.64174183114568
4,0.0,0.0,0.1,0.0,1.0,1.0,619.559380317206,2957.352794667372,2558.7075152006346,0.13479801266374614,127.93537576003173,0.0,-0.3623624024787383,-1.6595136990009574,126.27586206103078
5,0.0,0.0,0.1,0.3333333333333333,0.0,0.0,250.0,2307.0,2307.0,0.0,115.35000000000001,4.091080000000001,-0.0,-0.0,119.44108000000001
6,0.0,0.0,0.1,0.3333333333333333,0.0,1.0,250.0,2307.0,1973.3899999999999,0.14460771564802777,98.6695,3.4994782666666664,-0.3623624024787383,-1.6595136990009574,100.50946456766572
7,0.0,0.0,0.1,0.3333333333333333,1.0,0.0,619.559380317206,2957.352794667372,2892.317515200635,0.02199104536462715,142.64174183114568,5.059027110277967,-0.0,-0.0,147.70076894142363
8,0.0,0.0,0.1,0.3333333333333333,1.0,1.0,619.559380317206,2957.352794667372,2558.7075152006346,0.13479801266374614,127.93537576003173,4.5374413269557925,-0.3623624024787383,-1.6595136990009574,130.81330338798656
9,0.0,0.0,0.1,0.6666666666666666,0.0,0.0,250.0,2307.0,2307.0,0.0,115.35000000000001,8.182160000000001,-0.0,-0.0,123.53216
10,0.0,0.0,0.1,0.6666666666666666,0.0,1.0,250.0,2307.0,1973.3899999999999,0.14460771564802777,98.6695,6.998956533333333,-0.3623624024787383,-1.6595136990009574,104.00894283433237
11,0.0,0.0,0.1,0.6666666666666666,1.0,0.0,619.559380317206,2957.352794667372,2892.317515200635,0.02199104536462715,142.64174183114568,10.118054220555933,-0.0,-0.0,152.7597960517016
12,0.0,0.0,0.1,0.6666666666666666,1.0,1.0,619.559380317206,2957.352794667372,2558.7075152006346,0.13479801266374614,127.93537576003173,9.074882653911585,-0.3623624024787383,-1.6595136990009574,135.35074471494235
13,0.0,0.0,0.1,1.0,0.0,0.0,250.0,2307.0,2307.0,0.0,115.35000000000001,12.273240000000003,-0.0,-0.0,127.62324000000001
14,0.0,0.0,0.1,1.0,0.0,1.0,250.0,2307.0,1973.3899999999999,0.14460771564802777,98.6695,10.498434800000002,-0.3623624024787383,-1.6595136990009574,107.50842110099904
15,0.0,0.0,0.1,1.0,1.0,0.0,619.559380317206,2957.352794667372,2892.317515200635,0.02199104536462715,142.64174183114568,15.177081330833902,-0.0,-0.0,157.8188231619796
16,0.0,0.0,0.1,1.0,1.0,1.0,619.559380317206,2957.352794667372,2558.7075152006346,0.13479801266374614,127.93537576003173,13.612323980867378,-0.3623624024787383,-1.6595136990009574,139.88818604189814
17,0.0,0.0,0.2,0.0,0.0,0.0,250.0,2307.0,2307.0,0.0,115.35000000000001,0.0,-0.0,-0.0,115.35000000000001
18,0.0,0.0,0.2,0.0,0.0,1.0,250.0,2307.0,1973.3899999999999,0.14460771564802777,98.6695,0.0,-0.3623624024787383,-1.6595136990009574,97.00998630099905
19,0.0,0.0,0.2,0.0,1.0,0.0,619.559380317206,2957.352794667372,2827.282235733898,0.04398209072925441,139.38997785780882,0.0,-0.0,-0.0,139.38997785780882
20,0.0,0.0,0.2,0.0,1.0,1.0,619.559380317206,2957.352794667372,2493.6722357338977,0.15678905802837328,124.68361178669488,0.0,-0.3623624024787383,-1.6595136990009574,123.02409808769393
21,0.0,0.0,0.2,0.3333333333333333,0.0,0.0,250.0,2307.0,2307.0,0.0,115.35000000000001,4.091080000000001,-0.0,-0.0,119.44108000000001
22,0.0,0.0,0.2,0.3333333333333333,0.0,1.0,250.0,2307.0,1973.3899999999999,0.14460771564802777,98.6695,3.4994782666666664,-0.3623624024787383,-1.6595136990009574,100.50946456766572
23,0.0,0.0,0.2,0.3333333333333333,1.0,0.0,619.559380317206,2957.352794667372,2827.282235733898,0.04398209072925441,139.38997785780882,4.943697881356953,-0.0,-0.0,144.33367573916576
24,0.0,0.0,0.2,0.3333333333333333,1.0,1.0,619.559380317206,2957.352794667372,2493.6722357338977,0.15678905802837328,124.68361178669488,4.422112098034779,-0.3623624024787383,-1.6595136990009574,127.4462101857287
25,0.0,0.0,0.2,0.6666666666666666,0.0,0.0,250.0,2307.0,2307.0,0.0,115.35000000000001,8.182160000000001,-0.0,-0.0,123.53216
26,0.0,0.0,0.2,0.6666666666666666,0.0,1.0,250.0,2307.0,1973.3899999999999,0.14460771564802777,98.6695,6.998956533333333,-0.3623624024787383,-1.6595136990009574,104.00894283433237
27,0.0,0.0,0.2,0.6666666666666666,1.0,0.0,619.559380317206,2957.352794667372,2827.282235733898,0.04398209072925441,139.38997785780882,9.887395762713906,-0.0,-0.0,149.27737362052272
28,0.0,0.0,0.2,0.6666666666666666,1.0,1.0,619.559380317206,2957.352794667372,2493.6722357338977,0.15678905802837328,124.68361178669488,8.844224196069558,-0.3623624024787383,-1.6595136990009574,131.86832228376346
29,0.0,0.0,0.2,1.0,0.0,0.0,250.0,2307.0,2307.0,0.0,115.35000000000001,12.273240000000003,-0.0,-0.0,127.62324000000001
30,0.0,0.0,0.2,1.0,0.0,1.0,250.0,2307.0,1973.3899999999999,0.14460771564802777,98.6695,10.498434800000002,-0.3623624024787383,-1.6595136990009574,107.50842110099904
31,0.0,0.0,0.2,1.0,1.0,0.0,619.559380317206,2957.352794667372,2827.282235733898,0.04398209072925441,139.38997785780882,14.83109364407086,-0.0,-0.0,154.22107150187966
32,0.0,0.0,0.2,1.0,1.0,1.0,619.559380317206,2957.352794667372,2493.6722357338977,0.15678905802837328,124.68361178669488,13.266336294104338,-0.3623624024787383,-1.6595136990009574,136.29043438179826
33,0.0,0.0,0.3,0.0,0.0,0.0,250.0,2307.0,2307.0,0.0,115.35000000000001,0.0,-0.0,-0.0,115.35000000000001
34,0.0,0.0,0.3,0.0,0.0,1.0,250.0,2307.0,1973.3899999999999,0.14460771564802777,98.6695,0.0,-0.3623624024787383,-1.6595136990009574,97.00998630099905
35,0.0,0.0,0.3,0.0,1.0,0.0,619.559380317206,2957.352794667372,2762.2469562671604,0.06597313609388167,136.13821388447192,0.0,-0.0,-0.0,136.13821388447192
36,0.0,0.0,0.3,0.0,1.0,1.0,619.559380317206,2957.352794667372,2428.6369562671603,0.17878010339300054,121.43184781335802,0.0,-0.3623624024787383,-1.6595136990009574,119.77233411435707
37,0.0,0.0,0.3,0.3333333333333333,0.0,0.0,250.0,2307.0,2307.0,0.0,115.35000000000001,4.091080000000001,-0.0,-0.0,119.44108000000001
38,0.0,0.0,0.3,0.3333333333333333,0.0,1.0,250.0,2307.0,1973.3899999999999,0.14460771564802777,98.6695,3.4994782666666664,-0.3623624024787383,-1.6595136990009574,100.50946456766572
39,0.0,0.0,0.3,0.3333333333333333,1.0,0.0,619.559380317206,2957.352794667372,2762.2469562671604,0.06597313609388167,136.13821388447192,4.8283686524359375,-0.0,-0.0,140.96658253690785
40,0.0,0.0,0.3,0.3333333333333333,1.0,1.0,619.559380317206,2957.352794667372,2428.6369562671603,0.17878010339300054,121.43184781335802,4.306782869113765,-0.3623624024787383,-1.6595136990009574,124.07911698347083
41,0.0,0.0,0.3,0.6666666666666666,0.0,0.0,250.0,2307.0,2307.0,0.0,115.35000000000001,8.182160000000001,-0.0,-0.0,123.53216
42,0.0,0.0,0.3,0.6666666666666666,0.0,1.0,250.0,2307.0,1973.3899999999999,0.14460771564802777,98.6695,6.998956533333333,-0.3623624024787383,-1.6595136990009574,104.00894283433237
43,0.0,0.0,0.3,0.6666666666666666,1.0,0.0,619.559380317206,2957.352794667372,2762.2469562671604,0.06597313609388167,136.13821388447192,9.656737304871875,-0.0,-0.0,145.7949511893438
44,0.0,0.0,0.3,0.6666666666666666,1.0,1.0,619.559380317206,2957.352794667372,2428.6369562671603,0.17878010339300054,121.43184781335802,8.61356573822753,-0.3623624024787383,-1.6595136990009574,128.38589985258457
45,0.0,0.0,0.3,1.0,0.0,0.0,250.0,2307.0,2307.0,0.0,115.35000000000001,12.273240000000003,-0.0,-0.0,127.62324000000001
46,0.0,0.0,0.3,1.0,0.0,1.0,250.0,2307.0,1973.3899999999999,0.14460771564802777,98.6695,10.498434800000002,-0.3623624024787383,-1.6595136990009574,107.50842110099904
47,0.0,0.0,0.3,1.0,1.0,0.0,619.559380317206,2957.352794667372,2762.2469562671604,0.06597313609388167,136.13821388447192,14.485105957307814,-0.0,-0.0,150.62331984177973
48,0.0,0.0,0.3,1.0,1.0,1.0,619.559380317206,2957.352794667372,2428.6369562671603,0.17878010339300054,121.43184781335802,12.920348607341294,-0.3623624024787383,-1.6595136990009574,132.69268272169833
49,0.0,0.0,0.5,0.0,0.0,0.0,250.0,2307.0,2307.0,0.0,115.35000000000001,0.0,-0.0,-0.0,115.35000000000001
50,0.0,0.0,0.5,0.0,0.0,1.0,250.0,2307.0,1973.3899999999999,0.14460771564802777,98.6695,0.0,-0.3623624024787383,-1.6595136990009574,97.00998630099905
51,0.0,0.0,0.5,0.0,1.0,0.0,619.559380317206,2957.352794667372,2632.176397333686,0.10995522682313597,129.63468593779822,0.0,-0.0,-0.0,129.63468593779822
52,0.0,0.0,0.5,0.0,1.0,1.0,619.559380317206,2957.352794667372,2298.566397333686,0.22276219412225495,114.9283198666843,0.0,-0.3623624024787383,-1.6595136990009574,113.26880616768335
53,0.0,0.0,0.5,0.3333333333333333,0.0,0.0,250.0,2307.0,2307.0,0.0,115.35000000000001,4.091080000000001,-0.0,-0.0,119.44108000000001
54,0.0,0.0,0.5,0.3333333333333333,0.0,1.0,250.0,2307.0,1973.3899999999999,0.14460771564802777,98.6695,3.4994782666666664,-0.3623624024787383,-1.6595136990009574,100.50946456766572
55,0.0,0.0,0.5,0.3333333333333333,1.0,0.0,619.559380317206,2957.352794667372,2632.176397333686,0.10995522682313597,129.63468593779822,4.597710194593911,-0.0,-0.0,134.23239613239213
56,0.0,0.0,0.5,0.3333333333333333,1.0,1.0,619.559380317206,2957.352794667372,2298.566397333686,0.22276219412225495,114.9283198666843,4.076124411271737,-0.3623624024787383,-1.6595136990009574,117.34493057895509
57,0.0,0.0,0.5,0.6666666666666666,0.0,0.0,250.0,2307.0,2307.0,0.0,115.35000000000001,8.182160000000001,-0.0,-0.0,123.53216
58,0.0,0.0,0.5,0.6666666666666666,0.0,1.0,250.0,2307.0,1973.3899999999999,0.14460771564802777,98.6695,6.998956533333333,-0.3623624024787383,-1.6595136990009574,104.00894283433237
59,0.0,0.0,0.5,0.6666666666666666,1.0,0.0,619.559380317206,2957.352794667372,2632.176397333686,0.10995522682313597,129.63468593779822,9.195420389187822,-0.0,-0.0,138.83010632698605
60,0.0,0.0,0.5,0.6666666666666666,1.0,1.0,619.559380317206,2957.352794667372,2298.566397333686,0.22276219412225495,114.9283198666843,8.152248822543473,-0.3623624024787383,-1.6595136990009574,121.42105499022682
61,0.0,0.0,0.5,1.0,0.0,0.0,250.0,2307.0,2307.0,0.0,115.35000000000001,12.273240000000003,-0.0,-0.0,127.62324000000001
62,0.0,0.0,0.5,1.0,0.0,1.0,250.0,2307.0,1973.3899999999999,0.14460771564802777,98.6695,10.498434800000002,-0.3623624024787383,-1.6595136990009574,107.50842110099904
63,0.0,0.0,0.5,1.0,1.0,0.0,619.559380317206,2957.352794667372,2632.176397333686,0.10995522682313597,129.63468593779822,13.793130583781732,-0.0,-0.0,143.42781652157996
64,0.0,0.0,0.5,1.0,1.0,1.0,619.559380317206,2957.352794667372,2298.566397333686,0.22276219412225495,114.9283198666843,12.228373233815212,-0.3623624024787383,-1.6595136990009574,125.49717940149857
65,0.0,0.25,0.1,0.0,0.0,0.0,250.0,2307.0,2307.0,0.0,115.35000000000001,0.0,-0.0,-0.0,115.35000000000001
66,0.0,0.25,0.1,0.0,0.0,1.0,250.0,2307.0,1973.3899999999999,0.14460771564802777,98.6695,0.0,-0.3623624024787383,-1.6595136990009574,97.00998630099905
67,0.0,0.25,0.1,0.0,1.0,0.0,619.559380317206,2957.352794667372,2892.317515200635,0.02199104536462715,142.64174183114568,0.0,-0.0,-0.0,142.64174183114568
68,0.0,0.25,0.1,0.0,1.0,1.0,619.559380317206,2957.352794667372,2558.7075152006346,0.13479801266374614,127.93537576003173,0.0,-0.3623624024787383,-1.6595136990009574,126.27586206103078
69,0.0,0.25,0.1,0.3333333333333333,0.0,0.0,250.0,2307.0,2307.0,0.0,115.35000000000001,4.091080000000001,-0.0,-0.0,119.44108000000001
70,0.0,0.25,0.1,0.3333333333333333,0.0,1.0,250.0,2307.0,1973.3899999999999,0.14460771564802777,98.6695,3.4994782666666664,-0.3623624024787383,-1.6595136990009574,100.50946456766572
71,0.0,0.25,0.1,0.3333333333333333,1.0,0.0,619.559380317206,2957.352794667372,2892.317515200635,0.02199104536462715,142.64174183114568,5.059027110277967,-0.0,-0.0,147.70076894142363
72,0.0,0.25,0.1,0.3333333333333333,1.0,1.0,619.559380317206,2957.352794667372,2558.7075152006346,0.13479801266374614,127.93537576003173,4.5374413269557925,-0.3623624024787383,-1.6595136990009574,130.81330338798656
73,0.0,0.25,0.1,0.6666666666666666,0.0,0.0,250.0,2307.0,2307.0,0.0,115.35000000000001,8.182160000000001,-0.0,-0.0,123.53216
74,0.0,0.25,0.1,0.6666666666666666,0.0,1.0,250.0,2307.0,1973.3899999999999,0.14460771564802777,98.6695,6.998956533333333,-0.3623624024787383,-1.6595136990009574,104.00894283433237
75,0.0,0.25,0.1,0.6666666666666666,1.0,0.0,619.559380317206,2957.352794667372,2892.317515200635,0.02199104536462715,142.64174183114568,10.118054220555933,-0.0,-0.0,152.7597960517016
76,0.0,0.25,0.1,0.6666666666666666,1.0,1.0,619.559380317206,2957.352794667372,2558.7075152006346,0.13479801266374614,127.93537576003173,9.074882653911585,-0.3623624024787383,-1.6595136990009574,135.35074471494235
77,0.0,0.25,0.1,1.0,0.0,0.0,250.0,2307.0,2307.0,0.0,115.35000000000001,12.273240000000003,-0.0,-0.0,127.62324000000001
78,0.0,0.25,0.1,1.0,0.0,1.0,250.0,2307.0,1973.3899999999999,0.14460771564802777,98.6695,10.498434800000002,-0.3623624024787383,-1.6595136990009574,107.50842110099904
79,0.0,0.25,0.1,1.0,1.0,0.0,619.559380317206,2957.352794667372,2892.317515200635,0.02199104536462715,142.64174183114568,15.177081330833902,-0.0,-0.0,157.8188231619796
80,0.0,0.25,0.1,1.0,1.0,1.0,619.559380317206,2957.352794667372,2558.7075152006346,0.13479801266374614,127.93537576003173,13.612323980867378,-0.3623624024787383,-1.6595136990009574,139.88818604189814
81,0.0,0.25,0.2,0.0,0.0,0.0,250.0,2307.0,2307.0,0.0,115.35000000000001,0.0,-0.0,-0.0,115.35000000000001
82,0.0,0.25,0.2,0.0,0.0,1.0,250.0,2307.0,1973.3899999999999,0.14460771564802777,98.6695,0.0,-0.3623624024787383,-1.6595136990009574,97.00998630099905
83,0.0,0.25,0.2,0.0,1.0,0.0,619.559380317206,2957.352794667372,2827.282235733898,0.04398209072925441,139.38997785780882,0.0,-0.0,-0.0,139.38997785780882
84,0.0,0.25,0.2,0.0,1.0,1.0,619.559380317206,2957.352794667372,2493.6722357338977,0.15678905802837328,124.68361178669488,0.0,-0.3623624024787383,-1.6595136990009574,123.02409808769393
85,0.0,0.25,0.2,0.3333333333333333,0.0,0.0,250.0,2307.0,2307.0,0.0,115.35000000000001,4.091080000000001,-0.0,-0.0,119.44108000000001
86,0.0,0.25,0.2,0.3333333333333333,0.0,1.0,250.0,2307.0,1973.3899999999999,0.14460771564802777,98.6695,3.4994782666666664,-0.3623624024787383,-1.6595136990009574,100.50946456766572
87,0.0,0.25,0.2,0.3333333333333333,1.0,0.0,619.559380317206,2957.352794667372,2827.282235733898,0.04398209072925441,139.38997785780882,4.943697881356953,-0.0,-0.0,144.33367573916576
88,0.0,0.25,0.2,0.3333333333333333,1.0,1.0,619.559380317206,2957.352794667372,2493.6722357338977,0.15678905802837328,124.68361178669488,4.422112098034779,-0.3623624024787383,-1.6595136990009574,127.4462101857287
89,0.0,0.25,0.2,0.6666666666666666,0.0,0.0,250.0,2307.0,2307.0,0.0,115.35000000000001,8.182160000000001,-0.0,-0.0,123.53216
90,0.0,0.25,0.2,0.6666666666666666,0.0,1.0,250.0,2307.0,1973.3899999999999,0.14460771564802777,98.6695,6.998956533333333,-0.3623624024787383,-1.6595136990009574,104.00894283433237
91,0.0,0.25,0.2,0.6666666666666666,1.0,0.0,619.559380317206,2957.352794667372,2827.282235733898,0.04398209072925441,139.38997785780882,9.887395762713906,-0.0,-0.0,149.27737362052272
92,0.0,0.25,0.2,0.6666666666666666,1.0,1.0,619.559380317206,2957.352794667372,2493.6722357338977,0.15678905802837328,124.68361178669488,8.844224196069558,-0.3623624024787383,-1.6595136990009574,131.86832228376346
93,0.0,0.25,0.2,1.0,0.0,0.0,250.0,2307.0,2307.0,0.0,115.35000000000001,12.273240000000003,-0.0,-0.0,127.62324000000001
94,0.0,0.25,0.2,1.0,0.0,1.0,250.0,2307.0,1973.3899999999999,0.14460771564802777,98.6695,10.498434800000002,-0.3623624024787383,-1.6595136990009574,107.50842110099904
95,0.0,0.25,0.2,1.0,1.0,0.0,619.559380317206,2957.352794667372,2827.282235733898,0.04398209072925441,139.38997785780882,14.83109364407086,-0.0,-0.0,154.22107150187966
96,0.0,0.25,0.2,1.0,1.0,1.0,619.559380317206,2957.352794667372,2493.6722357338977,0.15678905802837328,124.68361178669488,13.266336294104338,-0.3623624024787383,-1.6595136990009574,136.29043438179826
97,0.0,0.25,0.3,0.0,0.0,0.0,250.0,2307.0,2307.0,0.0,115.35000000000001,0.0,-0.0,-0.0,115.35000000000001
98,0.0,0.25,0.3,0.0,0.0,1.0,250.0,2307.0,1973.3899999999999,0.14460771564802777,98.6695,0.0,-0.3623624024787383,-1.6595136990009574,97.00998630099905
99,0.0,0.25,0.3,0.0,1.0,0.0,619.559380317206,2957.352794667372,2762.2469562671604,0.06597313609388167,136.13821388447192,0.0,-0.0,-0.0,136.13821388447192
100,0.0,0.25,0.3,0.0,1.0,1.0,619.559380317206,2957.352794667372,2428.6369562671603,0.17878010339300054,121.43184781335802,0.0,-0.3623624024787383,-1.6595136990009574,119.77233411435707
101,0.0,0.25,0.3,0.3333333333333333,0.0,0.0,250.0,2307.0,2307.0,0.0,115.35000000000001,4.091080000000001,-0.0,-0.0,119.44108000000001
102,0.0,0.25,0.3,0.3333333333333333,0.0,1.0,250.0,2307.0,1973.3899999999999,0.14460771564802777,98.6695,3.4994782666666664,-0.3623624024787383,-1.6595136990009574,100.50946456766572
103,0.0,0.25,0.3,0.3333333333333333,1.0,0.0,619.559380317206,2957.352794667372,2762.2469562671604,0.06597313609388167,136.13821388447192,4.8283686524359375,-0.0,-0.0,140.96658253690785
104,0.0,0.25,0.3,0.3333333333333333,1.0,1.0,619.559380317206,2957.352794667372,2428.6369562671603,0.17878010339300054,121.43184781335802,4.306782869113765,-0.3623624024787383,-1.6595136990009574,124.07911698347083
105,0.0,0.25,0.3,0.6666666666666666,0.0,0.0,250.0,2307.0,2307.0,0.0,115.35000000000001,8.182160000000001,-0.0,-0.0,123.53216
106,0.0,0.25,0.3,0.6666666666666666,0.0,1.0,250.0,2307.0,1973.3899999999999,0.14460771564802777,98.6695,6.998956533333333,-0.3623624024787383,-1.6595136990009574,104.00894283433237
107,0.0,0.25,0.3,0.6666666666666666,1.0,0.0,619.559380317206,2957.352794667372,2762.2469562671604,0.06597313609388167,136.13821388447192,9.656737304871875,-0.0,-0.0,145.7949511893438
108,0.0,0.25,0.3,0.6666666666666666,1.0,1.0,619.559380317206,2957.352794667372,2428.6369562671603,0.17878010339300054,121.43184781335802,8.61356573822753,-0.3623624024787383,-1.6595136990009574,128.38589985258457
109,0.0,0.25,0.3,1.0,0.0,0.0,250.0,2307.0,2307.0,0.0,115.35000000000001,12.273240000000003,-0.0,-0.0,127.62324000000001
110,0.0,0.25,0.3,1.0,0.0,1.0,250.0,2307.0,1973.3899999999999,0.14460771564802777,98.6695,10.498434800000002,-0.3623624024787383,-1.6595136990009574,107.50842110099904
111,0.0,0.25,0.3,1.0,1.0,0.0,619.559380317206,2957.352794667372,2762.2469562671604,0.06597313609388167,136.13821388447192,14.485105957307814,-0.0,-0.0,150.62331984177973
112,0.0,0.25,0.3,1.0,1.0,1.0,619.559380317206,2957.352794667372,2428.6369562671603,0.17878010339300054,121.43184781335802,12.920348607341294,-0.3623624024787383,-1.6595136990009574,132.69268272169833
113,0.0,0.25,0.5,0.0,0.0,0.0,250.0,2307.0,2307.0,0.0,115.35000000000001,0.0,-0.0,-0.0,115.35000000000001
114,0.0,0.25,0.5,0.0,0.0,1.0,250.0,2307.0,1973.3899999999999,0.14460771564802777,98.6695,0.0,-0.3623624024787383,-1.6595136990009574,97.00998630099905
115,0.0,0.25,0.5,0.0,1.0,0.0,619.559380317206,2957.352794667372,2632.176397333686,0.10995522682313597,129.63468593779822,0.0,-0.0,-0.0,129.63468593779822
116,0.0,0.25,0.5,0.0,1.0,1.0,619.559380317206,2957.352794667372,2298.566397333686,0.22276219412225495,114.9283198666843,0.0,-0.3623624024787383,-1.6595136990009574,113.26880616768335
117,0.0,0.25,0.5,0.3333333333333333,0.0,0.0,250.0,2307.0,2307.0,0.0,115.35000000000001,4.091080000000001,-0.0,-0.0,119.44108000000001
118,0.0,0.25,0.5,0.3333333333333333,0.0,1.0,250.0,2307.0,1973.3899999999999,0.14460771564802777,98.6695,3.4994782666666664,-0.3623624024787383,-1.6595136990009574,100.50946456766572
119,0.0,0.25,0.5,0.3333333333333333,1.0,0.0,619.559380317206,2957.352794667372,2632.176397333686,0.10995522682313597,129.63468593779822,4.597710194593911,-0.0,-0.0,134.23239613239213
120,0.0,0.25,0.5,0.3333333333333333,1.0,1.0,619.559380317206,2957.352794667372,2298.566397333686,0.22276219412225495,114.9283198666843,4.076124411271737,-0.3623624024787383,-1.6595136990009574,117.34493057895509
121,0.0,0.25,0.5,0.6666666666666666,0.0,0.0,250.0,2307.0,2307.0,0.0,115.35000000000001,8.182160000000001,-0.0,-0.0,123.53216
122,0.0,0.25,0.5,0.6666666666666666,0.0,1.0,250.0,2307.0,1973.3899999999999,0.14460771564802777,98.6695,6.998956533333333,-0.3623624024787383,-1.6595136990009574,104.00894283433237
123,0.0,0.25,0.5,0.6666666666666666,1.0,0.0,619.559380317206,2957.352794667372,2632.176397333686,0.10995522682313597,129.63468593779822,9.195420389187822,-0.0,-0.0,138.83010632698605
124,0.0,0.25,0.5,0.6666666666666666,1.0,1.0,619.559380317206,2957.352794667372,2298.566397333686,0.22276219412225495,114.9283198666843,8.152248822543473,-0.3623624024787383,-1.6595136990009574,121.42105499022682
125,0.0,0.25,0.5,1.0,0.0,0.0,250.0,2307.0,2307.0,0.0,115.35000000000001,12.273240000000003,-0.0,-0.0,127.62324000000001
126,0.0,0.25,0.5,1.0,0.0,1.0,250.0,2307.0,1973.3899999999999,0.14460771564802777,98.6695,10.498434800000002,-0.3623624024787383,-1.6595136990009574,107.50842110099904
127,0.0,0.25,0.5,1.0,1.0,0.0,619.559380317206,2957.352794667372,2632.176397333686,0.10995522682313597,129.63468593779822,13.793130583781732,-0.0,-0.0,143.42781652157996
128,0.0,0.25,0.5,1.0,1.0,1.0,619.559380317206,2957.352794667372,2298.566397333686,0.22276219412225495,114.9283198666843,12.228373233815212,-0.3623624024787383,-1.6595136990009574,125.49717940149857
129,0.0,0.5,0.1,0.0,0.0,0.0,250.0,2307.0,2307.0,0.0,115.35000000000001,0.0,-0.0,-0.0,115.35000000000001
130,0.0,0.5,0.1,0.0,0.0,1.0,250.0,2307.0,1973.3899999999999,0.14460771564802777,98.6695,0.0,-0.3623624024787383,-1.6595136990009574,97.00998630099905
131,0.0,0.5,0.1,0.0,1.0,0.0,619.559380317206,2957.352794667372,2892.317515200635,0.02199104536462715,142.64174183114568,0.0,-0.0,-0.0,142.64174183114568
132,0.0,0.5,0.1,0.0,1.0,1.0,619.559380317206,2957.352794667372,2558.7075152006346,0.13479801266374614,127.93537576003173,0.0,-0.3623624024787383,-1.6595136990009574,126.27586206103078
133,0.0,0.5,0.1,0.3333333333333333,0.0,0.0,250.0,2307.0,2307.0,0.0,115.35000000000001,4.091080000000001,-0.0,-0.0,119.44108000000001
134,0.0,0.5,0.1,0.3333333333333333,0.0,1.0,250.0,2307.0,1973.3899999999999,0.14460771564802777,98.6695,3.4994782666666664,-0.3623624024787383,-1.6595136990009574,100.50946456766572
135,0.0,0.5,0.1,0.3333333333333333,1.0,0.0,619.559380317206,2957.352794667372,2892.317515200635,0.02199104536462715,142.64174183114568,5.059027110277967,-0.0,-0.0,147.70076894142363
136,0.0,0.5,0.1,0.3333333333333333,1.0,1.0,619.559380317206,2957.352794667372,2558.7075152006346,0.13479801266374614,127.93537576003173,4.5374413269557925,-0.3623624024787383,-1.6595136990009574,130.81330338798656
137,0.0,0.5,0.1,0.6666666666666666,0.0,0.0,250.0,2307.0,2307.0,0.0,115.35000000000001,8.182160000000001,-0.0,-0.0,123.53216
138,0.0,0.5,0.1,0.6666666666666666,0.0,1.0,250.0,2307.0,1973.3899999999999,0.14460771564802777,98.6695,6.998956533333333,-0.3623624024787383,-1.6595136990009574,104.00894283433237
139,0.0,0.5,0.1,0.6666666666666666,1.0,0.0,619.559380317206,2957.352794667372,2892.317515200635,0.02199104536462715,142.64174183114568,10.118054220555933,-0.0,-0.0,152.7597960517016
140,0.0,0.5,0.1,0.6666666666666666,1.0,1.0,619.559380317206,2957.352794667372,2558.7075152006346,0.13479801266374614,127.93537576003173,9.074882653911585,-0.3623624024787383,-1.6595136990009574,135.35074471494235
141,0.0,0.5,0.1,1.0,0.0,0.0,250.0,2307.0,2307.0,0.0,115.35000000000001,12.273240000000003,-0.0,-0.0,127.62324000000001
142,0.0,0.5,0.1,1.0,0.0,1.0,250.0,2307.0,1973.3899999999999,0.14460771564802777,98.6695,10.498434800000002,-0.3623624024787383,-1.6595136990009574,107.50842110099904
143,0.0,0.5,0.1,1.0,1.0,0.0,619.559380317206,2957.352794667372,2892.317515200635,0.02199104536462715,142.64174183114568,15.177081330833902,-0.0,-0.0,157.8188231619796
144,0.0,0.5,0.1,1.0,1.0,1.0,619.559380317206,2957.352794667372,2558.7075152006346,0.13479801266374614,127.93537576003173,13.612323980867378,-0.3623624024787383,-1.6595136990009574,139.88818604189814
145,0.0,0.5,0.2,0.0,0.0,0.0,250.0,2307.0,2307.0,0.0,115.35000000000001,0.0,-0.0,-0.0,115.35000000000001
146,0.0,0.5,0.2,0.0,0.0,1.0,250.0,2307.0,1973.3899999999999,0.14460771564802777,98.6695,0.0,-0.3623624024787383,-1.6595136990009574,97.00998630099905
147,0.0,0.5,0.2,0.0,1.0,0.0,619.559380317206,2957.352794667372,2827.282235733898,0.04398209072925441,139.38997785780882,0.0,-0.0,-0.0,139.38997785780882
148,0.0,0.5,0.2,0.0,1.0,1.0,619.559380317206,2957.352794667372,2493.6722357338977,0.15678905802837328,124.68361178669488,0.0,-0.3623624024787383,-1.6595136990009574,123.02409808769393
149,0.0,0.5,0.2,0.3333333333333333,0.0,0.0,250.0,2307.0,2307.0,0.0,115.35000000000001,4.091080000000001,-0.0,-0.0,119.44108000000001
150,0.0,0.5,0.2,0.3333333333333333,0.0,1.0,250.0,2307.0,1973.3899999999999,0.14460771564802777,98.6695,3.4994782666666664,-0.3623624024787383,-1.6595136990009574,100.50946456766572
151,0.0,0.5,0.2,0.3333333333333333,1.0,0.0,619.559380317206,2957.352794667372,2827.282235733898,0.04398209072925441,139.38997785780882,4.943697881356953,-0.0,-0.0,144.33367573916576
152,0.0,0.5,0.2,0.3333333333333333,1.0,1.0,619.559380317206,2957.352794667372,2493.6722357338977,0.15678905802837328,124.68361178669488,4.422112098034779,-0.3623624024787383,-1.6595136990009574,127.4462101857287
153,0.0,0.5,0.2,0.6666666666666666,0.0,0.0,250.0,2307.0,2307.0,0.0,115.35000000000001,8.182160000000001,-0.0,-0.0,123.53216
154,0.0,0.5,0.2,0.6666666666666666,0.0,1.0,250.0,2307.0,1973.3899999999999,0.14460771564802777,98.6695,6.998956533333333,-0.3623624024787383,-1.6595136990009574,104.00894283433237
155,0.0,0.5,0.2,0.6666666666666666,1.0,0.0,619.559380317206,2957.352794667372,2827.282235733898,0.04398209072925441,139.38997785780882,9.887395762713906,-0.0,-0.0,149.27737362052272
156,0.0,0.5,0.2,0.6666666666666666,1.0,1.0,619.559380317206,2957.352794667372,2493.6722357338977,0.15678905802837328,124.68361178669488,8.844224196069558,-0.3623624024787383,-1.6595136990009574,131.86832228376346
157,0.0,0.5,0.2,1.0,0.0,0.0,250.0,2307.0,2307.0,0.0,115.35000000000001,12.273240000000003,-0.0,-0.0,127.62324000000001
158,0.0,0.5,0.2,1.0,0.0,1.0,250.0,2307.0,1973.3899999999999,0.14460771564802777,98.6695,10.498434800000002,-0.3623624024787383,-1.6595136990009574,107.50842110099904
159,0.0,0.5,0.2,1.0,1.0,0.0,619.559380317206,2957.352794667372,2827.282235733898,0.04398209072925441,139.38997785780882,14.83109364407086,-0.0,-0.0,154.22107150187966
160,0.0,0.5,0.2,1.0,1.0,1.0,619.559380317206,2957.352794667372,2493.6722357338977,0.15678905802837328,124.68361178669488,13.266336294104338,-0.3623624024787383,-1.6595136990009574,136.29043438179826
161,0.0,0.5,0.3,0.0,0.0,0.0,250.0,2307.0,2307.0,0.0,115.35000000000001,0.0,-0.0,-0.0,115.35000000000001
162,0.0,0.5,0.3,0.0,0.0,1.0,250.0,2307.0,1973.3899999999999,0.14460771564802777,98.6695,0.0,-0.3623624024787383,-1.6595136990009574,97.00998630099905
163,0.0,0.5,0.3,0.0,1.0,0.0,619.559380317206,2957.352794667372,2762.2469562671604,0.06597313609388167,136.13821388447192,0.0,-0.0,-0.0,136.13821388447192
164,0.0,0.5,0.3,0.0,1.0,1.0,619.559380317206,2957.352794667372,2428.6369562671603,0.17878010339300054,121.43184781335802,0.0,-0.3623624024787383,-1.6595136990009574,119.77233411435707
165,0.0,0.5,0.3,0.3333333333333333,0.0,0.0,250.0,2307.0,2307.0,0.0,115.35000000000001,4.091080000000001,-0.0,-0.0,119.44108000000001
166,0.0,0.5,0.3,0.3333333333333333,0.0,1.0,250.0,2307.0,1973.3899999999999,0.14460771564802777,98.6695,3.4994782666666664,-0.3623624024787383,-1.6595136990009574,100.50946456766572
167,0.0,0.5,0.3,0.3333333333333333,1.0,0.0,619.559380317206,2957.352794667372,2762.2469562671604,0.06597313609388167,136.13821388447192,4.8283686524359375,-0.0,-0.0,140.96658253690785
168,0.0,0.5,0.3,0.3333333333333333,1.0,1.0,619.559380317206,2957.352794667372,2428.6369562671603,0.17878010339300054,121.43184781335802,4.306782869113765,-0.3623624024787383,-1.6595136990009574,124.07911698347083
169,0.0,0.5,0.3,0.6666666666666666,0.0,0.0,250.0,2307.0,2307.0,0.0,115.35000000000001,8.182160000000001,-0.0,-0.0,123.53216
170,0.0,0.5,0.3,0.6666666666666666,0.0,1.0,250.0,2307.0,1973.3899999999999,0.14460771564802777,98.6695,6.998956533333333,-0.3623624024787383,-1.6595136990009574,104.00894283433237
171,0.0,0.5,0.3,0.6666666666666666,1.0,0.0,619.559380317206,2957.352794667372,2762.2469562671604,0.06597313609388167,136.13821388447192,9.656737304871875,-0.0,-0.0,145.7949511893438
172,0.0,0.5,0.3,0.6666666666666666,1.0,1.0,619.559380317206,2957.352794667372,2428.6369562671603,0.17878010339300054,121.43184781335802,8.61356573822753,-0.3623624024787383,-1.6595136990009574,128.38589985258457
173,0.0,0.5,0.3,1.0,0.0,0.0,250.0,2307.0,2307.0,0.0,115.35000000000001,12.273240000000003,-0.0,-0.0,127.62324000000001
174,0.0,0.5,0.3,1.0,0.0,1.0,250.0,2307.0,1973.3899999999999,0.14460771564802777,98.6695,10.498434800000002,-0.3623624024787383,-1.6595136990009574,107.50842110099904
175,0.0,0.5,0.3,1.0,1.0,0.0,619.559380317206,2957.352794667372,2762.2469562671604,0.06597313609388167,136.13821388447192,14.485105957307814,-0.0,-0.0,150.62331984177973
176,0.0,0.5,0.3,1.0,1.0,1.0,619.559380317206,2957.352794667372,2428.6369562671603,0.17878010339300054,121.43184781335802,12.920348607341294,-0.3623624024787383,-1.6595136990009574,132.69268272169833
177,0.0,0.5,0.5,0.0,0.0,0.0,250.0,2307.0,2307.0,0.0,115.35000000000001,0.0,-0.0,-0.0,115.35000000000001
178,0.0,0.5,0.5,0.0,0.0,1.0,250.0,2307.0,1973.3899999999999,0.14460771564802777,98.6695,0.0,-0.3623624024787383,-1.6595136990009574,97.00998630099905
179,0.0,0.5,0.5,0.0,1.0,0.0,619.559380317206,2957.352794667372,2632.176397333686,0.10995522682313597,129.63468593779822,0.0,-0.0,-0.0,129.63468593779822
180,0.0,0.5,0.5,0.0,1.0,1.0,619.559380317206,2957.352794667372,2298.566397333686,0.22276219412225495,114.9283198666843,0.0,-0.3623624024787383,-1.6595136990009574,113.26880616768335
181,0.0,0.5,0.5,0.3333333333333333,0.0,0.0,250.0,2307.0,2307.0,0.0,115.35000000000001,4.091080000000001,-0.0,-0.0,119.44108000000001
182,0.0,0.5,0.5,0.3333333333333333,0.0,1.0,250.0,2307.0,1973.3899999999999,0.14460771564802777,98.6695,3.4994782666666664,-0.3623624024787383,-1.6595136990009574,100.50946456766572
183,0.0,0.5,0.5,0.3333333333333333,1.0,0.0,619.559380317206,2957.352794667372,2632.176397333686,0.10995522682313597,129.63468593779822,4.597710194593911,-0.0,-0.0,134.23239613239213
184,0.0,0.5,0.5,0.3333333333333333,1.0,1.0,619.559380317206,2957.352794667372,2298.566397333686,0.22276219412225495,114.9283198666843,4.076124411271737,-0.3623624024787383,-1.6595136990009574,117.34493057895509
185,0.0,0.5,0.5,0.6666666666666666,0.0,0.0,250.0,2307.0,2307.0,0.0,115.35000000000001,8.182160000000001,-0.0,-0.0,123.53216
186,0.0,0.5,0.5,0.6666666666666666,0.0,1.0,250.0,2307.0,1973.3899999999999,0.14460771564802777,98.6695,6.998956533333333,-0.3623624024787383,-1.6595136990009574,104.00894283433237
187,0.0,0.5,0.5,0.6666666666666666,1.0,0.0,619.559380317206,2957.352794667372,2632.176397333686,0.10995522682313597,129.63468593779822,9.195420389187822,-0.0,-0.0,138.83010632698605
188,0.0,0.5,0.5,0.6666666666666666,1.0,1.0,619.559380317206,2957.352794667372,2298.566397333686,0.22276219412225495,114.9283198666843,8.152248822543473,-0.3623624024787383,-1.6595136990009574,121.42105499022682
189,0.0,0.5,0.5,1.0,0.0,0.0,250.0,2307.0,2307.0,0.0,115.35000000000001,12.273240000000003,-0.0,-0.0,127.62324000000001
190,0.0,0.5,0.5,1.0,0.0,1.0,250.0,2307.0,1973.3899999999999,0.14460771564802777,98.6695,10.498434800000002,-0.3623624024787383,-1.6595136990009574,107.50842110099904
191,0.0,0.5,0.5,1.0,1.0,0.0,619.559380317206,2957.352794667372,2632.176397333686,0.10995522682313597,129.63468593779822,13.793130583781732,-0.0,-0.0,143.42781652157996
192,0.0,0.5,0.5,1.0,1.0,1.0,619.559380317206,2957.352794667372,2298.566397333686,0.22276219412225495,114.9283198666843,12.228373233815212,-0.3623624024787383,-1.6595136990009574,125.49717940149857
193,0.0,0.75,0.1,0.0,0.0,0.0,250.0,2307.0,2307.0,0.0,115.35000000000001,0.0,-0.0,-0.0,115.35000000000001
194,0.0,0.75,0.1,0.0,0.0,1.0,250.0,2307.0,1973.3899999999999,0.14460771564802777,98.6695,0.0,-0.3623624024787383,-1.6595136990009574,97.00998630099905
195,0.0,0.75,0.1,0.0,1.0,0.0,619.559380317206,2957.352794667372,2892.317515200635,0.02199104536462715,142.64174183114568,0.0,-0.0,-0.0,142.64174183114568
196,0.0,0.75,0.1,0.0,1.0,1.0,619.559380317206,2957.352794667372,2558.7075152006346,0.13479801266374614,127.93537576003173,0.0,-0.3623624024787383,-1.6595136990009574,126.27586206103078
197,0.0,0.75,0.1,0.3333333333333333,0.0,0.0,250.0,2307.0,2307.0,0.0,115.35000000000001,4.091080000000001,-0.0,-0.0,119.44108000000001
198,0.0,0.75,0.1,0.3333333333333333,0.0,1.0,250.0,2307.0,1973.3899999999999,0.14460771564802777,98.6695,3.4994782666666664,-0.3623624024787383,-1.6595136990009574,100.50946456766572
199,0.0,0.75,0.1,0.3333333333333333,1.0,0.0,619.559380317206,2957.352794667372,2892.317515200635,0.02199104536462715,142.64174183114568,5.059027110277967,-0.0,-0.0,147.70076894142363
200,0.0,0.75,0.1,0.3333333333333333,1.0,1.0,619.559380317206,2957.352794667372,2558.7075152006346,0.13479801266374614,127.93537576003173,4.5374413269557925,-0.3623624024787383,-1.6595136990009574,130.81330338798656
201,0.0,0.75,0.1,0.6666666666666666,0.0,0.0,250.0,2307.0,2307.0,0.0,115.35000000000001,8.182160000000001,-0.0,-0.0,123.53216
202,0.0,0.75,0.1,0.6666666666666666,0.0,1.0,250.0,2307.0,1973.3899999999999,0.14460771564802777,98.6695,6.998956533333333,-0.3623624024787383,-1.6595136990009574,104.00894283433237
203,0.0,0.75,0.1,0.6666666666666666,1.0,0.0,619.559380317206,2957.352794667372,2892.317515200635,0.02199104536462715,142.64174183114568,10.118054220555933,-0.0,-0.0,152.7597960517016
204,0.0,0.75,0.1,0.6666666666666666,1.0,1.0,619.559380317206,2957.352794667372,2558.7075152006346,0.13479801266374614,127.93537576003173,9.074882653911585,-0.3623624024787383,-1.6595136990009574,135.35074471494235
205,0.0,0.75,0.1,1.0,0.0,0.0,250.0,2307.0,2307.0,0.0,115.35000000000001,12.273240000000003,-0.0,-0.0,127.62324000000001
206,0.0,0.75,0.1,1.0,0.0,1.0,250.0,2307.0,1973.3899999999999,0.14460771564802777,98.6695,10.498434800000002,-0.3623624024787383,-1.6595136990009574,107.50842110099904
207,0.0,0.75,0.1,1.0,1.0,0.0,619.559380317206,2957.352794667372,2892.317515200635,0.02199104536462715,142.64174183114568,15.177081330833902,-0.0,-0.0,157.8188231619796
208,0.0,0.75,0.1,1.0,1.0,1.0,619.559380317206,2957.352794667372,2558.7075152006346,0.13479801266374614,127.93537576003173,13.612323980867378,-0.3623624024787383,-1.6595136990009574,139.88818604189814
209,0.0,0.75,0.2,0.0,0.0,0.0,250.0,2307.0,2307.0,0.0,115.35000000000001,0.0,-0.0,-0.0,115.35000000000001
210,0.0,0.75,0.2,0.0,0.0,1.0,250.0,2307.0,1973.3899999999999,0.14460771564802777,98.6695,0.0,-0.3623624024787383,-1.6595136990009574,97.00998630099905
211,0.0,0.75,0.2,0.0,1.0,0.0,619.559380317206,2957.352794667372,2827.282235733898,0.04398209072925441,139.38997785780882,0.0,-0.0,-0.0,139.38997785780882
212,0.0,0.75,0.2,0.0,1.0,1.0,619.559380317206,2957.352794667372,2493.6722357338977,0.15678905802837328,124.68361178669488,0.0,-0.3623624024787383,-1.6595136990009574,123.02409808769393
213,0.0,0.75,0.2,0.3333333333333333,0.0,0.0,250.0,2307.0,2307.0,0.0,115.35000000000001,4.091080000000001,-0.0,-0.0,119.44108000000001
214,0.0,0.75,0.2,0.3333333333333333,0.0,1.0,250.0,2307.0,1973.3899999999999,0.14460771564802777,98.6695,3.4994782666666664,-0.3623624024787383,-1.6595136990009574,100.50946456766572
215,0.0,0.75,0.2,0.3333333333333333,1.0,0.0,619.559380317206,2957.352794667372,2827.282235733898,0.04398209072925441,139.38997785780882,4.943697881356953,-0.0,-0.0,144.33367573916576
216,0.0,0.75,0.2,0.3333333333333333,1.0,1.0,619.559380317206,2957.352794667372,2493.6722357338977,0.15678905802837328,124.68361178669488,4.422112098034779,-0.3623624024787383,-1.6595136990009574,127.4462101857287
217,0.0,0.75,0.2,0.6666666666666666,0.0,0.0,250.0,2307.0,2307.0,0.0,115.35000000000001,8.182160000000001,-0.0,-0.0,123.53216
218,0.0,0.75,0.2,0.6666666666666666,0.0,1.0,250.0,2307.0,1973.3899999999999,0.14460771564802777,98.6695,6.998956533333333,-0.3623624024787383,-1.6595136990009574,104.00894283433237
219,0.0,0.75,0.2,0.6666666666666666,1.0,0.0,619.559380317206,2957.352794667372,2827.282235733898,0.04398209072925441,139.38997785780882,9.887395762713906,-0.0,-0.0,149.27737362052272
220,0.0,0.75,0.2,0.6666666666666666,1.0,1.0,619.559380317206,2957.352794667372,2493.6722357338977,0.15678905802837328,124.68361178669488,8.844224196069558,-0.3623624024787383,-1.6595136990009574,131.86832228376346
221,0.0,0.75,0.2,1.0,0.0,0.0,250.0,2307.0,2307.0,0.0,115.35000000000001,12.273240000000003,-0.0,-0.0,127.62324000000001
222,0.0,0.75,0.2,1.0,0.0,1.0,250.0,2307.0,1973.3899999999999,0.14460771564802777,98.6695,10.498434800000002,-0.3623624024787383,-1.6595136990009574,107.50842110099904
223,0.0,0.75,0.2,1.0,1.0,0.0,619.559380317206,2957.352794667372,2827.282235733898,0.04398209072925441,139.38997785780882,14.83109364407086,-0.0,-0.0,154.22107150187966
224,0.0,0.75,0.2,1.0,1.0,1.0,619.559380317206,2957.352794667372,2493.6722357338977,0.15678905802837328,124.68361178669488,13.266336294104338,-0.3623624024787383,-1.6595136990009574,136.29043438179826
225,0.0,0.75,0.3,0.0,0.0,0.0,250.0,2307.0,2307.0,0.0,115.35000000000001,0.0,-0.0,-0.0,115.35000000000001
226,0.0,0.75,0.3,0.0,0.0,1.0,250.0,2307.0,1973.3899999999999,0.14460771564802777,98.6695,0.0,-0.3623624024787383,-1.6595136990009574,97.00998630099905
227,0.0,0.75,0.3,0.0,1.0,0.0,619.559380317206,2957.352794667372,2762.2469562671604,0.06597313609388167,136.13821388447192,0.0,-0.0,-0.0,136.13821388447192
228,0.0,0.75,0.3,0.0,1.0,1.0,619.559380317206,2957.352794667372,2428.6369562671603,0.17878010339300054,121.43184781335802,0.0,-0.3623624024787383,-1.6595136990009574,119.77233411435707
229,0.0,0.75,0.3,0.3333333333333333,0.0,0.0,250.0,2307.0,2307.0,0.0,115.35000000000001,4.091080000000001,-0.0,-0.0,119.44108000000001
230,0.0,0.75,0.3,0.3333333333333333,0.0,1.0,250.0,2307.0,1973.3899999999999,0.14460771564802777,98.6695,3.4994782666666664,-0.3623624024787383,-1.6595136990009574,100.50946456766572
231,0.0,0.75,0.3,0.3333333333333333,1.0,0.0,619.559380317206,2957.352794667372,2762.2469562671604,0.06597313609388167,136.13821388447192,4.8283686524359375,-0.0,-0.0,140.96658253690785
232,0.0,0.75,0.3,0.3333333333333333,1.0,1.0,619.559380317206,2957.352794667372,2428.6369562671603,0.17878010339300054,121.43184781335802,4.306782869113765,-0.3623624024787383,-1.6595136990009574,124.07911698347083
233,0.0,0.75,0.3,0.6666666666666666,0.0,0.0,250.0,2307.0,2307.0,0.0,115.35000000000001,8.182160000000001,-0.0,-0.0,123.53216
234,0.0,0.75,0.3,0.6666666666666666,0.0,1.0,250.0,2307.0,1973.3899999999999,0.14460771564802777,98.6695,6.998956533333333,-0.3623624024787383,-1.6595136990009574,104.00894283433237
235,0.0,0.75,0.3,0.6666666666666666,1.0,0.0,619.559380317206,2957.352794667372,2762.2469562671604,0.06597313609388167,136.13821388447192,9.656737304871875,-0.0,-0.0,145.7949511893438
236,0.0,0.75,0.3,0.6666666666666666,1.0,1.0,619.559380317206,2957.352794667372,2428.6369562671603,0.17878010339300054,121.43184781335802,8.61356573822753,-0.3623624024787383,-1.6595136990009574,128.38589985258457
237,0.0,0.75,0.3,1.0,0.0,0.0,250.0,2307.0,2307.0,0.0,115.35000000000001,12.273240000000003,-0.0,-0.0,127.62324000000001
238,0.0,0.75,0.3,1.0,0.0,1.0,250.0,2307.0,1973.3899999999999,0.14460771564802777,98.6695,10.498434800000002,-0.3623624024787383,-1.6595136990009574,107.50842110099904
239,0.0,0.75,0.3,1.0,1.0,0.0,619.559380317206,2957.352794667372,2762.2469562671604,0.06597313609388167,136.13821388447192,14.485105957307814,-0.0,-0.0,150.62331984177973
240,0.0,0.75,0.3,1.0,1.0,1.0,619.559380317206,2957.352794667372,2428.6369562671603,0.17878010339300054,121.43184781335802,12.920348607341294,-0.3623624024787383,-1.6595136990009574,132.69268272169833
241,0.0,0.75,0.5,0.0,0.0,0.0,250.0,2307.0,2307.0,0.0,115.35000000000001,0.0,-0.0,-0.0,115.35000000000001
242,0.0,0.75,0.5,0.0,0.0,1.0,250.0,2307.0,1973.3899999999999,0.14460771564802777,98.6695,0.0,-0.3623624024787383,-1.6595136990009574,97.00998630099905
243,0.0,0.75,0.5,0.0,1.0,0.0,619.559380317206,2957.352794667372,2632.176397333686,0.10995522682313597,129.63468593779822,0.0,-0.0,-0.0,129.63468593779822
244,0.0,0.75,0.5,0.0,1.0,1.0,619.559380317206,2957.352794667372,2298.566397333686,0.22276219412225495,114.9283198666843,0.0,-0.3623624024787383,-1.6595136990009574,113.26880616768335
245,0.0,0.75,0.5,0.3333333333333333,0.0,0.0,250.0,2307.0,2307.0,0.0,115.35000000000001,4.091080000000001,-0.0,-0.0,119.44108000000001
246,0.0,0.75,0.5,0.3333333333333333,0.0,1.0,250.0,2307.0,1973.3899999999999,0.14460771564802777,98.6695,3.4994782666666664,-0.3623624024787383,-1.6595136990009574,100.50946456766572
247,0.0,0.75,0.5,0.3333333333333333,1.0,0.0,619.559380317206,2957.352794667372,2632.176397333686,0.10995522682313597,129.63468593779822,4.597710194593911,-0.0,-0.0,134.23239613239213
248,0.0,0.75,0.5,0.3333333333333333,1.0,1.0,619.559380317206,2957.352794667372,2298.566397333686,0.22276219412225495,114.9283198666843,4.076124411271737,-0.3623624024787383,-1.6595136990009574,117.34493057895509
249,0.0,0.75,0.5,0.6666666666666666,0.0,0.0,250.0,2307.0,2307.0,0.0,115.35000000000001,8.182160000000001,-0.0,-0.0,123.53216
250,0.0,0.75,0.5,0.6666666666666666,0.0,1.0,250.0,2307.0,1973.3899999999999,0.14460771564802777,98.6695,6.998956533333333,-0.3623624024787383,-1.6595136990009574,104.00894283433237
251,0.0,0.75,0.5,0.6666666666666666,1.0,0.0,619.559380317206,2957.352794667372,2632.176397333686,0.10995522682313597,129.63468593779822,9.195420389187822,-0.0,-0.0,138.83010632698605
252,0.0,0.75,0.5,0.6666666666666666,1.0,1.0,619.559380317206,2957.352794667372,2298.566397333686,0.22276219412225495,114.9283198666843,8.152248822543473,-0.3623624024787383,-1.6595136990009574,121.42105499022682
253,0.0,0.75,0.5,1.0,0.0,0.0,250.0,2307.0,2307.0,0.0,115.35000000000001,12.273240000000003,-0.0,-0.0,127.62324000000001
254,0.0,0.75,0.5,1.0,0.0,1.0,250.0,2307.0,1973.3899999999999,0.14460771564802777,98.6695,10.498434800000002,-0.3623624024787383,-1.6595136990009574,107.50842110099904
255,0.0,0.75,0.5,1.0,1.0,0.0,619.559380317206,2957.352794667372,2632.176397333686,0.10995522682313597,129.63468593779822,13.793130583781732,-0.0,-0.0,143.42781652157996
256,0.0,0.75,0.5,1.0,1.0,1.0,619.559380317206,2957.352794667372,2298.566397333686,0.22276219412225495,114.9283198666843,12.228373233815212,-0.3623624024787383,-1.6595136990009574,125.49717940149857
257,0.0,1.0,0.1,0.0,0.0,0.0,250.0,2307.0,2307.0,0.0,115.35000000000001,0.0,-0.0,-0.0,115.35000000000001
258,0.0,1.0,0.1,0.0,0.0,1.0,250.0,2307.0,1973.3899999999999,0.14460771564802777,98.6695,0.0,-0.3623624024787383,-1.6595136990009574,97.00998630099905
259,0.0,1.0,0.1,0.0,1.0,0.0,619.559380317206,2957.352794667372,2892.317515200635,0.02199104536462715,142.64174183114568,0.0,-0.0,-0.0,142.64174183114568
260,0.0,1.0,0.1,0.0,1.0,1.0,619.559380317206,2957.352794667372,2558.7075152006346,0.13479801266374614,127.93537576003173,0.0,-0.3623624024787383,-1.6595136990009574,126.27586206103078
261,0.0,1.0,0.1,0.3333333333333333,0.0,0.0,250.0,2307.0,2307.0,0.0,115.35000000000001,4.091080000000001,-0.0,-0.0,119.44108000000001
262,0.0,1.0,0.1,0.3333333333333333,0.0,1.0,250.0,2307.0,1973.3899999999999,0.14460771564802777,98.6695,3.4994782666666664,-0.3623624024787383,-1.6595136990009574,100.50946456766572
263,0.0,1.0,0.1,0.3333333333333333,1.0,0.0,619.559380317206,2957.352794667372,2892.317515200635,0.02199104536462715,142.64174183114568,5.059027110277967,-0.0,-0.0,147.70076894142363
264,0.0,1.0,0.1,0.3333333333333333,1.0,1.0,619.559380317206,2957.352794667372,2558.7075152006346,0.13479801266374614,127.93537576003173,4.5374413269557925,-0.3623624024787383,-1.6595136990009574,130.81330338798656
265,0.0,1.0,0.1,0.6666666666666666,0.0,0.0,250.0,2307.0,2307.0,0.0,115.35000000000001,8.182160000000001,-0.0,-0.0,123.53216
266,0.0,1.0,0.1,0.6666666666666666,0.0,1.0,250.0,2307.0,1973.3899999999999,0.14460771564802777,98.6695,6.998956533333333,-0.3623624024787383,-1.6595136990009574,104.00894283433237
267,0.0,1.0,0.1,0.6666666666666666,1.0,0.0,619.559380317206,2957.352794667372,2892.317515200635,0.02199104536462715,142.64174183114568,10.118054220555933,-0.0,-0.0,152.7597960517016
268,0.0,1.0,0.1,0.6666666666666666,1.0,1.0,619.559380317206,2957.352794667372,2558.7075152006346,0.13479801266374614,127.93537576003173,9.074882653911585,-0.3623624024787383,-1.6595136990009574,135.35074471494235
269,0.0,1.0,0.1,1.0,0.0,0.0,250.0,2307.0,2307.0,0.0,115.35000000000001,12.273240000000003,-0.0,-0.0,127.62324000000001
270,0.0,1.0,0.1,1.0,0.0,1.0,250.0,2307.0,1973.3899999999999,0.14460771564802777,98.6695,10.498434800000002,-0.3623624024787383,-1.6595136990009574,107.50842110099904
271,0.0,1.0,0.1,1.0,1.0,0.0,619.559380317206,2957.352794667372,2892.317515200635,0.02199104536462715,142.64174183114568,15.177081330833902,-0.0,-0.0,157.8188231619796
272,0.0,1.0,0.1,1.0,1.0,1.0,619.559380317206,2957.352794667372,2558.7075152006346,0.13479801266374614,127.93537576003173,13.612323980867378,-0.3623624024787383,-1.6595136990009574,139.88818604189814
273,0.0,1.0,0.2,0.0,0.0,0.0,250.0,2307.0,2307.0,0.0,115.35000000000001,0.0,-0.0,-0.0,115.35000000000001
274,0.0,1.0,0.2,0.0,0.0,1.0,250.0,2307.0,1973.3899999999999,0.14460771564802777,98.6695,0.0,-0.3623624024787383,-1.6595136990009574,97.00998630099905
275,0.0,1.0,0.2,0.0,1.0,0.0,619.559380317206,2957.352794667372,2827.282235733898,0.04398209072925441,139.38997785780882,0.0,-0.0,-0.0,139.38997785780882
276,0.0,1.0,0.2,0.0,1.0,1.0,619.559380317206,2957.352794667372,2493.6722357338977,0.15678905802837328,124.68361178669488,0.0,-0.3623624024787383,-1.6595136990009574,123.02409808769393
277,0.0,1.0,0.2,0.3333333333333333,0.0,0.0,250.0,2307.0,2307.0,0.0,115.35000000000001,4.091080000000001,-0.0,-0.0,119.44108000000001
278,0.0,1.0,0.2,0.3333333333333333,0.0,1.0,250.0,2307.0,1973.3899999999999,0.14460771564802777,98.6695,3.4994782666666664,-0.3623624024787383,-1.6595136990009574,100.50946456766572
279,0.0,1.0,0.2,0.3333333333333333,1.0,0.0,619.559380317206,2957.352794667372,2827.282235733898,0.04398209072925441,139.38997785780882,4.943697881356953,-0.0,-0.0,144.33367573916576
280,0.0,1.0,0.2,0.3333333333333333,1.0,1.0,619.559380317206,2957.352794667372,2493.6722357338977,0.15678905802837328,124.68361178669488,4.422112098034779,-0.3623624024787383,-1.6595136990009574,127.4462101857287
281,0.0,1.0,0.2,0.6666666666666666,0.0,0.0,250.0,2307.0,2307.0,0.0,115.35000000000001,8.182160000000001,-0.0,-0.0,123.53216
282,0.0,1.0,0.2,0.6666666666666666,0.0,1.0,250.0,2307.0,1973.3899999999999,0.14460771564802777,98.6695,6.998956533333333,-0.3623624024787383,-1.6595136990009574,104.00894283433237
283,0.0,1.0,0.2,0.6666666666666666,1.0,0.0,619.559380317206,2957.352794667372,2827.282235733898,0.04398209072925441,139.38997785780882,9.887395762713906,-0.0,-0.0,149.27737362052272
284,0.0,1.0,0.2,0.6666666666666666,1.0,1.0,619.559380317206,2957.352794667372,2493.6722357338977,0.15678905802837328,124.68361178669488,8.844224196069558,-0.3623624024787383,-1.6595136990009574,131.86832228376346
285,0.0,1.0,0.2,1.0,0.0,0.0,250.0,2307.0,2307.0,0.0,115.35000000000001,12.273240000000003,-0.0,-0.0,127.62324000000001
286,0.0,1.0,0.2,1.0,0.0,1.0,250.0,2307.0,1973.3899999999999,0.14460771564802777,98.6695,10.498434800000002,-0.3623624024787383,-1.6595136990009574,107.50842110099904
287,0.0,1.0,0.2,1.0,1.0,0.0,619.559380317206,2957.352794667372,2827.282235733898,0.04398209072925441,139.38997785780882,14.83109364407086,-0.0,-0.0,154.22107150187966
288,0.0,1.0,0.2,1.0,1.0,1.0,619.559380317206,2957.352794667372,2493.6722357338977,0.15678905802837328,124.68361178669488,13.266336294104338,-0.3623624024787383,-1.6595136990009574,136.29043438179826
289,0.0,1.0,0.3,0.0,0.0,0.0,250.0,2307.0,2307.0,0.0,115.35000000000001,0.0,-0.0,-0.0,115.35000000000001
290,0.0,1.0,0.3,0.0,0.0,1.0,250.0,2307.0,1973.3899999999999,0.14460771564802777,98.6695,0.0,-0.3623624024787383,-1.6595136990009574,97.00998630099905
291,0.0,1.0,0.3,0.0,1.0,0.0,619.559380317206,2957.352794667372,2762.2469562671604,0.06597313609388167,136.13821388447192,0.0,-0.0,-0.0,136.13821388447192
292,0.0,1.0,0.3,0.0,1.0,1.0,619.559380317206,2957.352794667372,2428.6369562671603,0.17878010339300054,121.43184781335802,0.0,-0.3623624024787383,-1.6595136990009574,119.77233411435707
293,0.0,1.0,0.3,0.3333333333333333,0.0,0.0,250.0,2307.0,2307.0,0.0,115.35000000000001,4.091080000000001,-0.0,-0.0,119.44108000000001
294,0.0,1.0,0.3,0.3333333333333333,0.0,1.0,250.0,2307.0,1973.3899999999999,0.14460771564802777,98.6695,3.4994782666666664,-0.3623624024787383,-1.6595136990009574,100.50946456766572
295,0.0,1.0,0.3,0.3333333333333333,1.0,0.0,619.559380317206,2957.352794667372,2762.2469562671604,0.06597313609388167,136.13821388447192,4.8283686524359375,-0.0,-0.0,140.96658253690785
296,0.0,1.0,0.3,0.3333333333333333,1.0,1.0,619.559380317206,2957.352794667372,2428.6369562671603,0.17878010339300054,121.43184781335802,4.306782869113765,-0.3623624024787383,-1.6595136990009574,124.07911698347083
297,0.0,1.0,0.3,0.6666666666666666,0.0,0.0,250.0,2307.0,2307.0,0.0,115.35000000000001,8.182160000000001,-0.0,-0.0,123.53216
298,0.0,1.0,0.3,0.6666666666666666,0.0,1.0,250.0,2307.0,1973.3899999999999,0.14460771564802777,98.6695,6.998956533333333,-0.3623624024787383,-1.6595136990009574,104.00894283433237
299,0.0,1.0,0.3,0.6666666666666666,1.0,0.0,619.559380317206,2957.352794667372,2762.2469562671604,0.06597313609388167,136.13821388447192,9.656737304871875,-0.0,-0.0,145.7949511893438
300,0.0,1.0,0.3,0.6666666666666666,1.0,1.0,619.559380317206,2957.352794667372,2428.6369562671603,0.17878010339300054,121.43184781335802,8.61356573822753,-0.3623624024787383,-1.6595136990009574,128.38589985258457
301,0.0,1.0,0.3,1.0,0.0,0.0,250.0,2307.0,2307.0,0.0,115.35000000000001,12.273240000000003,-0.0,-0.0,127.62324000000001
302,0.0,1.0,0.3,1.0,0.0,1.0,250.0,2307.0,1973.3899999999999,0.14460771564802777,98.6695,10.498434800000002,-0.3623624024787383,-1.6595136990009574,107.50842110099904
303,0.0,1.0,0.3,1.0,1.0,0.0,619.559380317206,2957.352794667372,2762.2469562671604,0.06597313609388167,136.13821388447192,14.485105957307814,-0.0,-0.0,150.62331984177973
304,0.0,1.0,0.3,1.0,1.0,1.0,619.559380317206,2957.352794667372,2428.6369562671603,0.17878010339300054,121.43184781335802,12.920348607341294,-0.3623624024787383,-1.6595136990009574,132.69268272169833
305,0.0,1.0,0.5,0.0,0.0,0.0,250.0,2307.0,2307.0,0.0,115.35000000000001,0.0,-0.0,-0.0,115.35000000000001
306,0.0,1.0,0.5,0.0,0.0,1.0,250.0,2307.0,1973.3899999999999,0.14460771564802777,98.6695,0.0,-0.3623624024787383,-1.6595136990009574,97.00998630099905
307,0.0,1.0,0.5,0.0,1.0,0.0,619.559380317206,2957.352794667372,2632.176397333686,0.10995522682313597,129.63468593779822,0.0,-0.0,-0.0,129.63468593779822
308,0.0,1.0,0.5,0.0,1.0,1.0,619.559380317206,2957.352794667372,2298.566397333686,0.22276219412225495,114.9283198666843,0.0,-0.3623624024787383,-1.6595136990009574,113.26880616768335
309,0.0,1.0,0.5,0.3333333333333333,0.0,0.0,250.0,2307.0,2307.0,0.0,115.35000000000001,4.091080000000001,-0.0,-0.0,119.44108000000001
310,0.0,1.0,0.5,0.3333333333333333,0.0,1.0,250.0,2307.0,1973.3899999999999,0.14460771564802777,98.6695,3.4994782666666664,-0.3623624024787383,-1.6595136990009574,100.50946456766572
311,0.0,1.0,0.5,0.3333333333333333,1.0,0.0,619.559380317206,2957.352794667372,2632.176397333686,0.10995522682313597,129.63468593779822,4.597710194593911,-0.0,-0.0,134.23239613239213
312,0.0,1.0,0.5,0.3333333333333333,1.0,1.0,619.559380317206,2957.352794667372,2298.566397333686,0.22276219412225495,114.9283198666843,4.076124411271737,-0.3623624024787383,-1.6595136990009574,117.34493057895509
313,0.0,1.0,0.5,0.6666666666666666,0.0,0.0,250.0,2307.0,2307.0,0.0,115.35000000000001,8.182160000000001,-0.0,-0.0,123.53216
314,0.0,1.0,0.5,0.6666666666666666,0.0,1.0,250.0,2307.0,1973.3899999999999,0.14460771564802777,98.6695,6.998956533333333,-0.3623624024787383,-1.6595136990009574,104.00894283433237
315,0.0,1.0,0.5,0.6666666666666666,1.0,0.0,619.559380317206,2957.352794667372,2632.176397333686,0.10995522682313597,129.63468593779822,9.195420389187822,-0.0,-0.0,138.83010632698605
316,0.0,1.0,0.5,0.6666666666666666,1.0,1.0,619.559380317206,2957.352794667372,2298.566397333686,0.22276219412225495,114.9283198666843,8.152248822543473,-0.3623624024787383,-1.6595136990009574,121.42105499022682
317,0.0,1.0,0.5,1.0,0.0,0.0,250.0,2307.0,2307.0,0.0,115.35000000000001,12.273240000000003,-0.0,-0.0,127.62324000000001
318,0.0,1.0,0.5,1.0,0.0,1.0,250.0,2307.0,1973.3899999999999,0.14460771564802777,98.6695,10.498434800000002,-0.3623624024787383,-1.6595136990009574,107.50842110099904
319,0.0,1.0,0.5,1.0,1.0,0.0,619.559380317206,2957.352794667372,2632.176397333686,0.10995522682313597,129.63468593779822,13.793130583781732,-0.0,-0.0,143.42781652157996
320,0.0,1.0,0.5,1.0,1.0,1.0,619.559380317206,2957.352794667372,2298.566397333686,0.22276219412225495,114.9283198666843,12.228373233815212,-0.3623624024787383,-1.6595136990009574,125.49717940149857
321,0.05,0.0,0.1,0.0,0.0,0.0,250.0,2307.0,2191.65,0.04999999999999993,109.58250000000001,0.0,-0.0,-0.0,109.58250000000001
322,0.05,0.0,0.1,0.0,0.0,1.0,250.0,2307.0,1874.7205,0.18737732986562639,93.736025,0.0,-0.3623624024787383,-1.6595136990009574,92.07651130099904
323,0.05,0.0,0.1,0.0,1.0,0.0,619.559380317206,2957.352794667372,2776.967515200635,0.060995522682313674,136.87424183114567,0.0,-0.0,-0.0,136.87424183114567
324,0.05,0.0,0.1,0.0,1.0,1.0,619.559380317206,2957.352794667372,2460.0380152006346,0.16816214161647658,123.00190076003173,0.0,-0.3623624024787383,-1.6595136990009574,121.34238706103078
325,0.05,0.0,0.1,0.3333333333333333,0.0,0.0,250.0,2307.0,2191.65,0.04999999999999993,109.58250000000001,3.886526000000001,-0.0,-0.0,113.46902600000001
326,0.05,0.0,0.1,0.3333333333333333,0.0,1.0,250.0,2307.0,1874.7205,0.18737732986562639,93.736025,3.324504353333334,-0.3623624024787383,-1.6595136990009574,95.40101565433238
327,0.05,0.0,0.1,0.3333333333333333,1.0,0.0,619.559380317206,2957.352794667372,2776.967515200635,0.060995522682313674,136.87424183114567,4.854473110277967,-0.0,-0.0,141.72871494142365
328,0.05,0.0,0.1,0.3333333333333333,1.0,1.0,619.559380317206,2957.352794667372,2460.0380152006346,0.16816214161647658,123.00190076003173,4.362467413622459,-0.3623624024787383,-1.6595136990009574,125.70485447465323
329,0.05,0.0,0.1,0.6666666666666666,0.0,0.0,250.0,2307.0,2191.65,0.04999999999999993,109.58250000000001,7.773052000000002,-0.0,-0.0,117.35555200000002
330,0.05,0.0,0.1,0.6666666666666666,0.0,1.0,250.0,2307.0,1874.7205,0.18737732986562639,93.736025,6.649008706666668,-0.3623624024787383,-1.6595136990009574,98.72552000766571
331,0.05,0.0,0.1,0.6666666666666666,1.0,0.0,619.559380317206,2957.352794667372,2776.967515200635,0.060995522682313674,136.87424183114567,9.708946220555934,-0.0,-0.0,146.5831880517016
332,0.05,0.0,0.1,0.6666666666666666,1.0,1.0,619.559380317206,2957.352794667372,2460.0380152006346,0.16816214161647658,123.00190076003173,8.724934827244917,-0.3623624024787383,-1.6595136990009574,130.06732188827567
333,0.05,0.0,0.1,1.0,0.0,0.0,250.0,2307.0,2191.65,0.04999999999999993,109.58250000000001,11.659578000000002,-0.0,-0.0,121.242078
334,0.05,0.0,0.1,1.0,0.0,1.0,250.0,2307.0,1874.7205,0.18737732986562639,93.736025,9.973513060000002,-0.3623624024787383,-1.6595136990009574,102.05002436099905
335,0.05,0.0,0.1,1.0,1.0,0.0,619.559380317206,2957.352794667372,2776.967515200635,0.060995522682313674,136.87424183114567,14.5634193308339,-0.0,-0.0,151.43766116197958
336,0.05,0.0,0.1,1.0,1.0,1.0,619.559380317206,2957.352794667372,2460.0380152006346,0.16816214161647658,123.00190076003173,13.087402240867378,-0.3623624024787383,-1.6595136990009574,134.42978930189815
337,0.05,0.0,0.2,0.0,0.0,0.0,250.0,2307.0,2191.65,0.04999999999999993,109.58250000000001,0.0,-0.0,-0.0,109.58250000000001
338,0.05,0.0,0.2,0.0,0.0,1.0,250.0,2307.0,1874.7205,0.18737732986562639,93.736025,0.0,-0.3623624024787383,-1.6595136990009574,92.07651130099904
339,0.05,0.0,0.2,0.0,1.0,0.0,619.559380317206,2957.352794667372,2711.932235733898,0.08298656804694071,133.6224778578088,0.0,-0.0,-0.0,133.6224778578088
340,0.05,0.0,0.2,0.0,1.0,1.0,619.559380317206,2957.352794667372,2395.0027357338977,0.19015318698110373,119.7501367866949,0.0,-0.3623624024787383,-1.6595136990009574,118.09062308769394
341,0.05,0.0,0.2,0.3333333333333333,0.0,0.0,250.0,2307.0,2191.65,0.04999999999999993,109.58250000000001,3.886526000000001,-0.0,-0.0,113.46902600000001
342,0.05,0.0,0.2,0.3333333333333333,0.0,1.0,250.0,2307.0,1874.7205,0.18737732986562639,93.736025,3.324504353333334,-0.3623624024787383,-1.6595136990009574,95.40101565433238
343,0.05,0.0,0.2,0.3333333333333333,1.0,0.0,619.559380317206,2957.352794667372,2711.932235733898,0.08298656804694071,133.6224778578088,4.739143881356952,-0.0,-0.0,138.36162173916574
344,0.05,0.0,0.2,0.3333333333333333,1.0,1.0,619.559380317206,2957.352794667372,2395.0027357338977,0.19015318698110373,119.7501367866949,4.247138184701446,-0.3623624024787383,-1.6595136990009574,122.33776127239538
345,0.05,0.0,0.2,0.6666666666666666,0.0,0.0,250.0,2307.0,2191.65,0.04999999999999993,109.58250000000001,7.773052000000002,-0.0,-0.0,117.35555200000002
346,0.05,0.0,0.2,0.6666666666666666,0.0,1.0,250.0,2307.0,1874.7205,0.18737732986562639,93.736025,6.649008706666668,-0.3623624024787383,-1.6595136990009574,98.72552000766571
347,0.05,0.0,0.2,0.6666666666666666,1.0,0.0,619.559380317206,2957.352794667372,2711.932235733898,0.08298656804694071,133.6224778578088,9.478287762713904,-0.0,-0.0,143.1007656205227
348,0.05,0.0,0.2,0.6666666666666666,1.0,1.0,619.559380317206,2957.352794667372,2395.0027357338977,0.19015318698110373,119.7501367866949,8.494276369402892,-0.3623624024787383,-1.6595136990009574,126.58489945709682
349,0.05,0.0,0.2,1.0,0.0,0.0,250.0,2307.0,2191.65,0.04999999999999993,109.58250000000001,11.659578000000002,-0.0,-0.0,121.242078
350,0.05,0.0,0.2,1.0,0.0,1.0,250.0,2307.0,1874.7205,0.18737732986562639,93.736025,9.973513060000002,-0.3623624024787383,-1.6595136990009574,102.05002436099905
351,0.05,0.0,0.2,1.0,1.0,0.0,619.559380317206,2957.352794667372,2711.932235733898,0.08298656804694071,133.6224778578088,14.217431644070857,-0.0,-0.0,147.83990950187967
352,0.05,0.0,0.2,1.0,1.0,1.0,619.559380317206,2957.352794667372,2395.0027357338977,0.19015318698110373,119.7501367866949,12.741414554104338,-0.3623624024787383,-1.6595136990009574,130.83203764179825
353,0.05,0.0,0.3,0.0,0.0,0.0,250.0,2307.0,2191.65,0.04999999999999993,109.58250000000001,0.0,-0.0,-0.0,109.58250000000001
354,0.05,0.0,0.3,0.0,0.0,1.0,250.0,2307.0,1874.7205,0.18737732986562639,93.736025,0.0,-0.3623624024787383,-1.6595136990009574,92.07651130099904
355,0.05,0.0,0.3,0.0,1.0,0.0,619.559380317206,2957.352794667372,2646.8969562671605,0.10497761341156797,130.37071388447194,0.0,-0.0,-0.0,130.37071388447194
356,0.05,0.0,0.3,0.0,1.0,1.0,619.559380317206,2957.352794667372,2329.9674562671603,0.212144232345731,116.49837281335802,0.0,-0.3623624024787383,-1.6595136990009574,114.83885911435706
357,0.05,0.0,0.3,0.3333333333333333,0.0,0.0,250.0,2307.0,2191.65,0.04999999999999993,109.58250000000001,3.886526000000001,-0.0,-0.0,113.46902600000001
358,0.05,0.0,0.3,0.3333333333333333,0.0,1.0,250.0,2307.0,1874.7205,0.18737732986562639,93.736025,3.324504353333334,-0.3623624024787383,-1.6595136990009574,95.40101565433238
359,0.05,0.0,0.3,0.3333333333333333,1.0,0.0,619.559380317206,2957.352794667372,2646.8969562671605,0.10497761341156797,130.37071388447194,4.623814652435938,-0.0,-0.0,134.99452853690786
360,0.05,0.0,0.3,0.3333333333333333,1.0,1.0,619.559380317206,2957.352794667372,2329.9674562671603,0.212144232345731,116.49837281335802,4.131808955780431,-0.3623624024787383,-1.6595136990009574,118.97066807013749
361,0.05,0.0,0.3,0.6666666666666666,0.0,0.0,250.0,2307.0,2191.65,0.04999999999999993,109.58250000000001,7.773052000000002,-0.0,-0.0,117.35555200000002
362,0.05,0.0,0.3,0.6666666666666666,0.0,1.0,250.0,2307.0,1874.7205,0.18737732986562639,93.736025,6.649008706666668,-0.3623624024787383,-1.6595136990009574,98.72552000766571
363,0.05,0.0,0.3,0.6666666666666666,1.0,0.0,619.559380317206,2957.352794667372,2646.8969562671605,0.10497761341156797,130.37071388447194,9.247629304871875,-0.0,-0.0,139.61834318934382
364,0.05,0.0,0.3,0.6666666666666666,1.0,1.0,619.559380317206,2957.352794667372,2329.9674562671603,0.212144232345731,116.49837281335802,8.263617911560862,-0.3623624024787383,-1.6595136990009574,123.10247702591792
365,0.05,0.0,0.3,1.0,0.0,0.0,250.0,2307.0,2191.65,0.04999999999999993,109.58250000000001,11.659578000000002,-0.0,-0.0,121.242078
366,0.05,0.0,0.3,1.0,0.0,1.0,250.0,2307.0,1874.7205,0.18737732986562639,93.736025,9.973513060000002,-0.3623624024787383,-1.6595136990009574,102.05002436099905
367,0.05,0.0,0.3,1.0,1.0,0.0,619.559380317206,2957.352794667372,2646.8969562671605,0.10497761341156797,130.37071388447194,13.871443957307816,-0.0,-0.0,144.24215784177974
368,0.05,0.0,0.3,1.0,1.0,1.0,619.559380317206,2957.352794667372,2329.9674562671603,0.212144232345731,116.49837281335802,12.395426867341294,-0.3623624024787383,-1.6595136990009574,127.23428598169836
369,0.05,0.0,0.5,0.0,0.0,0.0,250.0,2307.0,2191.65,0.04999999999999993,109.58250000000001,0.0,-0.0,-0.0,109.58250000000001
370,0.05,0.0,0.5,0.0,0.0,1.0,250.0,2307.0,1874.7205,0.18737732986562639,93.736025,0.0,-0.3623624024787383,-1.6595136990009574,92.07651130099904
371,0.05,0.0,0.5,0.0,1.0,0.0,619.559380317206,2957.352794667372,2516.826397333686,0.14895970414082238,123.86718593779821,0.0,-0.0,-0.0,123.86718593779821
372,0.05,0.0,0.5,0.0,1.0,1.0,619.559380317206,2957.352794667372,2199.896897333686,0.2561263230749854,109.9948448666843,0.0,-0.3623624024787383,-1.6595136990009574,108.33533116768335
373,0.05,0.0,0.5,0.3333333333333333,0.0,0.0,250.0,2307.0,2191.65,0.04999999999999993,109.58250000000001,3.886526000000001,-0.0,-0.0,113.46902600000001
374,0.05,0.0,0.5,0.3333333333333333,0.0,1.0,250.0,2307.0,1874.7205,0.18737732986562639,93.736025,3.324504353333334,-0.3623624024787383,-1.6595136990009574,95.40101565433238
375,0.05,0.0,0.5,0.3333333333333333,1.0,0.0,619.559380317206,2957.352794667372,2516.826397333686,0.14895970414082238,123.86718593779821,4.393156194593909,-0.0,-0.0,128.2603421323921
376,0.05,0.0,0.5,0.3333333333333333,1.0,1.0,619.559380317206,2957.352794667372,2199.896897333686,0.2561263230749854,109.9948448666843,3.901150497938403,-0.3623624024787383,-1.6595136990009574,112.23648166562175
377,0.05,0.0,0.5,0.6666666666666666,0.0,0.0,250.0,2307.0,2191.65,0.04999999999999993,109.58250000000001,7.773052000000002,-0.0,-0.0,117.35555200000002
378,0.05,0.0,0.5,0.6666666666666666,0.0,1.0,250.0,2307.0,1874.7205,0.18737732986562639,93.736025,6.649008706666668,-0.3623624024787383,-1.6595136990009574,98.72552000766571
379,0.05,0.0,0.5,0.6666666666666666,1.0,0.0,619.559380317206,2957.352794667372,2516.826397333686,0.14895970414082238,123.86718593779821,8.786312389187819,-0.0,-0.0,132.65349832698604
380,0.05,0.0,0.5,0.6666666666666666,1.0,1.0,619.559380317206,2957.352794667372,2199.896897333686,0.2561263230749854,109.9948448666843,7.802300995876806,-0.3623624024787383,-1.6595136990009574,116.13763216356016
381,0.05,0.0,0.5,1.0,0.0,0.0,250.0,2307.0,2191.65,0.04999999999999993,109.58250000000001,11.659578000000002,-0.0,-0.0,121.242078
382,0.05,0.0,0.5,1.0,0.0,1.0,250.0,2307.0,1874.7205,0.18737732986562639,93.736025,9.973513060000002,-0.3623624024787383,-1.6595136990009574,102.05002436099905
383,0.05,0.0,0.5,1.0,1.0,0.0,619.559380317206,2957.352794667372,2516.826397333686,0.14895970414082238,123.86718593779821,13.17946858378173,-0.0,-0.0,137.04665452157994
384,0.05,0.0,0.5,1.0,1.0,1.0,619.559380317206,2957.352794667372,2199.896897333686,0.2561263230749854,109.9948448666843,11.70345149381521,-0.3623624024787383,-1.6595136990009574,120.03878266149856
385,0.05,0.25,0.1,0.0,0.0,0.0,250.0,2307.0,2191.65,0.04999999999999993,109.58250000000001,0.0,-0.03826704718213489,-0.17525187101273562,109.40724812898728
386,0.05,0.25,0.1,0.0,0.0,1.0,250.0,2307.0,1874.7205,0.18737732986562639,93.736025,0.0,-0.4006294496608732,-1.8347655700136931,91.90125942998631
387,0.05,0.25,0.1,0.0,1.0,0.0,619.559380317206,2957.352794667372,2776.967515200635,0.060995522682313674,136.87424183114567,0.0,-0.04905468527427603,-0.224656094716168,136.6495857364295
388,0.05,0.25,0.1,0.0,1.0,1.0,619.559380317206,2957.352794667372,2460.0380152006346,0.16816214161647658,123.00190076003173,0.0,-0.41141708775301433,-1.8841697937171253,121.11773096631461
389,0.05,0.25,0.1,0.3333333333333333,0.0,0.0,250.0,2307.0,2191.65,0.04999999999999993,109.58250000000001,3.886526000000001,-0.03826704718213489,-0.17525187101273562,113.29377412898728
390,0.05,0.25,0.1,0.3333333333333333,0.0,1.0,250.0,2307.0,1874.7205,0.18737732986562639,93.736025,3.324504353333334,-0.4006294496608732,-1.8347655700136931,95.22576378331965
391,0.05,0.25,0.1,0.3333333333333333,1.0,0.0,619.559380317206,2957.352794667372,2776.967515200635,0.060995522682313674,136.87424183114567,4.854473110277967,-0.04905468527427603,-0.224656094716168,141.50405884670747
392,0.05,0.25,0.1,0.3333333333333333,1.0,1.0,619.559380317206,2957.352794667372,2460.0380152006346,0.16816214161647658,123.00190076003173,4.362467413622459,-0.41141708775301433,-1.8841697937171253,125.48019837993706
393,0.05,0.25,0.1,0.6666666666666666,0.0,0.0,250.0,2307.0,2191.65,0.04999999999999993,109.58250000000001,7.773052000000002,-0.03826704718213489,-0.17525187101273562,117.18030012898728
394,0.05,0.25,0.1,0.6666666666666666,0.0,1.0,250.0,2307.0,1874.7205,0.18737732986562639,93.736025,6.649008706666668,-0.4006294496608732,-1.8347655700136931,98.55026813665297
395,0.05,0.25,0.1,0.6666666666666666,1.0,0.0,619.559380317206,2957.352794667372,2776.967515200635,0.060995522682313674,136.87424183114567,9.708946220555934,-0.04905468527427603,-0.224656094716168,146.35853195698542
396,0.05,0.25,0.1,0.6666666666666666,1.0,1.0,619.559380317206,2957.352794667372,2460.0380152006346,0.16816214161647658,123.00190076003173,8.724934827244917,-0.41141708775301433,-1.8841697937171253,129.84266579355952
397,0.05,0.25,0.1,1.0,0.0,0.0,250.0,2307.0,2191.65,0.04999999999999993,109.58250000000001,11.659578000000002,-0.03826704718213489,-0.17525187101273562,121.06682612898727
398,0.05,0.25,0.1,1.0,0.0,1.0,250.0,2307.0,1874.7205,0.18737732986562639,93.736025,9.973513060000002,-0.4006294496608732,-1.8347655700136931,101.87477248998631
399,0.05,0.25,0.1,1.0,1.0,0.0,619.559380317206,2957.352794667372,2776.967515200635,0.060995522682313674,136.87424183114567,14.5634193308339,-0.04905468527427603,-0.224656094716168,151.2130050672634
400,0.05,0.25,0.1,1.0,1.0,1.0,619.559380317206,2957.352794667372,2460.0380152006346,0.16816214161647658,123.00190076003173,13.087402240867378,-0.41141708775301433,-1.8841697937171253,134.205133207182
401,0.05,0.25,0.2,0.0,0.0,0.0,250.0,2307.0,2191.65,0.04999999999999993,109.58250000000001,0.0,-0.03826704718213489,-0.17525187101273562,109.40724812898728
402,0.05,0.25,0.2,0.0,0.0,1.0,250.0,2307.0,1874.7205,0.18737732986562639,93.736025,0.0,-0.4006294496608732,-1.8347655700136931,91.90125942998631
403,0.05,0.25,0.2,0.0,1.0,0.0,619.559380317206,2957.352794667372,2711.932235733898,0.08298656804694071,133.6224778578088,0.0,-0.04905468527427603,-0.224656094716168,133.39782176309262
404,0.05,0.25,0.2,0.0,1.0,1.0,619.559380317206,2957.352794667372,2395.0027357338977,0.19015318698110373,119.7501367866949,0.0,-0.41141708775301433,-1.8841697937171253,117.86596699297777
405,0.05,0.25,0.2,0.3333333333333333,0.0,0.0,250.0,2307.0,2191.65,0.04999999999999993,109.58250000000001,3.886526000000001,-0.03826704718213489,-0.17525187101273562,113.29377412898728
406,0.05,0.25,0.2,0.3333333333333333,0.0,1.0,250.0,2307.0,1874.7205,0.18737732986562639,93.736025,3.324504353333334,-0.4006294496608732,-1.8347655700136931,95.22576378331965
407,0.05,0.25,0.2,0.3333333333333333,1.0,0.0,619.559380317206,2957.352794667372,2711.932235733898,0.08298656804694071,133.6224778578088,4.739143881356952,-0.04905468527427603,-0.224656094716168,138.13696564444956
408,0.05,0.25,0.2,0.3333333333333333,1.0,1.0,619.559380317206,2957.352794667372,2395.0027357338977,0.19015318698110373,119.7501367866949,4.247138184701446,-0.41141708775301433,-1.8841697937171253,122.11310517767922
409,0.05,0.25,0.2,0.6666666666666666,0.0,0.0,250.0,2307.0,2191.65,0.04999999999999993,109.58250000000001,7.773052000000002,-0.03826704718213489,-0.17525187101273562,117.18030012898728
410,0.05,0.25,0.2,0.6666666666666666,0.0,1.0,250.0,2307.0,1874.7205,0.18737732986562639,93.736025,6.649008706666668,-0.4006294496608732,-1.8347655700136931,98.55026813665297
411,0.05,0.25,0.2,0.6666666666666666,1.0,0.0,619.559380317206,2957.352794667372,2711.932235733898,0.08298656804694071,133.6224778578088,9.478287762713904,-0.04905468527427603,-0.224656094716168,142.87610952580653
412,0.05,0.25,0.2,0.6666666666666666,1.0,1.0,619.559380317206,2957.352794667372,2395.0027357338977,0.19015318698110373,119.7501367866949,8.494276369402892,-0.41141708775301433,-1.8841697937171253,126.36024336238066
413,0.05,0.25,0.2,1.0,0.0,0.0,250.0,2307.0,2191.65,0.04999999999999993,109.58250000000001,11.659578000000002,-0.03826704718213489,-0.17525187101273562,121.06682612898727
414,0.05,0.25,0.2,1.0,0.0,1.0,250.0,2307.0,1874.7205,0.18737732986562639,93.736025,9.973513060000002,-0.4006294496608732,-1.8347655700136931,101.87477248998631
415,0.05,0.25,0.2,1.0,1.0,0.0,619.559380317206,2957.352794667372,2711.932235733898,0.08298656804694071,133.6224778578088,14.217431644070857,-0.04905468527427603,-0.224656094716168,147.6152534071635
416,0.05,0.25,0.2,1.0,1.0,1.0,619.559380317206,2957.352794667372,2395.0027357338977,0.19015318698110373,119.7501367866949,12.741414554104338,-0.41141708775301433,-1.8841697937171253,130.6073815470821
417,0.05,0.25,0.3,0.0,0.0,0.0,250.0,2307.0,2191.65,0.04999999999999993,109.58250000000001,0.0,-0.03826704718213489,-0.17525187101273562,109.40724812898728
418,0.05,0.25,0.3,0.0,0.0,1.0,250.0,2307.0,1874.7205,0.18737732986562639,93.736025,0.0,-0.4006294496608732,-1.8347655700136931,91.90125942998631
419,0.05,0.25,0.3,0.0,1.0,0.0,619.559380317206,2957.352794667372,2646.8969562671605,0.10497761341156797,130.37071388447194,0.0,-0.04905468527427603,-0.224656094716168,130.14605778975576
420,0.05,0.25,0.3,0.0,1.0,1.0,619.559380317206,2957.352794667372,2329.9674562671603,0.212144232345731,116.49837281335802,0.0,-0.41141708775301433,-1.8841697937171253,114.6142030196409
421,0.05,0.25,0.3,0.3333333333333333,0.0,0.0,250.0,2307.0,2191.65,0.04999999999999993,109.58250000000001,3.886526000000001,-0.03826704718213489,-0.17525187101273562,113.29377412898728
422,0.05,0.25,0.3,0.3333333333333333,0.0,1.0,250.0,2307.0,1874.7205,0.18737732986562639,93.736025,3.324504353333334,-0.4006294496608732,-1.8347655700136931,95.22576378331965
423,0.05,0.25,0.3,0.3333333333333333,1.0,0.0,619.559380317206,2957.352794667372,2646.8969562671605,0.10497761341156797,130.37071388447194,4.623814652435938,-0.04905468527427603,-0.224656094716168,134.76987244219168
424,0.05,0.25,0.3,0.3333333333333333,1.0,1.0,619.559380317206,2957.352794667372,2329.9674562671603,0.212144232345731,116.49837281335802,4.131808955780431,-0.41141708775301433,-1.8841697937171253,118.74601197542133
425,0.05,0.25,0.3,0.6666666666666666,0.0,0.0,250.0,2307.0,2191.65,0.04999999999999993,109.58250000000001,7.773052000000002,-0.03826704718213489,-0.17525187101273562,117.18030012898728
426,0.05,0.25,0.3,0.6666666666666666,0.0,1.0,250.0,2307.0,1874.7205,0.18737732986562639,93.736025,6.649008706666668,-0.4006294496608732,-1.8347655700136931,98.55026813665297
427,0.05,0.25,0.3,0.6666666666666666,1.0,0.0,619.559380317206,2957.352794667372,2646.8969562671605,0.10497761341156797,130.37071388447194,9.247629304871875,-0.04905468527427603,-0.224656094716168,139.39368709462764
428,0.05,0.25,0.3,0.6666666666666666,1.0,1.0,619.559380317206,2957.352794667372,2329.9674562671603,0.212144232345731,116.49837281335802,8.263617911560862,-0.41141708775301433,-1.8841697937171253,122.87782093120175
429,0.05,0.25,0.3,1.0,0.0,0.0,250.0,2307.0,2191.65,0.04999999999999993,109.58250000000001,11.659578000000002,-0.03826704718213489,-0.17525187101273562,121.06682612898727
430,0.05,0.25,0.3,1.0,0.0,1.0,250.0,2307.0,1874.7205,0.18737732986562639,93.736025,9.973513060000002,-0.4006294496608732,-1.8347655700136931,101.87477248998631
431,0.05,0.25,0.3,1.0,1.0,0.0,619.559380317206,2957.352794667372,2646.8969562671605,0.10497761341156797,130.37071388447194,13.871443957307816,-0.04905468527427603,-0.224656094716168,144.01750174706356
432,0.05,0.25,0.3,1.0,1.0,1.0,619.559380317206,2957.352794667372,2329.9674562671603,0.212144232345731,116.49837281335802,12.395426867341294,-0.41141708775301433,-1.8841697937171253,127.0096298869822
433,0.05,0.25,0.5,0.0,0.0,0.0,250.0,2307.0,2191.65,0.04999999999999993,109.58250000000001,0.0,-0.03826704718213489,-0.17525187101273562,109.40724812898728
434,0.05,0.25,0.5,0.0,0.0,1.0,250.0,2307.0,1874.7205,0.18737732986562639,93.736025,0.0,-0.4006294496608732,-1.8347655700136931,91.90125942998631
435,0.05,0.25,0.5,0.0,1.0,0.0,619.559380317206,2957.352794667372,2516.826397333686,0.14895970414082238,123.86718593779821,0.0,-0.04905468527427603,-0.224656094716168,123.64252984308204
436,0.05,0.25,0.5,0.0,1.0,1.0,619.559380317206,2957.352794667372,2199.896897333686,0.2561263230749854,109.9948448666843,0.0,-0.41141708775301433,-1.8841697937171253,108.11067507296718
437,0.05,0.25,0.5,0.3333333333333333,0.0,0.0,250.0,2307.0,2191.65,0.04999999999999993,109.58250000000001,3.886526000000001,-0.03826704718213489,-0.17525187101273562,113.29377412898728
438,0.05,0.25,0.5,0.3333333333333333,0.0,1.0,250.0,2307.0,1874.7205,0.18737732986562639,93.736025,3.324504353333334,-0.4006294496608732,-1.8347655700136931,95.22576378331965
439,0.05,0.25,0.5,0.3333333333333333,1.0,0.0,619.559380317206,2957.352794667372,2516.826397333686,0.14895970414082238,123.86718593779821,4.393156194593909,-0.04905468527427603,-0.224656094716168,128.03568603767593
440,0.05,0.25,0.5,0.3333333333333333,1.0,1.0,619.559380317206,2957.352794667372,2199.896897333686,0.2561263230749854,109.9948448666843,3.901150497938403,-0.41141708775301433,-1.8841697937171253,112.01182557090559
441,0.05,0.25,0.5,0.6666666666666666,0.0,0.0,250.0,2307.0,2191.65,0.04999999999999993,109.58250000000001,7.773052000000002,-0.03826704718213489,-0.17525187101273562,117.18030012898728
442,0.05,0.25,0.5,0.6666666666666666,0.0,1.0,250.0,2307.0,1874.7205,0.18737732986562639,93.736025,6.649008706666668,-0.4006294496608732,-1.8347655700136931,98.55026813665297
443,0.05,0.25,0.5,0.6666666666666666,1.0,0.0,619.559380317206,2957.352794667372,2516.826397333686,0.14895970414082238,123.86718593779821,8.786312389187819,-0.04905468527427603,-0.224656094716168,132.42884223226986
444,0.05,0.25,0.5,0.6666666666666666,1.0,1.0,619.559380317206,2957.352794667372,2199.896897333686,0.2561263230749854,109.9948448666843,7.802300995876806,-0.41141708775301433,-1.8841697937171253,115.91297606884399
445,0.05,0.25,0.5,1.0,0.0,0.0,250.0,2307.0,2191.65,0.04999999999999993,109.58250000000001,11.659578000000002,-0.03826704718213489,-0.17525187101273562,121.06682612898727
446,0.05,0.25,0.5,1.0,0.0,1.0,250.0,2307.0,1874.7205,0.18737732986562639,93.736025,9.973513060000002,-0.4006294496608732,-1.8347655700136931,101.87477248998631
447,0.05,0.25,0.5,1.0,1.0,0.0,619.559380317206,2957.352794667372,2516.826397333686,0.14895970414082238,123.86718593779821,13.17946858378173,-0.04905468527427603,-0.224656094716168,136.82199842686376
448,0.05,0.25,0.5,1.0,1.0,1.0,619.559380317206,2957.352794667372,2199.896897333686,0.2561263230749854,109.9948448666843,11.70345149381521,-0.41141708775301433,-1.8841697937171253,119.81412656678239
449,0.05,0.5,0.1,0.0,0.0,0.0,250.0,2307.0,2191.65,0.04999999999999993,109.58250000000001,0.0,-0.07653409436426978,-0.35050374202547124,109.23199625797454
450,0.05,0.5,0.1,0.0,0.0,1.0,250.0,2307.0,1874.7205,0.18737732986562639,93.736025,0.0,-0.4388964968430081,-2.0100174410264287,91.72600755897356
451,0.05,0.5,0.1,0.0,1.0,0.0,619.559380317206,2957.352794667372,2776.967515200635,0.060995522682313674,136.87424183114567,0.0,-0.09810937054855207,-0.449312189432336,136.42492964171333
452,0.05,0.5,0.1,0.0,1.0,1.0,619.559380317206,2957.352794667372,2460.0380152006346,0.16816214161647658,123.00190076003173,0.0,-0.46047177302729037,-2.108825888433293,120.89307487159844
453,0.05,0.5,0.1,0.3333333333333333,0.0,0.0,250.0,2307.0,2191.65,0.04999999999999993,109.58250000000001,3.886526000000001,-0.07653409436426978,-0.35050374202547124,113.11852225797455
454,0.05,0.5,0.1,0.3333333333333333,0.0,1.0,250.0,2307.0,1874.7205,0.18737732986562639,93.736025,3.324504353333334,-0.4388964968430081,-2.0100174410264287,95.0505119123069
455,0.05,0.5,0.1,0.3333333333333333,1.0,0.0,619.559380317206,2957.352794667372,2776.967515200635,0.060995522682313674,136.87424183114567,4.854473110277967,-0.09810937054855207,-0.449312189432336,141.2794027519913
456,0.05,0.5,0.1,0.3333333333333333,1.0,1.0,619.559380317206,2957.352794667372,2460.0380152006346,0.16816214161647658,123.00190076003173,4.362467413622459,-0.46047177302729037,-2.108825888433293,125.2555422852209
457,0.05,0.5,0.1,0.6666666666666666,0.0,0.0,250.0,2307.0,2191.65,0.04999999999999993,109.58250000000001,7.773052000000002,-0.07653409436426978,-0.35050374202547124,117.00504825797455
458,0.05,0.5,0.1,0.6666666666666666,0.0,1.0,250.0,2307.0,1874.7205,0.18737732986562639,93.736025,6.649008706666668,-0.4388964968430081,-2.0100174410264287,98.37501626564023
459,0.05,0.5,0.1,0.6666666666666666,1.0,0.0,619.559380317206,2957.352794667372,2776.967515200635,0.060995522682313674,136.87424183114567,9.708946220555934,-0.09810937054855207,-0.449312189432336,146.13387586226926
460,0.05,0.5,0.1,0.6666666666666666,1.0,1.0,619.559380317206,2957.352794667372,2460.0380152006346,0.16816214161647658,123.00190076003173,8.724934827244917,-0.46047177302729037,-2.108825888433293,129.61800969884334
461,0.05,0.5,0.1,1.0,0.0,0.0,250.0,2307.0,2191.65,0.04999999999999993,109.58250000000001,11.659578000000002,-0.07653409436426978,-0.35050374202547124,120.89157425797454
462,0.05,0.5,0.1,1.0,0.0,1.0,250.0,2307.0,1874.7205,0.18737732986562639,93.736025,9.973513060000002,-0.4388964968430081,-2.0100174410264287,101.69952061897357
463,0.05,0.5,0.1,1.0,1.0,0.0,619.559380317206,2957.352794667372,2776.967515200635,0.060995522682313674,136.87424183114567,14.5634193308339,-0.09810937054855207,-0.449312189432336,150.98834897254724
464,0.05,0.5,0.1,1.0,1.0,1.0,619.559380317206,2957.352794667372,2460.0380152006346,0.16816214161647658,123.00190076003173,13.087402240867378,-0.46047177302729037,-2.108825888433293,133.98047711246582
465,0.05,0.5,0.2,0.0,0.0,0.0,250.0,2307.0,2191.65,0.04999999999999993,109.58250000000001,0.0,-0.07653409436426978,-0.35050374202547124,109.23199625797454
466,0.05,0.5,0.2,0.0,0.0,1.0,250.0,2307.0,1874.7205,0.18737732986562639,93.736025,0.0,-0.4388964968430081,-2.0100174410264287,91.72600755897356
467,0.05,0.5,0.2,0.0,1.0,0.0,619.559380317206,2957.352794667372,2711.932235733898,0.08298656804694071,133.6224778578088,0.0,-0.09810937054855207,-0.449312189432336,133.17316566837647
468,0.05,0.5,0.2,0.0,1.0,1.0,619.559380317206,2957.352794667372,2395.0027357338977,0.19015318698110373,119.7501367866949,0.0,-0.46047177302729037,-2.108825888433293,117.64131089826161
469,0.05,0.5,0.2,0.3333333333333333,0.0,0.0,250.0,2307.0,2191.65,0.04999999999999993,109.58250000000001,3.886526000000001,-0.07653409436426978,-0.35050374202547124,113.11852225797455
470,0.05,0.5,0.2,0.3333333333333333,0.0,1.0,250.0,2307.0,1874.7205,0.18737732986562639,93.736025,3.324504353333334,-0.4388964968430081,-2.0100174410264287,95.0505119123069
471,0.05,0.5,0.2,0.3333333333333333,1.0,0.0,619.559380317206,2957.352794667372,2711.932235733898,0.08298656804694071,133.6224778578088,4.739143881356952,-0.09810937054855207,-0.449312189432336,137.9123095497334
472,0.05,0.5,0.2,0.3333333333333333,1.0,1.0,619.559380317206,2957.352794667372,2395.0027357338977,0.19015318698110373,119.7501367866949,4.247138184701446,-0.46047177302729037,-2.108825888433293,121.88844908296305
473,0.05,0.5,0.2,0.6666666666666666,0.0,0.0,250.0,2307.0,2191.65,0.04999999999999993,109.58250000000001,7.773052000000002,-0.07653409436426978,-0.35050374202547124,117.00504825797455
474,0.05,0.5,0.2,0.6666666666666666,0.0,1.0,250.0,2307.0,1874.7205,0.18737732986562639,93.736025,6.649008706666668,-0.4388964968430081,-2.0100174410264287,98.37501626564023
475,0.05,0.5,0.2,0.6666666666666666,1.0,0.0,619.559380317206,2957.352794667372,2711.932235733898,0.08298656804694071,133.6224778578088,9.478287762713904,-0.09810937054855207,-0.449312189432336,142.65145343109037
476,0.05,0.5,0.2,0.6666666666666666,1.0,1.0,619.559380317206,2957.352794667372,2395.0027357338977,0.19015318698110373,119.7501367866949,8.494276369402892,-0.46047177302729037,-2.108825888433293,126.13558726766449
477,0.05,0.5,0.2,1.0,0.0,0.0,250.0,2307.0,2191.65,0.04999999999999993,109.58250000000001,11.659578000000002,-0.07653409436426978,-0.35050374202547124,120.89157425797454
478,0.05,0.5,0.2,1.0,0.0,1.0,250.0,2307.0,1874.7205,0.18737732986562639,93.736025,9.973513060000002,-0.4388964968430081,-2.0100174410264287,101.69952061897357
479,0.05,0.5,0.2,1.0,1.0,0.0,619.559380317206,2957.352794667372,2711.932235733898,0.08298656804694071,133.6224778578088,14.217431644070857,-0.09810937054855207,-0.449312189432336,147.39059731244734
480,0.05,0.5,0.2,1.0,1.0,1.0,619.559380317206,2957.352794667372,2395.0027357338977,0.19015318698110373,119.7501367866949,12.741414554104338,-0.46047177302729037,-2.108825888433293,130.38272545236592
481,0.05,0.5,0.3,0.0,0.0,0.0,250.0,2307.0,2191.65,0.04999999999999993,109.58250000000001,0.0,-0.07653409436426978,-0.35050374202547124,109.23199625797454
482,0.05,0.5,0.3,0.0,0.0,1.0,250.0,2307.0,1874.7205,0.18737732986562639,93.736025,0.0,-0.4388964968430081,-2.0100174410264287,91.72600755897356
483,0.05,0.5,0.3,0.0,1.0,0.0,619.559380317206,2957.352794667372,2646.8969562671605,0.10497761341156797,130.37071388447194,0.0,-0.09810937054855207,-0.449312189432336,129.9214016950396
484,0.05,0.5,0.3,0.0,1.0,1.0,619.559380317206,2957.352794667372,2329.9674562671603,0.212144232345731,116.49837281335802,0.0,-0.46047177302729037,-2.108825888433293,114.38954692492473
485,0.05,0.5,0.3,0.3333333333333333,0.0,0.0,250.0,2307.0,2191.65,0.04999999999999993,109.58250000000001,3.886526000000001,-0.07653409436426978,-0.35050374202547124,113.11852225797455
486,0.05,0.5,0.3,0.3333333333333333,0.0,1.0,250.0,2307.0,1874.7205,0.18737732986562639,93.736025,3.324504353333334,-0.4388964968430081,-2.0100174410264287,95.0505119123069
487,0.05,0.5,0.3,0.3333333333333333,1.0,0.0,619.559380317206,2957.352794667372,2646.8969562671605,0.10497761341156797,130.37071388447194,4.623814652435938,-0.09810937054855207,-0.449312189432336,134.54521634747553
488,0.05,0.5,0.3,0.3333333333333333,1.0,1.0,619.559380317206,2957.352794667372,2329.9674562671603,0.212144232345731,116.49837281335802,4.131808955780431,-0.46047177302729037,-2.108825888433293,118.52135588070516
489,0.05,0.5,0.3,0.6666666666666666,0.0,0.0,250.0,2307.0,2191.65,0.04999999999999993,109.58250000000001,7.773052000000002,-0.07653409436426978,-0.35050374202547124,117.00504825797455
490,0.05,0.5,0.3,0.6666666666666666,0.0,1.0,250.0,2307.0,1874.7205,0.18737732986562639,93.736025,6.649008706666668,-0.4388964968430081,-2.0100174410264287,98.37501626564023
491,0.05,0.5,0.3,0.6666666666666666,1.0,0.0,619.559380317206,2957.352794667372,2646.8969562671605,0.10497761341156797,130.37071388447194,9.247629304871875,-0.09810937054855207,-0.449312189432336,139.16903099991148
492,0.05,0.5,0.3,0.6666666666666666,1.0,1.0,619.559380317206,2957.352794667372,2329.9674562671603,0.212144232345731,116.49837281335802,8.263617911560862,-0.46047177302729037,-2.108825888433293,122.65316483648559
493,0.05,0.5,0.3,1.0,0.0,0.0,250.0,2307.0,2191.65,0.04999999999999993,109.58250000000001,11.659578000000002,-0.07653409436426978,-0.35050374202547124,120.89157425797454
494,0.05,0.5,0.3,1.0,0.0,1.0,250.0,2307.0,1874.7205,0.18737732986562639,93.736025,9.973513060000002,-0.4388964968430081,-2.0100174410264287,101.69952061897357
495,0.05,0.5,0.3,1.0,1.0,0.0,619.559380317206,2957.352794667372,2646.8969562671605,0.10497761341156797,130.37071388447194,13.871443957307816,-0.09810937054855207,-0.449312189432336,143.7928456523474
496,0.05,0.5,0.3,1.0,1.0,1.0,619.559380317206,2957.352794667372,2329.9674562671603,0.212144232345731,116.49837281335802,12.395426867341294,-0.46047177302729037,-2.108825888433293,126.78497379226603
497,0.05,0.5,0.5,0.0,0.0,0.0,250.0,2307.0,2191.65,0.04999999999999993,109.58250000000001,0.0,-0.07653409436426978,-0.35050374202547124,109.23199625797454
498,0.05,0.5,0.5,0.0,0.0,1.0,250.0,2307.0,1874.7205,0.18737732986562639,93.736025,0.0,-0.4388964968430081,-2.0100174410264287,91.72600755897356
499,0.05,0.5,0.5,0.0,1.0,0.0,619.559380317206,2957.352794667372,2516.826397333686,0.14895970414082238,123.86718593779821,0.0,-0.09810937054855207,-0.449312189432336,123.41787374836588
500,0.05,0.5,0.5,0.0,1.0,1.0,619.559380317206,2957.352794667372,2199.896897333686,0.2561263230749854,109.9948448666843,0.0,-0.46047177302729037,-2.108825888433293,107.88601897825102
501,0.05,0.5,0.5,0.3333333333333333,0.0,0.0,250.0,2307.0,2191.65,0.04999999999999993,109.58250000000001,3.886526000000001,-0.07653409436426978,-0.35050374202547124,113.11852225797455
502,0.05,0.5,0.5,0.3333333333333333,0.0,1.0,250.0,2307.0,1874.7205,0.18737732986562639,93.736025,3.324504353333334,-0.4388964968430081,-2.0100174410264287,95.0505119123069
503,0.05,0.5,0.5,0.3333333333333333,1.0,0.0,619.559380317206,2957.352794667372,2516.826397333686,0.14895970414082238,123.86718593779821,4.393156194593909,-0.09810937054855207,-0.449312189432336,127.81102994295978
504,0.05,0.5,0.5,0.3333333333333333,1.0,1.0,619.559380317206,2957.352794667372,2199.896897333686,0.2561263230749854,109.9948448666843,3.901150497938403,-0.46047177302729037,-2.108825888433293,111.78716947618942
505,0.05,0.5,0.5,0.6666666666666666,0.0,0.0,250.0,2307.0,2191.65,0.04999999999999993,109.58250000000001,7.773052000000002,-0.07653409436426978,-0.35050374202547124,117.00504825797455
506,0.05,0.5,0.5,0.6666666666666666,0.0,1.0,250.0,2307.0,1874.7205,0.18737732986562639,93.736025,6.649008706666668,-0.4388964968430081,-2.0100174410264287,98.37501626564023
507,0.05,0.5,0.5,0.6666666666666666,1.0,0.0,619.559380317206,2957.352794667372,2516.826397333686,0.14895970414082238,123.86718593779821,8.786312389187819,-0.09810937054855207,-0.449312189432336,132.2041861375537
508,0.05,0.5,0.5,0.6666666666666666,1.0,1.0,619.559380317206,2957.352794667372,2199.896897333686,0.2561263230749854,109.9948448666843,7.802300995876806,-0.46047177302729037,-2.108825888433293,115.68831997412782
509,0.05,0.5,0.5,1.0,0.0,0.0,250.0,2307.0,2191.65,0.04999999999999993,109.58250000000001,11.659578000000002,-0.07653409436426978,-0.35050374202547124,120.89157425797454
510,0.05,0.5,0.5,1.0,0.0,1.0,250.0,2307.0,1874.7205,0.18737732986562639,93.736025,9.973513060000002,-0.4388964968430081,-2.0100174410264287,101.69952061897357
511,0.05,0.5,0.5,1.0,1.0,0.0,619.559380317206,2957.352794667372,2516.826397333686,0.14895970414082238,123.86718593779821,13.17946858378173,-0.09810937054855207,-0.449312189432336,136.5973423321476
512,0.05,0.5,0.5,1.0,1.0,1.0,619.559380317206,2957.352794667372,2199.896897333686,0.2561263230749854,109.9948448666843,11.70345149381521,-0.46047177302729037,-2.108825888433293,119.58947047206622
513,0.05,0.75,0.1,0.0,0.0,0.0,250.0,2307.0,2191.65,0.04999999999999993,109.58250000000001,0.0,-0.11480114154640467,-0.5257556130382068,109.05674438696181
514,0.05,0.75,0.1,0.0,0.0,1.0,250.0,2307.0,1874.7205,0.18737732986562639,93.736025,0.0,-0.47716354402514294,-2.185269312039164,91.55075568796083
515,0.05,0.75,0.1,0.0,1.0,0.0,619.559380317206,2957.352794667372,2776.967515200635,0.060995522682313674,136.87424183114567,0.0,-0.1471640558228281,-0.673968284148504,136.20027354699715
516,0.05,0.75,0.1,0.0,1.0,1.0,619.559380317206,2957.352794667372,2460.0380152006346,0.16816214161647658,123.00190076003173,0.0,-0.5095264583015664,-2.3334819831494613,120.66841877688228
517,0.05,0.75,0.1,0.3333333333333333,0.0,0.0,250.0,2307.0,2191.65,0.04999999999999993,109.58250000000001,3.886526000000001,-0.11480114154640467,-0.5257556130382068,112.94327038696181
518,0.05,0.75,0.1,0.3333333333333333,0.0,1.0,250.0,2307.0,1874.7205,0.18737732986562639,93.736025,3.324504353333334,-0.47716354402514294,-2.185269312039164,94.87526004129417
519,0.05,0.75,0.1,0.3333333333333333,1.0,0.0,619.559380317206,2957.352794667372,2776.967515200635,0.060995522682313674,136.87424183114567,4.854473110277967,-0.1471640558228281,-0.673968284148504,141.05474665727513
520,0.05,0.75,0.1,0.3333333333333333,1.0,1.0,619.559380317206,2957.352794667372,2460.0380152006346,0.16816214161647658,123.00190076003173,4.362467413622459,-0.5095264583015664,-2.3334819831494613,125.03088619050473
521,0.05,0.75,0.1,0.6666666666666666,0.0,0.0,250.0,2307.0,2191.65,0.04999999999999993,109.58250000000001,7.773052000000002,-0.11480114154640467,-0.5257556130382068,116.82979638696182
522,0.05,0.75,0.1,0.6666666666666666,0.0,1.0,250.0,2307.0,1874.7205,0.18737732986562639,93.736025,6.649008706666668,-0.47716354402514294,-2.185269312039164,98.1997643946275
523,0.05,0.75,0.1,0.6666666666666666,1.0,0.0,619.559380317206,2957.352794667372,2776.967515200635,0.060995522682313674,136.87424183114567,9.708946220555934,-0.1471640558228281,-0.673968284148504,145.90921976755308
524,0.05,0.75,0.1,0.6666666666666666,1.0,1.0,619.559380317206,2957.352794667372,2460.0380152006346,0.16816214161647658,123.00190076003173,8.724934827244917,-0.5095264583015664,-2.3334819831494613,129.39335360412719
525,0.05,0.75,0.1,1.0,0.0,0.0,250.0,2307.0,2191.65,0.04999999999999993,109.58250000000001,11.659578000000002,-0.11480114154640467,-0.5257556130382068,120.7163223869618
526,0.05,0.75,0.1,1.0,0.0,1.0,250.0,2307.0,1874.7205,0.18737732986562639,93.736025,9.973513060000002,-0.47716354402514294,-2.185269312039164,101.52426874796083
527,0.05,0.75,0.1,1.0,1.0,0.0,619.559380317206,2957.352794667372,2776.967515200635,0.060995522682313674,136.87424183114567,14.5634193308339,-0.1471640558228281,-0.673968284148504,150.76369287783106
528,0.05,0.75,0.1,1.0,1.0,1.0,619.559380317206,2957.352794667372,2460.0380152006346,0.16816214161647658,123.00190076003173,13.087402240867378,-0.5095264583015664,-2.3334819831494613,133.75582101774967
529,0.05,0.75,0.2,0.0,0.0,0.0,250.0,2307.0,2191.65,0.04999999999999993,109.58250000000001,0.0,-0.11480114154640467,-0.5257556130382068,109.05674438696181
530,0.05,0.75,0.2,0.0,0.0,1.0,250.0,2307.0,1874.7205,0.18737732986562639,93.736025,0.0,-0.47716354402514294,-2.185269312039164,91.55075568796083
531,0.05,0.75,0.2,0.0,1.0,0.0,619.559380317206,2957.352794667372,2711.932235733898,0.08298656804694071,133.6224778578088,0.0,-0.1471640558228281,-0.673968284148504,132.9485095736603
532,0.05,0.75,0.2,0.0,1.0,1.0,619.559380317206,2957.352794667372,2395.0027357338977,0.19015318698110373,119.7501367866949,0.0,-0.5095264583015664,-2.3334819831494613,117.41665480354544
533,0.05,0.75,0.2,0.3333333333333333,0.0,0.0,250.0,2307.0,2191.65,0.04999999999999993,109.58250000000001,3.886526000000001,-0.11480114154640467,-0.5257556130382068,112.94327038696181
534,0.05,0.75,0.2,0.3333333333333333,0.0,1.0,250.0,2307.0,1874.7205,0.18737732986562639,93.736025,3.324504353333334,-0.47716354402514294,-2.185269312039164,94.87526004129417
535,0.05,0.75,0.2,0.3333333333333333,1.0,0.0,619.559380317206,2957.352794667372,2711.932235733898,0.08298656804694071,133.6224778578088,4.739143881356952,-0.1471640558228281,-0.673968284148504,137.68765345501723
536,0.05,0.75,0.2,0.3333333333333333,1.0,1.0,619.559380317206,2957.352794667372,2395.0027357338977,0.19015318698110373,119.7501367866949,4.247138184701446,-0.5095264583015664,-2.3334819831494613,121.66379298824688
537,0.05,0.75,0.2,0.6666666666666666,0.0,0.0,250.0,2307.0,2191.65,0.04999999999999993,109.58250000000001,7.773052000000002,-0.11480114154640467,-0.5257556130382068,116.82979638696182
538,0.05,0.75,0.2,0.6666666666666666,0.0,1.0,250.0,2307.0,1874.7205,0.18737732986562639,93.736025,6.649008706666668,-0.47716354402514294,-2.185269312039164,98.1997643946275
539,0.05,0.75,0.2,0.6666666666666666,1.0,0.0,619.559380317206,2957.352794667372,2711.932235733898,0.08298656804694071,133.6224778578088,9.478287762713904,-0.1471640558228281,-0.673968284148504,142.4267973363742
540,0.05,0.75,0.2,0.6666666666666666,1.0,1.0,619.559380317206,2957.352794667372,2395.0027357338977,0.19015318698110373,119.7501367866949,8.494276369402892,-0.5095264583015664,-2.3334819831494613,125.91093117294832
541,0.05,0.75,0.2,1.0,0.0,0.0,250.0,2307.0,2191.65,0.04999999999999993,109.58250000000001,11.659578000000002,-0.11480114154640467,-0.5257556130382068,120.7163223869618
542,0.05,0.75,0.2,1.0,0.0,1.0,250.0,2307.0,1874.7205,0.18737732986562639,93.736025,9.973513060000002,-0.47716354402514294,-2.185269312039164,101.52426874796083
543,0.05,0.75,0.2,1.0,1.0,0.0,619.559380317206,2957.352794667372,2711.932235733898,0.08298656804694071,133.6224778578088,14.217431644070857,-0.1471640558228281,-0.673968284148504,147.16594121773116
544,0.05,0.75,0.2,1.0,1.0,1.0,619.559380317206,2957.352794667372,2395.0027357338977,0.19015318698110373,119.7501367866949,12.741414554104338,-0.5095264583015664,-2.3334819831494613,130.15806935764977
545,0.05,0.75,0.3,0.0,0.0,0.0,250.0,2307.0,2191.65,0.04999999999999993,109.58250000000001,0.0,-0.11480114154640467,-0.5257556130382068,109.05674438696181
546,0.05,0.75,0.3,0.0,0.0,1.0,250.0,2307.0,1874.7205,0.18737732986562639,93.736025,0.0,-0.47716354402514294,-2.185269312039164,91.55075568796083
547,0.05,0.75,0.3,0.0,1.0,0.0,619.559380317206,2957.352794667372,2646.8969562671605,0.10497761341156797,130.37071388447194,0.0,-0.1471640558228281,-0.673968284148504,129.69674560032342
548,0.05,0.75,0.3,0.0,1.0,1.0,619.559380317206,2957.352794667372,2329.9674562671603,0.212144232345731,116.49837281335802,0.0,-0.5095264583015664,-2.3334819831494613,114.16489083020855
549,0.05,0.75,0.3,0.3333333333333333,0.0,0.0,250.0,2307.0,2191.65,0.04999999999999993,109.58250000000001,3.886526000000001,-0.11480114154640467,-0.5257556130382068,112.94327038696181
550,0.05,0.75,0.3,0.3333333333333333,0.0,1.0,250.0,2307.0,1874.7205,0.18737732986562639,93.736025,3.324504353333334,-0.47716354402514294,-2.185269312039164,94.87526004129417
551,0.05,0.75,0.3,0.3333333333333333,1.0,0.0,619.559380317206,2957.352794667372,2646.8969562671605,0.10497761341156797,130.37071388447194,4.623814652435938,-0.1471640558228281,-0.673968284148504,134.32056025275935
552,0.05,0.75,0.3,0.3333333333333333,1.0,1.0,619.559380317206,2957.352794667372,2329.9674562671603,0.212144232345731,116.49837281335802,4.131808955780431,-0.5095264583015664,-2.3334819831494613,118.29669978598898
553,0.05,0.75,0.3,0.6666666666666666,0.0,0.0,250.0,2307.0,2191.65,0.04999999999999993,109.58250000000001,7.773052000000002,-0.11480114154640467,-0.5257556130382068,116.82979638696182
554,0.05,0.75,0.3,0.6666666666666666,0.0,1.0,250.0,2307.0,1874.7205,0.18737732986562639,93.736025,6.649008706666668,-0.47716354402514294,-2.185269312039164,98.1997643946275
555,0.05,0.75,0.3,0.6666666666666666,1.0,0.0,619.559380317206,2957.352794667372,2646.8969562671605,0.10497761341156797,130.37071388447194,9.247629304871875,-0.1471640558228281,-0.673968284148504,138.9443749051953
556,0.05,0.75,0.3,0.6666666666666666,1.0,1.0,619.559380317206,2957.352794667372,2329.9674562671603,0.212144232345731,116.49837281335802,8.263617911560862,-0.5095264583015664,-2.3334819831494613,122.4285087417694
557,0.05,0.75,0.3,1.0,0.0,0.0,250.0,2307.0,2191.65,0.04999999999999993,109.58250000000001,11.659578000000002,-0.11480114154640467,-0.5257556130382068,120.7163223869618
558,0.05,0.75,0.3,1.0,0.0,1.0,250.0,2307.0,1874.7205,0.18737732986562639,93.736025,9.973513060000002,-0.47716354402514294,-2.185269312039164,101.52426874796083
559,0.05,0.75,0.3,1.0,1.0,0.0,619.559380317206,2957.352794667372,2646.8969562671605,0.10497761341156797,130.37071388447194,13.871443957307816,-0.1471640558228281,-0.673968284148504,143.56818955763123
560,0.05,0.75,0.3,1.0,1.0,1.0,619.559380317206,2957.352794667372,2329.9674562671603,0.212144232345731,116.49837281335802,12.395426867341294,-0.5095264583015664,-2.3334819831494613,126.56031769754986
561,0.05,0.75,0.5,0.0,0.0,0.0,250.0,2307.0,2191.65,0.04999999999999993,109.58250000000001,0.0,-0.11480114154640467,-0.5257556130382068,109.05674438696181
562,0.05,0.75,0.5,0.0,0.0,1.0,250.0,2307.0,1874.7205,0.18737732986562639,93.736025,0.0,-0.47716354402514294,-2.185269312039164,91.55075568796083
563,0.05,0.75,0.5,0.0,1.0,0.0,619.559380317206,2957.352794667372,2516.826397333686,0.14895970414082238,123.86718593779821,0.0,-0.1471640558228281,-0.673968284148504,123.19321765364971
564,0.05,0.75,0.5,0.0,1.0,1.0,619.559380317206,2957.352794667372,2199.896897333686,0.2561263230749854,109.9948448666843,0.0,-0.5095264583015664,-2.3334819831494613,107.66136288353485
565,0.05,0.75,0.5,0.3333333333333333,0.0,0.0,250.0,2307.0,2191.65,0.04999999999999993,109.58250000000001,3.886526000000001,-0.11480114154640467,-0.5257556130382068,112.94327038696181
566,0.05,0.75,0.5,0.3333333333333333,0.0,1.0,250.0,2307.0,1874.7205,0.18737732986562639,93.736025,3.324504353333334,-0.47716354402514294,-2.185269312039164,94.87526004129417
567,0.05,0.75,0.5,0.3333333333333333,1.0,0.0,619.559380317206,2957.352794667372,2516.826397333686,0.14895970414082238,123.86718593779821,4.393156194593909,-0.1471640558228281,-0.673968284148504,127.58637384824361
568,0.05,0.75,0.5,0.3333333333333333,1.0,1.0,619.559380317206,2957.352794667372,2199.896897333686,0.2561263230749854,109.9948448666843,3.901150497938403,-0.5095264583015664,-2.3334819831494613,111.56251338147325
569,0.05,0.75,0.5,0.6666666666666666,0.0,0.0,250.0,2307.0,2191.65,0.04999999999999993,109.58250000000001,7.773052000000002,-0.11480114154640467,-0.5257556130382068,116.82979638696182
570,0.05,0.75,0.5,0.6666666666666666,0.0,1.0,250.0,2307.0,1874.7205,0.18737732986562639,93.736025,6.649008706666668,-0.47716354402514294,-2.185269312039164,98.1997643946275
571,0.05,0.75,0.5,0.6666666666666666,1.0,0.0,619.559380317206,2957.352794667372,2516.826397333686,0.14895970414082238,123.86718593779821,8.786312389187819,-0.1471640558228281,-0.673968284148504,131.97953004283752
572,0.05,0.75,0.5,0.6666666666666666,1.0,1.0,619.559380317206,2957.352794667372,2199.896897333686,0.2561263230749854,109.9948448666843,7.802300995876806,-0.5095264583015664,-2.3334819831494613,115.46366387941165
573,0.05,0.75,0.5,1.0,0.0,0.0,250.0,2307.0,2191.65,0.04999999999999993,109.58250000000001,11.659578000000002,-0.11480114154640467,-0.5257556130382068,120.7163223869618
574,0.05,0.75,0.5,1.0,0.0,1.0,250.0,2307.0,1874.7205,0.18737732986562639,93.736025,9.973513060000002,-0.47716354402514294,-2.185269312039164,101.52426874796083
575,0.05,0.75,0.5,1.0,1.0,0.0,619.559380317206,2957.352794667372,2516.826397333686,0.14895970414082238,123.86718593779821,13.17946858378173,-0.1471640558228281,-0.673968284148504,136.37268623743142
576,0.05,0.75,0.5,1.0,1.0,1.0,619.559380317206,2957.352794667372,2199.896897333686,0.2561263230749854,109.9948448666843,11.70345149381521,-0.5095264583015664,-2.3334819831494613,119.36481437735006
577,0.05,1.0,0.1,0.0,0.0,0.0,250.0,2307.0,2191.65,0.04999999999999993,109.58250000000001,0.0,-0.15306818872853956,-0.7010074840509425,108.88149251594906
578,0.05,1.0,0.1,0.0,0.0,1.0,250.0,2307.0,1874.7205,0.18737732986562639,93.736025,0.0,-0.5154305912072779,-2.3605211830518997,91.3755038169481
579,0.05,1.0,0.1,0.0,1.0,0.0,619.559380317206,2957.352794667372,2776.967515200635,0.060995522682313674,136.87424183114567,0.0,-0.19621874109710413,-0.898624378864672,135.975617452281
580,0.05,1.0,0.1,0.0,1.0,1.0,619.559380317206,2957.352794667372,2460.0380152006346,0.16816214161647658,123.00190076003173,0.0,-0.5585811435758424,-2.558138077865629,120.4437626821661
581,0.05,1.0,0.1,0.3333333333333333,0.0,0.0,250.0,2307.0,2191.65,0.04999999999999993,109.58250000000001,3.886526000000001,-0.15306818872853956,-0.7010074840509425,112.76801851594907
582,0.05,1.0,0.1,0.3333333333333333,0.0,1.0,250.0,2307.0,1874.7205,0.18737732986562639,93.736025,3.324504353333334,-0.5154305912072779,-2.3605211830518997,94.70000817028144
583,0.05,1.0,0.1,0.3333333333333333,1.0,0.0,619.559380317206,2957.352794667372,2776.967515200635,0.060995522682313674,136.87424183114567,4.854473110277967,-0.19621874109710413,-0.898624378864672,140.83009056255898
584,0.05,1.0,0.1,0.3333333333333333,1.0,1.0,619.559380317206,2957.352794667372,2460.0380152006346,0.16816214161647658,123.00190076003173,4.362467413622459,-0.5585811435758424,-2.558138077865629,124.80623009578855
585,0.05,1.0,0.1,0.6666666666666666,0.0,0.0,250.0,2307.0,2191.65,0.04999999999999993,109.58250000000001,7.773052000000002,-0.15306818872853956,-0.7010074840509425,116.65454451594907
586,0.05,1.0,0.1,0.6666666666666666,0.0,1.0,250.0,2307.0,1874.7205,0.18737732986562639,93.736025,6.649008706666668,-0.5154305912072779,-2.3605211830518997,98.02451252361476
587,0.05,1.0,0.1,0.6666666666666666,1.0,0.0,619.559380317206,2957.352794667372,2776.967515200635,0.060995522682313674,136.87424183114567,9.708946220555934,-0.19621874109710413,-0.898624378864672,145.68456367283693
588,0.05,1.0,0.1,0.6666666666666666,1.0,1.0,619.559380317206,2957.352794667372,2460.0380152006346,0.16816214161647658,123.00190076003173,8.724934827244917,-0.5585811435758424,-2.558138077865629,129.168697509411
589,0.05,1.0,0.1,1.0,0.0,0.0,250.0,2307.0,2191.65,0.04999999999999993,109.58250000000001,11.659578000000002,-0.15306818872853956,-0.7010074840509425,120.54107051594906
590,0.05,1.0,0.1,1.0,0.0,1.0,250.0,2307.0,1874.7205,0.18737732986562639,93.736025,9.973513060000002,-0.5154305912072779,-2.3605211830518997,101.3490168769481
591,0.05,1.0,0.1,1.0,1.0,0.0,619.559380317206,2957.352794667372,2776.967515200635,0.060995522682313674,136.87424183114567,14.5634193308339,-0.19621874109710413,-0.898624378864672,150.5390367831149
592,0.05,1.0,0.1,1.0,1.0,1.0,619.559380317206,2957.352794667372,2460.0380152006346,0.16816214161647658,123.00190076003173,13.087402240867378,-0.5585811435758424,-2.558138077865629,133.5311649230335
593,0.05,1.0,0.2,0.0,0.0,0.0,250.0,2307.0,2191.65,0.04999999999999993,109.58250000000001,0.0,-0.15306818872853956,-0.7010074840509425,108.88149251594906
594,0.05,1.0,0.2,0.0,0.0,1.0,250.0,2307.0,1874.7205,0.18737732986562639,93.736025,0.0,-0.5154305912072779,-2.3605211830518997,91.3755038169481
595,0.05,1.0,0.2,0.0,1.0,0.0,619.559380317206,2957.352794667372,2711.932235733898,0.08298656804694071,133.6224778578088,0.0,-0.19621874109710413,-0.898624378864672,132.72385347894414
596,0.05,1.0,0.2,0.0,1.0,1.0,619.559380317206,2957.352794667372,2395.0027357338977,0.19015318698110373,119.7501367866949,0.0,-0.5585811435758424,-2.558138077865629,117.19199870882926
597,0.05,1.0,0.2,0.3333333333333333,0.0,0.0,250.0,2307.0,2191.65,0.04999999999999993,109.58250000000001,3.886526000000001,-0.15306818872853956,-0.7010074840509425,112.76801851594907
598,0.05,1.0,0.2,0.3333333333333333,0.0,1.0,250.0,2307.0,1874.7205,0.18737732986562639,93.736025,3.324504353333334,-0.5154305912072779,-2.3605211830518997,94.70000817028144
599,0.05,1.0,0.2,0.3333333333333333,1.0,0.0,619.559380317206,2957.352794667372,2711.932235733898,0.08298656804694071,133.6224778578088,4.739143881356952,-0.19621874109710413,-0.898624378864672,137.46299736030107
600,0.05,1.0,0.2,0.3333333333333333,1.0,1.0,619.559380317206,2957.352794667372,2395.0027357338977,0.19015318698110373,119.7501367866949,4.247138184701446,-0.5585811435758424,-2.558138077865629,121.4391368935307
601,0.05,1.0,0.2,0.6666666666666666,0.0,0.0,250.0,2307.0,2191.65,0.04999999999999993,109.58250000000001,7.773052000000002,-0.15306818872853956,-0.7010074840509425,116.65454451594907
602,0.05,1.0,0.2,0.6666666666666666,0.0,1.0,250.0,2307.0,1874.7205,0.18737732986562639,93.736025,6.649008706666668,-0.5154305912072779,-2.3605211830518997,98.02451252361476
603,0.05,1.0,0.2,0.6666666666666666,1.0,0.0,619.559380317206,2957.352794667372,2711.932235733898,0.08298656804694071,133.6224778578088,9.478287762713904,-0.19621874109710413,-0.898624378864672,142.20214124165804
604,0.05,1.0,0.2,0.6666666666666666,1.0,1.0,619.559380317206,2957.352794667372,2395.0027357338977,0.19015318698110373,119.7501367866949,8.494276369402892,-0.5585811435758424,-2.558138077865629,125.68627507823214
605,0.05,1.0,0.2,1.0,0.0,0.0,250.0,2307.0,2191.65,0.04999999999999993,109.58250000000001,11.659578000000002,-0.15306818872853956,-0.7010074840509425,120.54107051594906
606,0.05,1.0,0.2,1.0,0.0,1.0,250.0,2307.0,1874.7205,0.18737732986562639,93.736025,9.973513060000002,-0.5154305912072779,-2.3605211830518997,101.3490168769481
607,0.05,1.0,0.2,1.0,1.0,0.0,619.559380317206,2957.352794667372,2711.932235733898,0.08298656804694071,133.6224778578088,14.217431644070857,-0.19621874109710413,-0.898624378864672,146.941285123015
608,0.05,1.0,0.2,1.0,1.0,1.0,619.559380317206,2957.352794667372,2395.0027357338977,0.19015318698110373,119.7501367866949,12.741414554104338,-0.5585811435758424,-2.558138077865629,129.93341326293358
609,0.05,1.0,0.3,0.0,0.0,0.0,250.0,2307.0,2191.65,0.04999999999999993,109.58250000000001,0.0,-0.15306818872853956,-0.7010074840509425,108.88149251594906
610,0.05,1.0,0.3,0.0,0.0,1.0,250.0,2307.0,1874.7205,0.18737732986562639,93.736025,0.0,-0.5154305912072779,-2.3605211830518997,91.3755038169481
611,0.05,1.0,0.3,0.0,1.0,0.0,619.559380317206,2957.352794667372,2646.8969562671605,0.10497761341156797,130.37071388447194,0.0,-0.19621874109710413,-0.898624378864672,129.47208950560727
612,0.05,1.0,0.3,0.0,1.0,1.0,619.559380317206,2957.352794667372,2329.9674562671603,0.212144232345731,116.49837281335802,0.0,-0.5585811435758424,-2.558138077865629,113.94023473549238
613,0.05,1.0,0.3,0.3333333333333333,0.0,0.0,250.0,2307.0,2191.65,0.04999999999999993,109.58250000000001,3.886526000000001,-0.15306818872853956,-0.7010074840509425,112.76801851594907
614,0.05,1.0,0.3,0.3333333333333333,0.0,1.0,250.0,2307.0,1874.7205,0.18737732986562639,93.736025,3.324504353333334,-0.5154305912072779,-2.3605211830518997,94.70000817028144
615,0.05,1.0,0.3,0.3333333333333333,1.0,0.0,619.559380317206,2957.352794667372,2646.8969562671605,0.10497761341156797,130.37071388447194,4.623814652435938,-0.19621874109710413,-0.898624378864672,134.0959041580432
616,0.05,1.0,0.3,0.3333333333333333,1.0,1.0,619.559380317206,2957.352794667372,2329.9674562671603,0.212144232345731,116.49837281335802,4.131808955780431,-0.5585811435758424,-2.558138077865629,118.07204369127281
617,0.05,1.0,0.3,0.6666666666666666,0.0,0.0,250.0,2307.0,2191.65,0.04999999999999993,109.58250000000001,7.773052000000002,-0.15306818872853956,-0.7010074840509425,116.65454451594907
618,0.05,1.0,0.3,0.6666666666666666,0.0,1.0,250.0,2307.0,1874.7205,0.18737732986562639,93.736025,6.649008706666668,-0.5154305912072779,-2.3605211830518997,98.02451252361476
619,0.05,1.0,0.3,0.6666666666666666,1.0,0.0,619.559380317206,2957.352794667372,2646.8969562671605,0.10497761341156797,130.37071388447194,9.247629304871875,-0.19621874109710413,-0.898624378864672,138.71971881047915
620,0.05,1.0,0.3,0.6666666666666666,1.0,1.0,619.559380317206,2957.352794667372,2329.9674562671603,0.212144232345731,116.49837281335802,8.263617911560862,-0.5585811435758424,-2.558138077865629,122.20385264705324
621,0.05,1.0,0.3,1.0,0.0,0.0,250.0,2307.0,2191.65,0.04999999999999993,109.58250000000001,11.659578000000002,-0.15306818872853956,-0.7010074840509425,120.54107051594906
622,0.05,1.0,0.3,1.0,0.0,1.0,250.0,2307.0,1874.7205,0.18737732986562639,93.736025,9.973513060000002,-0.5154305912072779,-2.3605211830518997,101.3490168769481
623,0.05,1.0,0.3,1.0,1.0,0.0,619.559380317206,2957.352794667372,2646.8969562671605,0.10497761341156797,130.37071388447194,13.871443957307816,-0.19621874109710413,-0.898624378864672,143.34353346291508
624,0.05,1.0,0.3,1.0,1.0,1.0,619.559380317206,2957.352794667372,2329.9674562671603,0.212144232345731,116.49837281335802,12.395426867341294,-0.5585811435758424,-2.558138077865629,126.33566160283368
625,0.05,1.0,0.5,0.0,0.0,0.0,250.0,2307.0,2191.65,0.04999999999999993,109.58250000000001,0.0,-0.15306818872853956,-0.7010074840509425,108.88149251594906
626,0.05,1.0,0.5,0.0,0.0,1.0,250.0,2307.0,1874.7205,0.18737732986562639,93.736025,0.0,-0.5154305912072779,-2.3605211830518997,91.3755038169481
627,0.05,1.0,0.5,0.0,1.0,0.0,619.559380317206,2957.352794667372,2516.826397333686,0.14895970414082238,123.86718593779821,0.0,-0.19621874109710413,-0.898624378864672,122.96856155893354
628,0.05,1.0,0.5,0.0,1.0,1.0,619.559380317206,2957.352794667372,2199.896897333686,0.2561263230749854,109.9948448666843,0.0,-0.5585811435758424,-2.558138077865629,107.43670678881867
629,0.05,1.0,0.5,0.3333333333333333,0.0,0.0,250.0,2307.0,2191.65,0.04999999999999993,109.58250000000001,3.886526000000001,-0.15306818872853956,-0.7010074840509425,112.76801851594907
630,0.05,1.0,0.5,0.3333333333333333,0.0,1.0,250.0,2307.0,1874.7205,0.18737732986562639,93.736025,3.324504353333334,-0.5154305912072779,-2.3605211830518997,94.70000817028144
631,0.05,1.0,0.5,0.3333333333333333,1.0,0.0,619.559380317206,2957.352794667372,2516.826397333686,0.14895970414082238,123.86718593779821,4.393156194593909,-0.19621874109710413,-0.898624378864672,127.36171775352744
632,0.05,1.0,0.5,0.3333333333333333,1.0,1.0,619.559380317206,2957.352794667372,2199.896897333686,0.2561263230749854,109.9948448666843,3.901150497938403,-0.5585811435758424,-2.558138077865629,111.33785728675707
633,0.05,1.0,0.5,0.6666666666666666,0.0,0.0,250.0,2307.0,2191.65,0.04999999999999993,109.58250000000001,7.773052000000002,-0.15306818872853956,-0.7010074840509425,116.65454451594907
634,0.05,1.0,0.5,0.6666666666666666,0.0,1.0,250.0,2307.0,1874.7205,0.18737732986562639,93.736025,6.649008706666668,-0.5154305912072779,-2.3605211830518997,98.02451252361476
635,0.05,1.0,0.5,0.6666666666666666,1.0,0.0,619.559380317206,2957.352794667372,2516.826397333686,0.14895970414082238,123.86718593779821,8.786312389187819,-0.19621874109710413,-0.898624378864672,131.75487394812137
636,0.05,1.0,0.5,0.6666666666666666,1.0,1.0,619.559380317206,2957.352794667372,2199.896897333686,0.2561263230749854,109.9948448666843,7.802300995876806,-0.5585811435758424,-2.558138077865629,115.23900778469547
637,0.05,1.0,0.5,1.0,0.0,0.0,250.0,2307.0,2191.65,0.04999999999999993,109.58250000000001,11.659578000000002,-0.15306818872853956,-0.7010074840509425,120.54107051594906
638,0.05,1.0,0.5,1.0,0.0,1.0,250.0,2307.0,1874.7205,0.18737732986562639,93.736025,9.973513060000002,-0.5154305912072779,-2.3605211830518997,101.3490168769481
639,0.05,1.0,0.5,1.0,1.0,0.0,619.559380317206,2957.352794667372,2516.826397333686,0.14895970414082238,123.86718593779821,13.17946858378173,-0.19621874109710413,-0.898624378864672,136.14803014271527
640,0.05,1.0,0.5,1.0,1.0,1.0,619.559380317206,2957.352794667372,2199.896897333686,0.2561263230749854,109.9948448666843,11.70345149381521,-0.5585811435758424,-2.558138077865629,119.14015828263388
641,0.1,0.0,0.1,0.0,0.0,0.0,250.0,2307.0,2076.3,0.09999999999999987,103.81500000000001,0.0,-0.0,-0.0,103.81500000000001
642,0.1,0.0,0.1,0.0,0.0,1.0,250.0,2307.0,1776.051,0.230146944083225,88.80255,0.0,-0.3623624024787383,-1.6595136990009574,87.14303630099904
643,0.1,0.0,0.1,0.0,1.0,0.0,619.559380317206,2957.352794667372,2661.6175152006354,0.09999999999999987,131.10674183114568,0.0,-0.0,-0.0,131.10674183114568
644,0.1,0.0,0.1,0.0,1.0,1.0,619.559380317206,2957.352794667372,2361.3685152006346,0.20152627056920702,118.06842576003174,0.0,-0.3623624024787383,-1.6595136990009574,116.40891206103079
645,0.1,0.0,0.1,0.3333333333333333,0.0,0.0,250.0,2307.0,2076.3,0.09999999999999987,103.81500000000001,3.681972000000001,-0.0,-0.0,107.49697200000001
646,0.1,0.0,0.1,0.3333333333333333,0.0,1.0,250.0,2307.0,1776.051,0.230146944083225,88.80255,3.14953044,-0.3623624024787383,-1.6595136990009574,90.29256674099905
647,0.1,0.0,0.1,0.3333333333333333,1.0,0.0,619.559380317206,2957.352794667372,2661.6175152006354,0.09999999999999987,131.10674183114568,4.649919110277967,-0.0,-0.0,135.75666094142366
648,0.1,0.0,0.1,0.3333333333333333,1.0,1.0,619.559380317206,2957.352794667372,2361.3685152006346,0.20152627056920702,118.06842576003174,4.187493500289126,-0.3623624024787383,-1.6595136990009574,120.59640556131991
649,0.1,0.0,0.1,0.6666666666666666,0.0,0.0,250.0,2307.0,2076.3,0.09999999999999987,103.81500000000001,7.363944000000002,-0.0,-0.0,111.17894400000002
650,0.1,0.0,0.1,0.6666666666666666,0.0,1.0,250.0,2307.0,1776.051,0.230146944083225,88.80255,6.29906088,-0.3623624024787383,-1.6595136990009574,93.44209718099904
651,0.1,0.0,0.1,0.6666666666666666,1.0,0.0,619.559380317206,2957.352794667372,2661.6175152006354,0.09999999999999987,131.10674183114568,9.299838220555934,-0.0,-0.0,140.4065800517016
652,0.1,0.0,0.1,0.6666666666666666,1.0,1.0,619.559380317206,2957.352794667372,2361.3685152006346,0.20152627056920702,118.06842576003174,8.374987000578251,-0.3623624024787383,-1.6595136990009574,124.78389906160903
653,0.1,0.0,0.1,1.0,0.0,0.0,250.0,2307.0,2076.3,0.09999999999999987,103.81500000000001,11.045916000000004,-0.0,-0.0,114.86091600000002
654,0.1,0.0,0.1,1.0,0.0,1.0,250.0,2307.0,1776.051,0.230146944083225,88.80255,9.44859132,-0.3623624024787383,-1.6595136990009574,96.59162762099905
655,0.1,0.0,0.1,1.0,1.0,0.0,619.559380317206,2957.352794667372,2661.6175152006354,0.09999999999999987,131.10674183114568,13.9497573308339,-0.0,-0.0,145.0564991619796
656,0.1,0.0,0.1,1.0,1.0,1.0,619.559380317206,2957.352794667372,2361.3685152006346,0.20152627056920702,118.06842576003174,12.562480500867379,-0.3623624024787383,-1.6595136990009574,128.97139256189814
657,0.1,0.0,0.2,0.0,0.0,0.0,250.0,2307.0,2076.3,0.09999999999999987,103.81500000000001,0.0,-0.0,-0.0,103.81500000000001
658,0.1,0.0,0.2,0.0,0.0,1.0,250.0,2307.0,1776.051,0.230146944083225,88.80255,0.0,-0.3623624024787383,-1.6595136990009574,87.14303630099904
659,0.1,0.0,0.2,0.0,1.0,0.0,619.559380317206,2957.352794667372,2596.582235733898,0.12199104536462713,127.8549778578088,0.0,-0.0,-0.0,127.8549778578088
660,0.1,0.0,0.2,0.0,1.0,1.0,619.559380317206,2957.352794667372,2296.3332357338977,0.22351731593383417,114.8166617866949,0.0,-0.3623624024787383,-1.6595136990009574,113.15714808769394
661,0.1,0.0,0.2,0.3333333333333333,0.0,0.0,250.0,2307.0,2076.3,0.09999999999999987,103.81500000000001,3.681972000000001,-0.0,-0.0,107.49697200000001
662,0.1,0.0,0.2,0.3333333333333333,0.0,1.0,250.0,2307.0,1776.051,0.230146944083225,88.80255,3.14953044,-0.3623624024787383,-1.6595136990009574,90.29256674099905
663,0.1,0.0,0.2,0.3333333333333333,1.0,0.0,619.559380317206,2957.352794667372,2596.582235733898,0.12199104536462713,127.8549778578088,4.534589881356952,-0.0,-0.0,132.38956773916576
664,0.1,0.0,0.2,0.3333333333333333,1.0,1.0,619.559380317206,2957.352794667372,2296.3332357338977,0.22351731593383417,114.8166617866949,4.072164271368112,-0.3623624024787383,-1.6595136990009574,117.22931235906205
665,0.1,0.0,0.2,0.6666666666666666,0.0,0.0,250.0,2307.0,2076.3,0.09999999999999987,103.81500000000001,7.363944000000002,-0.0,-0.0,111.17894400000002
666,0.1,0.0,0.2,0.6666666666666666,0.0,1.0,250.0,2307.0,1776.051,0.230146944083225,88.80255,6.29906088,-0.3623624024787383,-1.6595136990009574,93.44209718099904
667,0.1,0.0,0.2,0.6666666666666666,1.0,0.0,619.559380317206,2957.352794667372,2596.582235733898,0.12199104536462713,127.8549778578088,9.069179762713905,-0.0,-0.0,136.92415762052272
668,0.1,0.0,0.2,0.6666666666666666,1.0,1.0,619.559380317206,2957.352794667372,2296.3332357338977,0.22351731593383417,114.8166617866949,8.144328542736224,-0.3623624024787383,-1.6595136990009574,121.30147663043016
669,0.1,0.0,0.2,1.0,0.0,0.0,250.0,2307.0,2076.3,0.09999999999999987,103.81500000000001,11.045916000000004,-0.0,-0.0,114.86091600000002
670,0.1,0.0,0.2,1.0,0.0,1.0,250.0,2307.0,1776.051,0.230146944083225,88.80255,9.44859132,-0.3623624024787383,-1.6595136990009574,96.59162762099905
671,0.1,0.0,0.2,1.0,1.0,0.0,619.559380317206,2957.352794667372,2596.582235733898,0.12199104536462713,127.8549778578088,13.603769644070859,-0.0,-0.0,141.45874750187966
672,0.1,0.0,0.2,1.0,1.0,1.0,619.559380317206,2957.352794667372,2296.3332357338977,0.22351731593383417,114.8166617866949,12.216492814104338,-0.3623624024787383,-1.6595136990009574,125.37364090179828
673,0.1,0.0,0.3,0.0,0.0,0.0,250.0,2307.0,2076.3,0.09999999999999987,103.81500000000001,0.0,-0.0,-0.0,103.81500000000001
674,0.1,0.0,0.3,0.0,0.0,1.0,250.0,2307.0,1776.051,0.230146944083225,88.80255,0.0,-0.3623624024787383,-1.6595136990009574,87.14303630099904
675,0.1,0.0,0.3,0.0,1.0,0.0,619.559380317206,2957.352794667372,2531.5469562671606,0.14398209072925439,124.60321388447193,0.0,-0.0,-0.0,124.60321388447193
676,0.1,0.0,0.3,0.0,1.0,1.0,619.559380317206,2957.352794667372,2231.2979562671603,0.24550836129846143,111.56489781335802,0.0,-0.3623624024787383,-1.6595136990009574,109.90538411435706
677,0.1,0.0,0.3,0.3333333333333333,0.0,0.0,250.0,2307.0,2076.3,0.09999999999999987,103.81500000000001,3.681972000000001,-0.0,-0.0,107.49697200000001
678,0.1,0.0,0.3,0.3333333333333333,0.0,1.0,250.0,2307.0,1776.051,0.230146944083225,88.80255,3.14953044,-0.3623624024787383,-1.6595136990009574,90.29256674099905
679,0.1,0.0,0.3,0.3333333333333333,1.0,0.0,619.559380317206,2957.352794667372,2531.5469562671606,0.14398209072925439,124.60321388447193,4.419260652435938,-0.0,-0.0,129.02247453690785
680,0.1,0.0,0.3,0.3333333333333333,1.0,1.0,619.559380317206,2957.352794667372,2231.2979562671603,0.24550836129846143,111.56489781335802,3.9568350424470973,-0.3623624024787383,-1.6595136990009574,113.86221915680416
681,0.1,0.0,0.3,0.6666666666666666,0.0,0.0,250.0,2307.0,2076.3,0.09999999999999987,103.81500000000001,7.363944000000002,-0.0,-0.0,111.17894400000002
682,0.1,0.0,0.3,0.6666666666666666,0.0,1.0,250.0,2307.0,1776.051,0.230146944083225,88.80255,6.29906088,-0.3623624024787383,-1.6595136990009574,93.44209718099904
683,0.1,0.0,0.3,0.6666666666666666,1.0,0.0,619.559380317206,2957.352794667372,2531.5469562671606,0.14398209072925439,124.60321388447193,8.838521304871875,-0.0,-0.0,133.4417351893438
684,0.1,0.0,0.3,0.6666666666666666,1.0,1.0,619.559380317206,2957.352794667372,2231.2979562671603,0.24550836129846143,111.56489781335802,7.9136700848941945,-0.3623624024787383,-1.6595136990009574,117.81905419925125
685,0.1,0.0,0.3,1.0,0.0,0.0,250.0,2307.0,2076.3,0.09999999999999987,103.81500000000001,11.045916000000004,-0.0,-0.0,114.86091600000002
686,0.1,0.0,0.3,1.0,0.0,1.0,250.0,2307.0,1776.051,0.230146944083225,88.80255,9.44859132,-0.3623624024787383,-1.6595136990009574,96.59162762099905
687,0.1,0.0,0.3,1.0,1.0,0.0,619.559380317206,2957.352794667372,2531.5469562671606,0.14398209072925439,124.60321388447193,13.257781957307815,-0.0,-0.0,137.86099584177975
688,0.1,0.0,0.3,1.0,1.0,1.0,619.559380317206,2957.352794667372,2231.2979562671603,0.24550836129846143,111.56489781335802,11.870505127341294,-0.3623624024787383,-1.6595136990009574,121.77588924169835
689,0.1,0.0,0.5,0.0,0.0,0.0,250.0,2307.0,2076.3,0.09999999999999987,103.81500000000001,0.0,-0.0,-0.0,103.81500000000001
690,0.1,0.0,0.5,0.0,0.0,1.0,250.0,2307.0,1776.051,0.230146944083225,88.80255,0.0,-0.3623624024787383,-1.6595136990009574,87.14303630099904
691,0.1,0.0,0.5,0.0,1.0,0.0,619.559380317206,2957.352794667372,2401.4763973336862,0.1879641814585088,118.09968593779821,0.0,-0.0,-0.0,118.09968593779821
692,0.1,0.0,0.5,0.0,1.0,1.0,619.559380317206,2957.352794667372,2101.227397333686,0.28949045202771584,105.0613698666843,0.0,-0.3623624024787383,-1.6595136990009574,103.40185616768335
693,0.1,0.0,0.5,0.3333333333333333,0.0,0.0,250.0,2307.0,2076.3,0.09999999999999987,103.81500000000001,3.681972000000001,-0.0,-0.0,107.49697200000001
694,0.1,0.0,0.5,0.3333333333333333,0.0,1.0,250.0,2307.0,1776.051,0.230146944083225,88.80255,3.14953044,-0.3623624024787383,-1.6595136990009574,90.29256674099905
695,0.1,0.0,0.5,0.3333333333333333,1.0,0.0,619.559380317206,2957.352794667372,2401.4763973336862,0.1879641814585088,118.09968593779821,4.18860219459391,-0.0,-0.0,122.28828813239213
696,0.1,0.0,0.5,0.3333333333333333,1.0,1.0,619.559380317206,2957.352794667372,2101.227397333686,0.28949045202771584,105.0613698666843,3.72617658460507,-0.3623624024787383,-1.6595136990009574,107.12803275228842
697,0.1,0.0,0.5,0.6666666666666666,0.0,0.0,250.0,2307.0,2076.3,0.09999999999999987,103.81500000000001,7.363944000000002,-0.0,-0.0,111.17894400000002
698,0.1,0.0,0.5,0.6666666666666666,0.0,1.0,250.0,2307.0,1776.051,0.230146944083225,88.80255,6.29906088,-0.3623624024787383,-1.6595136990009574,93.44209718099904
699,0.1,0.0,0.5,0.6666666666666666,1.0,0.0,619.559380317206,2957.352794667372,2401.4763973336862,0.1879641814585088,118.09968593779821,8.37720438918782,-0.0,-0.0,126.47689032698604
700,0.1,0.0,0.5,0.6666666666666666,1.0,1.0,619.559380317206,2957.352794667372,2101.227397333686,0.28949045202771584,105.0613698666843,7.45235316921014,-0.3623624024787383,-1.6595136990009574,110.85420933689349
701,0.1,0.0,0.5,1.0,0.0,0.0,250.0,2307.0,2076.3,0.09999999999999987,103.81500000000001,11.045916000000004,-0.0,-0.0,114.86091600000002
702,0.1,0.0,0.5,1.0,0.0,1.0,250.0,2307.0,1776.051,0.230146944083225,88.80255,9.44859132,-0.3623624024787383,-1.6595136990009574,96.59162762099905
703,0.1,0.0,0.5,1.0,1.0,0.0,619.559380317206,2957.352794667372,2401.4763973336862,0.1879641814585088,118.09968593779821,12.56580658378173,-0.0,-0.0,130.66549252157995
704,0.1,0.0,0.5,1.0,1.0,1.0,619.559380317206,2957.352794667372,2101.227397333686,0.28949045202771584,105.0613698666843,11.17852975381521,-0.3623624024787383,-1.6595136990009574,114.58038592149856
705,0.1,0.25,0.1,0.0,0.0,0.0,250.0,2307.0,2076.3,0.09999999999999987,103.81500000000001,0.0,-0.07653409436426978,-0.35050374202547124,103.46449625797455
706,0.1,0.25,0.1,0.0,0.0,1.0,250.0,2307.0,1776.051,0.230146944083225,88.80255,0.0,-0.4388964968430081,-2.0100174410264287,86.79253255897356
707,0.1,0.25,0.1,0.0,1.0,0.0,619.559380317206,2957.352794667372,2661.6175152006354,0.09999999999999987,131.10674183114568,0.0,-0.09810937054855207,-0.449312189432336,130.65742964171335
708,0.1,0.25,0.1,0.0,1.0,1.0,619.559380317206,2957.352794667372,2361.3685152006346,0.20152627056920702,118.06842576003174,0.0,-0.46047177302729037,-2.108825888433293,115.95959987159846
709,0.1,0.25,0.1,0.3333333333333333,0.0,0.0,250.0,2307.0,2076.3,0.09999999999999987,103.81500000000001,3.681972000000001,-0.07653409436426978,-0.35050374202547124,107.14646825797455
710,0.1,0.25,0.1,0.3333333333333333,0.0,1.0,250.0,2307.0,1776.051,0.230146944083225,88.80255,3.14953044,-0.4388964968430081,-2.0100174410264287,89.94206299897357
711,0.1,0.25,0.1,0.3333333333333333,1.0,0.0,619.559380317206,2957.352794667372,2661.6175152006354,0.09999999999999987,131.10674183114568,4.649919110277967,-0.09810937054855207,-0.449312189432336,135.30734875199133
712,0.1,0.25,0.1,0.3333333333333333,1.0,1.0,619.559380317206,2957.352794667372,2361.3685152006346,0.20152627056920702,118.06842576003174,4.187493500289126,-0.46047177302729037,-2.108825888433293,120.14709337188758
713,0.1,0.25,0.1,0.6666666666666666,0.0,0.0,250.0,2307.0,2076.3,0.09999999999999987,103.81500000000001,7.363944000000002,-0.07653409436426978,-0.35050374202547124,110.82844025797455
714,0.1,0.25,0.1,0.6666666666666666,0.0,1.0,250.0,2307.0,1776.051,0.230146944083225,88.80255,6.29906088,-0.4388964968430081,-2.0100174410264287,93.09159343897356
715,0.1,0.25,0.1,0.6666666666666666,1.0,0.0,619.559380317206,2957.352794667372,2661.6175152006354,0.09999999999999987,131.10674183114568,9.299838220555934,-0.09810937054855207,-0.449312189432336,139.95726786226928
716,0.1,0.25,0.1,0.6666666666666666,1.0,1.0,619.559380317206,2957.352794667372,2361.3685152006346,0.20152627056920702,118.06842576003174,8.374987000578251,-0.46047177302729037,-2.108825888433293,124.3345868721767
717,0.1,0.25,0.1,1.0,0.0,0.0,250.0,2307.0,2076.3,0.09999999999999987,103.81500000000001,11.045916000000004,-0.07653409436426978,-0.35050374202547124,114.51041225797455
718,0.1,0.25,0.1,1.0,0.0,1.0,250.0,2307.0,1776.051,0.230146944083225,88.80255,9.44859132,-0.4388964968430081,-2.0100174410264287,96.24112387897357
719,0.1,0.25,0.1,1.0,1.0,0.0,619.559380317206,2957.352794667372,2661.6175152006354,0.09999999999999987,131.10674183114568,13.9497573308339,-0.09810937054855207,-0.449312189432336,144.60718697254725
720,0.1,0.25,0.1,1.0,1.0,1.0,619.559380317206,2957.352794667372,2361.3685152006346,0.20152627056920702,118.06842576003174,12.562480500867379,-0.46047177302729037,-2.108825888433293,128.5220803724658
721,0.1,0.25,0.2,0.0,0.0,0.0,250.0,2307.0,2076.3,0.09999999999999987,103.81500000000001,0.0,-0.07653409436426978,-0.35050374202547124,103.46449625797455
722,0.1,0.25,0.2,0.0,0.0,1.0,250.0,2307.0,1776.051,0.230146944083225,88.80255,0.0,-0.4388964968430081,-2.0100174410264287,86.79253255897356
723,0.1,0.25,0.2,0.0,1.0,0.0,619.559380317206,2957.352794667372,2596.582235733898,0.12199104536462713,127.8549778578088,0.0,-0.09810937054855207,-0.449312189432336,127.40566566837647
724,0.1,0.25,0.2,0.0,1.0,1.0,619.559380317206,2957.352794667372,2296.3332357338977,0.22351731593383417,114.8166617866949,0.0,-0.46047177302729037,-2.108825888433293,112.7078358982616
725,0.1,0.25,0.2,0.3333333333333333,0.0,0.0,250.0,2307.0,2076.3,0.09999999999999987,103.81500000000001,3.681972000000001,-0.07653409436426978,-0.35050374202547124,107.14646825797455
726,0.1,0.25,0.2,0.3333333333333333,0.0,1.0,250.0,2307.0,1776.051,0.230146944083225,88.80255,3.14953044,-0.4388964968430081,-2.0100174410264287,89.94206299897357
727,0.1,0.25,0.2,0.3333333333333333,1.0,0.0,619.559380317206,2957.352794667372,2596.582235733898,0.12199104536462713,127.8549778578088,4.534589881356952,-0.09810937054855207,-0.449312189432336,131.94025554973342
728,0.1,0.25,0.2,0.3333333333333333,1.0,1.0,619.559380317206,2957.352794667372,2296.3332357338977,0.22351731593383417,114.8166617866949,4.072164271368112,-0.46047177302729037,-2.108825888433293,116.78000016962972
729,0.1,0.25,0.2,0.6666666666666666,0.0,0.0,250.0,2307.0,2076.3,0.09999999999999987,103.81500000000001,7.363944000000002,-0.07653409436426978,-0.35050374202547124,110.82844025797455
730,0.1,0.25,0.2,0.6666666666666666,0.0,1.0,250.0,2307.0,1776.051,0.230146944083225,88.80255,6.29906088,-0.4388964968430081,-2.0100174410264287,93.09159343897356
731,0.1,0.25,0.2,0.6666666666666666,1.0,0.0,619.559380317206,2957.352794667372,2596.582235733898,0.12199104536462713,127.8549778578088,9.069179762713905,-0.09810937054855207,-0.449312189432336,136.4748454310904
732,0.1,0.25,0.2,0.6666666666666666,1.0,1.0,619.559380317206,2957.352794667372,2296.3332357338977,0.22351731593383417,114.8166617866949,8.144328542736224,-0.46047177302729037,-2.108825888433293,120.85216444099783
733,0.1,0.25,0.2,1.0,0.0,0.0,250.0,2307.0,2076.3,0.09999999999999987,103.81500000000001,11.045916000000004,-0.07653409436426978,-0.35050374202547124,114.51041225797455
734,0.1,0.25,0.2,1.0,0.0,1.0,250.0,2307.0,1776.051,0.230146944083225,88.80255,9.44859132,-0.4388964968430081,-2.0100174410264287,96.24112387897357
735,0.1,0.25,0.2,1.0,1.0,0.0,619.559380317206,2957.352794667372,2596.582235733898,0.12199104536462713,127.8549778578088,13.603769644070859,-0.09810937054855207,-0.449312189432336,141.00943531244732
736,0.1,0.25,0.2,1.0,1.0,1.0,619.559380317206,2957.352794667372,2296.3332357338977,0.22351731593383417,114.8166617866949,12.216492814104338,-0.46047177302729037,-2.108825888433293,124.92432871236595
737,0.1,0.25,0.3,0.0,0.0,0.0,250.0,2307.0,2076.3,0.09999999999999987,103.81500000000001,0.0,-0.07653409436426978,-0.35050374202547124,103.46449625797455
738,0.1,0.25,0.3,0.0,0.0,1.0,250.0,2307.0,1776.051,0.230146944083225,88.80255,0.0,-0.4388964968430081,-2.0100174410264287,86.79253255897356
739,0.1,0.25,0.3,0.0,1.0,0.0,619.559380317206,2957.352794667372,2531.5469562671606,0.14398209072925439,124.60321388447193,0.0,-0.09810937054855207,-0.449312189432336,124.1539016950396
740,0.1,0.25,0.3,0.0,1.0,1.0,619.559380317206,2957.352794667372,2231.2979562671603,0.24550836129846143,111.56489781335802,0.0,-0.46047177302729037,-2.108825888433293,109.45607192492473
741,0.1,0.25,0.3,0.3333333333333333,0.0,0.0,250.0,2307.0,2076.3,0.09999999999999987,103.81500000000001,3.681972000000001,-0.07653409436426978,-0.35050374202547124,107.14646825797455
742,0.1,0.25,0.3,0.3333333333333333,0.0,1.0,250.0,2307.0,1776.051,0.230146944083225,88.80255,3.14953044,-0.4388964968430081,-2.0100174410264287,89.94206299897357
743,0.1,0.25,0.3,0.3333333333333333,1.0,0.0,619.559380317206,2957.352794667372,2531.5469562671606,0.14398209072925439,124.60321388447193,4.419260652435938,-0.09810937054855207,-0.449312189432336,128.57316234747552
744,0.1,0.25,0.3,0.3333333333333333,1.0,1.0,619.559380317206,2957.352794667372,2231.2979562671603,0.24550836129846143,111.56489781335802,3.9568350424470973,-0.46047177302729037,-2.108825888433293,113.41290696737182
745,0.1,0.25,0.3,0.6666666666666666,0.0,0.0,250.0,2307.0,2076.3,0.09999999999999987,103.81500000000001,7.363944000000002,-0.07653409436426978,-0.35050374202547124,110.82844025797455
746,0.1,0.25,0.3,0.6666666666666666,0.0,1.0,250.0,2307.0,1776.051,0.230146944083225,88.80255,6.29906088,-0.4388964968430081,-2.0100174410264287,93.09159343897356
747,0.1,0.25,0.3,0.6666666666666666,1.0,0.0,619.559380317206,2957.352794667372,2531.5469562671606,0.14398209072925439,124.60321388447193,8.838521304871875,-0.09810937054855207,-0.449312189432336,132.99242299991147
748,0.1,0.25,0.3,0.6666666666666666,1.0,1.0,619.559380317206,2957.352794667372,2231.2979562671603,0.24550836129846143,111.56489781335802,7.9136700848941945,-0.46047177302729037,-2.108825888433293,117.36974200981892
749,0.1,0.25,0.3,1.0,0.0,0.0,250.0,2307.0,2076.3,0.09999999999999987,103.81500000000001,11.045916000000004,-0.07653409436426978,-0.35050374202547124,114.51041225797455
750,0.1,0.25,0.3,1.0,0.0,1.0,250.0,2307.0,1776.051,0.230146944083225,88.80255,9.44859132,-0.4388964968430081,-2.0100174410264287,96.24112387897357
751,0.1,0.25,0.3,1.0,1.0,0.0,619.559380317206,2957.352794667372,2531.5469562671606,0.14398209072925439,124.60321388447193,13.257781957307815,-0.09810937054855207,-0.449312189432336,137.41168365234742
752,0.1,0.25,0.3,1.0,1.0,1.0,619.559380317206,2957.352794667372,2231.2979562671603,0.24550836129846143,111.56489781335802,11.870505127341294,-0.46047177302729037,-2.108825888433293,121.32657705226602
753,0.1,0.25,0.5,0.0,0.0,0.0,250.0,2307.0,2076.3,0.09999999999999987,103.81500000000001,0.0,-0.07653409436426978,-0.35050374202547124,103.46449625797455
754,0.1,0.25,0.5,0.0,0.0,1.0,250.0,2307.0,1776.051,0.230146944083225,88.80255,0.0,-0.4388964968430081,-2.0100174410264287,86.79253255897356
755,0.1,0.25,0.5,0.0,1.0,0.0,619.559380317206,2957.352794667372,2401.4763973336862,0.1879641814585088,118.09968593779821,0.0,-0.09810937054855207,-0.449312189432336,117.65037374836588
756,0.1,0.25,0.5,0.0,1.0,1.0,619.559380317206,2957.352794667372,2101.227397333686,0.28949045202771584,105.0613698666843,0.0,-0.46047177302729037,-2.108825888433293,102.95254397825101
757,0.1,0.25,0.5,0.3333333333333333,0.0,0.0,250.0,2307.0,2076.3,0.09999999999999987,103.81500000000001,3.681972000000001,-0.07653409436426978,-0.35050374202547124,107.14646825797455
758,0.1,0.25,0.5,0.3333333333333333,0.0,1.0,250.0,2307.0,1776.051,0.230146944083225,88.80255,3.14953044,-0.4388964968430081,-2.0100174410264287,89.94206299897357
759,0.1,0.25,0.5,0.3333333333333333,1.0,0.0,619.559380317206,2957.352794667372,2401.4763973336862,0.1879641814585088,118.09968593779821,4.18860219459391,-0.09810937054855207,-0.449312189432336,121.83897594295979
760,0.1,0.25,0.5,0.3333333333333333,1.0,1.0,619.559380317206,2957.352794667372,2101.227397333686,0.28949045202771584,105.0613698666843,3.72617658460507,-0.46047177302729037,-2.108825888433293,106.67872056285609
761,0.1,0.25,0.5,0.6666666666666666,0.0,0.0,250.0,2307.0,2076.3,0.09999999999999987,103.81500000000001,7.363944000000002,-0.07653409436426978,-0.35050374202547124,110.82844025797455
762,0.1,0.25,0.5,0.6666666666666666,0.0,1.0,250.0,2307.0,1776.051,0.230146944083225,88.80255,6.29906088,-0.4388964968430081,-2.0100174410264287,93.09159343897356
763,0.1,0.25,0.5,0.6666666666666666,1.0,0.0,619.559380317206,2957.352794667372,2401.4763973336862,0.1879641814585088,118.09968593779821,8.37720438918782,-0.09810937054855207,-0.449312189432336,126.0275781375537
764,0.1,0.25,0.5,0.6666666666666666,1.0,1.0,619.559380317206,2957.352794667372,2101.227397333686,0.28949045202771584,105.0613698666843,7.45235316921014,-0.46047177302729037,-2.108825888433293,110.40489714746116
765,0.1,0.25,0.5,1.0,0.0,0.0,250.0,2307.0,2076.3,0.09999999999999987,103.81500000000001,11.045916000000004,-0.07653409436426978,-0.35050374202547124,114.51041225797455
766,0.1,0.25,0.5,1.0,0.0,1.0,250.0,2307.0,1776.051,0.230146944083225,88.80255,9.44859132,-0.4388964968430081,-2.0100174410264287,96.24112387897357
767,0.1,0.25,0.5,1.0,1.0,0.0,619.559380317206,2957.352794667372,2401.4763973336862,0.1879641814585088,118.09968593779821,12.56580658378173,-0.09810937054855207,-0.449312189432336,130.21618033214762
768,0.1,0.25,0.5,1.0,1.0,1.0,619.559380317206,2957.352794667372,2101.227397333686,0.28949045202771584,105.0613698666843,11.17852975381521,-0.46047177302729037,-2.108825888433293,114.13107373206623
769,0.1,0.5,0.1,0.0,0.0,0.0,250.0,2307.0,2076.3,0.09999999999999987,103.81500000000001,0.0,-0.15306818872853956,-0.7010074840509425,103.11399251594906
770,0.1,0.5,0.1,0.0,0.0,1.0,250.0,2307.0,1776.051,0.230146944083225,88.80255,0.0,-0.5154305912072779,-2.3605211830518997,86.4420288169481
771,0.1,0.5,0.1,0.0,1.0,0.0,619.559380317206,2957.352794667372,2661.6175152006354,0.09999999999999987,131.10674183114568,0.0,-0.19621874109710413,-0.898624378864672,130.20811745228102
772,0.1,0.5,0.1,0.0,1.0,1.0,619.559380317206,2957.352794667372,2361.3685152006346,0.20152627056920702,118.06842576003174,0.0,-0.5585811435758424,-2.558138077865629,115.51028768216611
773,0.1,0.5,0.1,0.3333333333333333,0.0,0.0,250.0,2307.0,2076.3,0.09999999999999987,103.81500000000001,3.681972000000001,-0.15306818872853956,-0.7010074840509425,106.79596451594907
774,0.1,0.5,0.1,0.3333333333333333,0.0,1.0,250.0,2307.0,1776.051,0.230146944083225,88.80255,3.14953044,-0.5154305912072779,-2.3605211830518997,89.5915592569481
775,0.1,0.5,0.1,0.3333333333333333,1.0,0.0,619.559380317206,2957.352794667372,2661.6175152006354,0.09999999999999987,131.10674183114568,4.649919110277967,-0.19621874109710413,-0.898624378864672,134.858036562559
776,0.1,0.5,0.1,0.3333333333333333,1.0,1.0,619.559380317206,2957.352794667372,2361.3685152006346,0.20152627056920702,118.06842576003174,4.187493500289126,-0.5585811435758424,-2.558138077865629,119.69778118245523
777,0.1,0.5,0.1,0.6666666666666666,0.0,0.0,250.0,2307.0,2076.3,0.09999999999999987,103.81500000000001,7.363944000000002,-0.15306818872853956,-0.7010074840509425,110.47793651594907
778,0.1,0.5,0.1,0.6666666666666666,0.0,1.0,250.0,2307.0,1776.051,0.230146944083225,88.80255,6.29906088,-0.5154305912072779,-2.3605211830518997,92.7410896969481
779,0.1,0.5,0.1,0.6666666666666666,1.0,0.0,619.559380317206,2957.352794667372,2661.6175152006354,0.09999999999999987,131.10674183114568,9.299838220555934,-0.19621874109710413,-0.898624378864672,139.50795567283694
780,0.1,0.5,0.1,0.6666666666666666,1.0,1.0,619.559380317206,2957.352794667372,2361.3685152006346,0.20152627056920702,118.06842576003174,8.374987000578251,-0.5585811435758424,-2.558138077865629,123.88527468274435
781,0.1,0.5,0.1,1.0,0.0,0.0,250.0,2307.0,2076.3,0.09999999999999987,103.81500000000001,11.045916000000004,-0.15306818872853956,-0.7010074840509425,114.15990851594907
782,0.1,0.5,0.1,1.0,0.0,1.0,250.0,2307.0,1776.051,0.230146944083225,88.80255,9.44859132,-0.5154305912072779,-2.3605211830518997,95.8906201369481
783,0.1,0.5,0.1,1.0,1.0,0.0,619.559380317206,2957.352794667372,2661.6175152006354,0.09999999999999987,131.10674183114568,13.9497573308339,-0.19621874109710413,-0.898624378864672,144.15787478311492
784,0.1,0.5,0.1,1.0,1.0,1.0,619.559380317206,2957.352794667372,2361.3685152006346,0.20152627056920702,118.06842576003174,12.562480500867379,-0.5585811435758424,-2.558138077865629,128.07276818303347
785,0.1,0.5,0.2,0.0,0.0,0.0,250.0,2307.0,2076.3,0.09999999999999987,103.81500000000001,0.0,-0.15306818872853956,-0.7010074840509425,103.11399251594906
786,0.1,0.5,0.2,0.0,0.0,1.0,250.0,2307.0,1776.051,0.230146944083225,88.80255,0.0,-0.5154305912072779,-2.3605211830518997,86.4420288169481
787,0.1,0.5,0.2,0.0,1.0,0.0,619.559380317206,2957.352794667372,2596.582235733898,0.12199104536462713,127.8549778578088,0.0,-0.19621874109710413,-0.898624378864672,126.95635347894414
788,0.1,0.5,0.2,0.0,1.0,1.0,619.559380317206,2957.352794667372,2296.3332357338977,0.22351731593383417,114.8166617866949,0.0,-0.5585811435758424,-2.558138077865629,112.25852370882926
789,0.1,0.5,0.2,0.3333333333333333,0.0,0.0,250.0,2307.0,2076.3,0.09999999999999987,103.81500000000001,3.681972000000001,-0.15306818872853956,-0.7010074840509425,106.79596451594907
790,0.1,0.5,0.2,0.3333333333333333,0.0,1.0,250.0,2307.0,1776.051,0.230146944083225,88.80255,3.14953044,-0.5154305912072779,-2.3605211830518997,89.5915592569481
791,0.1,0.5,0.2,0.3333333333333333,1.0,0.0,619.559380317206,2957.352794667372,2596.582235733898,0.12199104536462713,127.8549778578088,4.534589881356952,-0.19621874109710413,-0.898624378864672,131.4909433603011
792,0.1,0.5,0.2,0.3333333333333333,1.0,1.0,619.559380317206,2957.352794667372,2296.3332357338977,0.22351731593383417,114.8166617866949,4.072164271368112,-0.5585811435758424,-2.558138077865629,116.33068798019737
793,0.1,0.5,0.2,0.6666666666666666,0.0,0.0,250.0,2307.0,2076.3,0.09999999999999987,103.81500000000001,7.363944000000002,-0.15306818872853956,-0.7010074840509425,110.47793651594907
794,0.1,0.5,0.2,0.6666666666666666,0.0,1.0,250.0,2307.0,1776.051,0.230146944083225,88.80255,6.29906088,-0.5154305912072779,-2.3605211830518997,92.7410896969481
795,0.1,0.5,0.2,0.6666666666666666,1.0,0.0,619.559380317206,2957.352794667372,2596.582235733898,0.12199104536462713,127.8549778578088,9.069179762713905,-0.19621874109710413,-0.898624378864672,136.02553324165805
796,0.1,0.5,0.2,0.6666666666666666,1.0,1.0,619.559380317206,2957.352794667372,2296.3332357338977,0.22351731593383417,114.8166617866949,8.144328542736224,-0.5585811435758424,-2.558138077865629,120.40285225156548
797,0.1,0.5,0.2,1.0,0.0,0.0,250.0,2307.0,2076.3,0.09999999999999987,103.81500000000001,11.045916000000004,-0.15306818872853956,-0.7010074840509425,114.15990851594907
798,0.1,0.5,0.2,1.0,0.0,1.0,250.0,2307.0,1776.051,0.230146944083225,88.80255,9.44859132,-0.5154305912072779,-2.3605211830518997,95.8906201369481
799,0.1,0.5,0.2,1.0,1.0,0.0,619.559380317206,2957.352794667372,2596.582235733898,0.12199104536462713,127.8549778578088,13.603769644070859,-0.19621874109710413,-0.898624378864672,140.560123123015
800,0.1,0.5,0.2,1.0,1.0,1.0,619.559380317206,2957.352794667372,2296.3332357338977,0.22351731593383417,114.8166617866949,12.216492814104338,-0.5585811435758424,-2.558138077865629,124.4750165229336
801,0.1,0.5,0.3,0.0,0.0,0.0,250.0,2307.0,2076.3,0.09999999999999987,103.81500000000001,0.0,-0.15306818872853956,-0.7010074840509425,103.11399251594906
802,0.1,0.5,0.3,0.0,0.0,1.0,250.0,2307.0,1776.051,0.230146944083225,88.80255,0.0,-0.5154305912072779,-2.3605211830518997,86.4420288169481
803,0.1,0.5,0.3,0.0,1.0,0.0,619.559380317206,2957.352794667372,2531.5469562671606,0.14398209072925439,124.60321388447193,0.0,-0.19621874109710413,-0.898624378864672,123.70458950560726
804,0.1,0.5,0.3,0.0,1.0,1.0,619.559380317206,2957.352794667372,2231.2979562671603,0.24550836129846143,111.56489781335802,0.0,-0.5585811435758424,-2.558138077865629,109.00675973549238
805,0.1,0.5,0.3,0.3333333333333333,0.0,0.0,250.0,2307.0,2076.3,0.09999999999999987,103.81500000000001,3.681972000000001,-0.15306818872853956,-0.7010074840509425,106.79596451594907
806,0.1,0.5,0.3,0.3333333333333333,0.0,1.0,250.0,2307.0,1776.051,0.230146944083225,88.80255,3.14953044,-0.5154305912072779,-2.3605211830518997,89.5915592569481
807,0.1,0.5,0.3,0.3333333333333333,1.0,0.0,619.559380317206,2957.352794667372,2531.5469562671606,0.14398209072925439,124.60321388447193,4.419260652435938,-0.19621874109710413,-0.898624378864672,128.12385015804318
808,0.1,0.5,0.3,0.3333333333333333,1.0,1.0,619.559380317206,2957.352794667372,2231.2979562671603,0.24550836129846143,111.56489781335802,3.9568350424470973,-0.5585811435758424,-2.558138077865629,112.96359477793948
809,0.1,0.5,0.3,0.6666666666666666,0.0,0.0,250.0,2307.0,2076.3,0.09999999999999987,103.81500000000001,7.363944000000002,-0.15306818872853956,-0.7010074840509425,110.47793651594907
810,0.1,0.5,0.3,0.6666666666666666,0.0,1.0,250.0,2307.0,1776.051,0.230146944083225,88.80255,6.29906088,-0.5154305912072779,-2.3605211830518997,92.7410896969481
811,0.1,0.5,0.3,0.6666666666666666,1.0,0.0,619.559380317206,2957.352794667372,2531.5469562671606,0.14398209072925439,124.60321388447193,8.838521304871875,-0.19621874109710413,-0.898624378864672,132.54311081047913
812,0.1,0.5,0.3,0.6666666666666666,1.0,1.0,619.559380317206,2957.352794667372,2231.2979562671603,0.24550836129846143,111.56489781335802,7.9136700848941945,-0.5585811435758424,-2.558138077865629,116.92042982038657
813,0.1,0.5,0.3,1.0,0.0,0.0,250.0,2307.0,2076.3,0.09999999999999987,103.81500000000001,11.045916000000004,-0.15306818872853956,-0.7010074840509425,114.15990851594907
814,0.1,0.5,0.3,1.0,0.0,1.0,250.0,2307.0,1776.051,0.230146944083225,88.80255,9.44859132,-0.5154305912072779,-2.3605211830518997,95.8906201369481
815,0.1,0.5,0.3,1.0,1.0,0.0,619.559380317206,2957.352794667372,2531.5469562671606,0.14398209072925439,124.60321388447193,13.257781957307815,-0.19621874109710413,-0.898624378864672,136.9623714629151
816,0.1,0.5,0.3,1.0,1.0,1.0,619.559380317206,2957.352794667372,2231.2979562671603,0.24550836129846143,111.56489781335802,11.870505127341294,-0.5585811435758424,-2.558138077865629,120.87726486283367
817,0.1,0.5,0.5,0.0,0.0,0.0,250.0,2307.0,2076.3,0.09999999999999987,103.81500000000001,0.0,-0.15306818872853956,-0.7010074840509425,103.11399251594906
818,0.1,0.5,0.5,0.0,0.0,1.0,250.0,2307.0,1776.051,0.230146944083225,88.80255,0.0,-0.5154305912072779,-2.3605211830518997,86.4420288169481
819,0.1,0.5,0.5,0.0,1.0,0.0,619.559380317206,2957.352794667372,2401.4763973336862,0.1879641814585088,118.09968593779821,0.0,-0.19621874109710413,-0.898624378864672,117.20106155893355
820,0.1,0.5,0.5,0.0,1.0,1.0,619.559380317206,2957.352794667372,2101.227397333686,0.28949045202771584,105.0613698666843,0.0,-0.5585811435758424,-2.558138077865629,102.50323178881867
821,0.1,0.5,0.5,0.3333333333333333,0.0,0.0,250.0,2307.0,2076.3,0.09999999999999987,103.81500000000001,3.681972000000001,-0.15306818872853956,-0.7010074840509425,106.79596451594907
822,0.1,0.5,0.5,0.3333333333333333,0.0,1.0,250.0,2307.0,1776.051,0.230146944083225,88.80255,3.14953044,-0.5154305912072779,-2.3605211830518997,89.5915592569481
823,0.1,0.5,0.5,0.3333333333333333,1.0,0.0,619.559380317206,2957.352794667372,2401.4763973336862,0.1879641814585088,118.09968593779821,4.18860219459391,-0.19621874109710413,-0.898624378864672,121.38966375352746
824,0.1,0.5,0.5,0.3333333333333333,1.0,1.0,619.559380317206,2957.352794667372,2101.227397333686,0.28949045202771584,105.0613698666843,3.72617658460507,-0.5585811435758424,-2.558138077865629,106.22940837342374
825,0.1,0.5,0.5,0.6666666666666666,0.0,0.0,250.0,2307.0,2076.3,0.09999999999999987,103.81500000000001,7.363944000000002,-0.15306818872853956,-0.7010074840509425,110.47793651594907
826,0.1,0.5,0.5,0.6666666666666666,0.0,1.0,250.0,2307.0,1776.051,0.230146944083225,88.80255,6.29906088,-0.5154305912072779,-2.3605211830518997,92.7410896969481
827,0.1,0.5,0.5,0.6666666666666666,1.0,0.0,619.559380317206,2957.352794667372,2401.4763973336862,0.1879641814585088,118.09968593779821,8.37720438918782,-0.19621874109710413,-0.898624378864672,125.57826594812137
828,0.1,0.5,0.5,0.6666666666666666,1.0,1.0,619.559380317206,2957.352794667372,2101.227397333686,0.28949045202771584,105.0613698666843,7.45235316921014,-0.5585811435758424,-2.558138077865629,109.95558495802881
829,0.1,0.5,0.5,1.0,0.0,0.0,250.0,2307.0,2076.3,0.09999999999999987,103.81500000000001,11.045916000000004,-0.15306818872853956,-0.7010074840509425,114.15990851594907
830,0.1,0.5,0.5,1.0,0.0,1.0,250.0,2307.0,1776.051,0.230146944083225,88.80255,9.44859132,-0.5154305912072779,-2.3605211830518997,95.8906201369481
831,0.1,0.5,0.5,1.0,1.0,0.0,619.559380317206,2957.352794667372,2401.4763973336862,0.1879641814585088,118.09968593779821,12.56580658378173,-0.19621874109710413,-0.898624378864672,129.76686814271528
832,0.1,0.5,0.5,1.0,1.0,1.0,619.559380317206,2957.352794667372,2101.227397333686,0.28949045202771584,105.0613698666843,11.17852975381521,-0.5585811435758424,-2.558138077865629,113.68176154263388
833,0.1,0.75,0.1,0.0,0.0,0.0,250.0,2307.0,2076.3,0.09999999999999987,103.81500000000001,0.0,-0.22960228309280933,-1.0515112260764137,102.7634887739236
834,0.1,0.75,0.1,0.0,0.0,1.0,250.0,2307.0,1776.051,0.230146944083225,88.80255,0.0,-0.5919646855715477,-2.7110249250773713,86.09152507492263
835,0.1,0.75,0.1,0.0,1.0,0.0,619.559380317206,2957.352794667372,2661.6175152006354,0.09999999999999987,131.10674183114568,0.0,-0.2943281116456562,-1.347936568297008,129.75880526284868
836,0.1,0.75,0.1,0.0,1.0,1.0,619.559380317206,2957.352794667372,2361.3685152006346,0.20152627056920702,118.06842576003174,0.0,-0.6566905141243945,-3.007450267297965,115.06097549273377
837,0.1,0.75,0.1,0.3333333333333333,0.0,0.0,250.0,2307.0,2076.3,0.09999999999999987,103.81500000000001,3.681972000000001,-0.22960228309280933,-1.0515112260764137,106.4454607739236
838,0.1,0.75,0.1,0.3333333333333333,0.0,1.0,250.0,2307.0,1776.051,0.230146944083225,88.80255,3.14953044,-0.5919646855715477,-2.7110249250773713,89.24105551492264
839,0.1,0.75,0.1,0.3333333333333333,1.0,0.0,619.559380317206,2957.352794667372,2661.6175152006354,0.09999999999999987,131.10674183114568,4.649919110277967,-0.2943281116456562,-1.347936568297008,134.40872437312666
840,0.1,0.75,0.1,0.3333333333333333,1.0,1.0,619.559380317206,2957.352794667372,2361.3685152006346,0.20152627056920702,118.06842576003174,4.187493500289126,-0.6566905141243945,-3.007450267297965,119.2484689930229
841,0.1,0.75,0.1,0.6666666666666666,0.0,0.0,250.0,2307.0,2076.3,0.09999999999999987,103.81500000000001,7.363944000000002,-0.22960228309280933,-1.0515112260764137,110.1274327739236
842,0.1,0.75,0.1,0.6666666666666666,0.0,1.0,250.0,2307.0,1776.051,0.230146944083225,88.80255,6.29906088,-0.5919646855715477,-2.7110249250773713,92.39058595492263
843,0.1,0.75,0.1,0.6666666666666666,1.0,0.0,619.559380317206,2957.352794667372,2661.6175152006354,0.09999999999999987,131.10674183114568,9.299838220555934,-0.2943281116456562,-1.347936568297008,139.0586434834046
844,0.1,0.75,0.1,0.6666666666666666,1.0,1.0,619.559380317206,2957.352794667372,2361.3685152006346,0.20152627056920702,118.06842576003174,8.374987000578251,-0.6566905141243945,-3.007450267297965,123.43596249331202
845,0.1,0.75,0.1,1.0,0.0,0.0,250.0,2307.0,2076.3,0.09999999999999987,103.81500000000001,11.045916000000004,-0.22960228309280933,-1.0515112260764137,113.8094047739236
846,0.1,0.75,0.1,1.0,0.0,1.0,250.0,2307.0,1776.051,0.230146944083225,88.80255,9.44859132,-0.5919646855715477,-2.7110249250773713,95.54011639492263
847,0.1,0.75,0.1,1.0,1.0,0.0,619.559380317206,2957.352794667372,2661.6175152006354,0.09999999999999987,131.10674183114568,13.9497573308339,-0.2943281116456562,-1.347936568297008,143.7085625936826
848,0.1,0.75,0.1,1.0,1.0,1.0,619.559380317206,2957.352794667372,2361.3685152006346,0.20152627056920702,118.06842576003174,12.562480500867379,-0.6566905141243945,-3.007450267297965,127.62345599360114
849,0.1,0.75,0.2,0.0,0.0,0.0,250.0,2307.0,2076.3,0.09999999999999987,103.81500000000001,0.0,-0.22960228309280933,-1.0515112260764137,102.7634887739236
850,0.1,0.75,0.2,0.0,0.0,1.0,250.0,2307.0,1776.051,0.230146944083225,88.80255,0.0,-0.5919646855715477,-2.7110249250773713,86.09152507492263
851,0.1,0.75,0.2,0.0,1.0,0.0,619.559380317206,2957.352794667372,2596.582235733898,0.12199104536462713,127.8549778578088,0.0,-0.2943281116456562,-1.347936568297008,126.5070412895118
852,0.1,0.75,0.2,0.0,1.0,1.0,619.559380317206,2957.352794667372,2296.3332357338977,0.22351731593383417,114.8166617866949,0.0,-0.6566905141243945,-3.007450267297965,111.80921151939692
853,0.1,0.75,0.2,0.3333333333333333,0.0,0.0,250.0,2307.0,2076.3,0.09999999999999987,103.81500000000001,3.681972000000001,-0.22960228309280933,-1.0515112260764137,106.4454607739236
854,0.1,0.75,0.2,0.3333333333333333,0.0,1.0,250.0,2307.0,1776.051,0.230146944083225,88.80255,3.14953044,-0.5919646855715477,-2.7110249250773713,89.24105551492264
855,0.1,0.75,0.2,0.3333333333333333,1.0,0.0,619.559380317206,2957.352794667372,2596.582235733898,0.12199104536462713,127.8549778578088,4.534589881356952,-0.2943281116456562,-1.347936568297008,131.04163117086875
856,0.1,0.75,0.2,0.3333333333333333,1.0,1.0,619.559380317206,2957.352794667372,2296.3332357338977,0.22351731593383417,114.8166617866949,4.072164271368112,-0.6566905141243945,-3.007450267297965,115.88137579076503
857,0.1,0.75,0.2,0.6666666666666666,0.0,0.0,250.0,2307.0,2076.3,0.09999999999999987,103.81500000000001,7.363944000000002,-0.22960228309280933,-1.0515112260764137,110.1274327739236
858,0.1,0.75,0.2,0.6666666666666666,0.0,1.0,250.0,2307.0,1776.051,0.230146944083225,88.80255,6.29906088,-0.5919646855715477,-2.7110249250773713,92.39058595492263
859,0.1,0.75,0.2,0.6666666666666666,1.0,0.0,619.559380317206,2957.352794667372,2596.582235733898,0.12199104536462713,127.8549778578088,9.069179762713905,-0.2943281116456562,-1.347936568297008,135.57622105222572
860,0.1,0.75,0.2,0.6666666666666666,1.0,1.0,619.559380317206,2957.352794667372,2296.3332357338977,0.22351731593383417,114.8166617866949,8.144328542736224,-0.6566905141243945,-3.007450267297965,119.95354006213314
861,0.1,0.75,0.2,1.0,0.0,0.0,250.0,2307.0,2076.3,0.09999999999999987,103.81500000000001,11.045916000000004,-0.22960228309280933,-1.0515112260764137,113.8094047739236
862,0.1,0.75,0.2,1.0,0.0,1.0,250.0,2307.0,1776.051,0.230146944083225,88.80255,9.44859132,-0.5919646855715477,-2.7110249250773713,95.54011639492263
863,0.1,0.75,0.2,1.0,1.0,0.0,619.559380317206,2957.352794667372,2596.582235733898,0.12199104536462713,127.8549778578088,13.603769644070859,-0.2943281116456562,-1.347936568297008,140.11081093358266
864,0.1,0.75,0.2,1.0,1.0,1.0,619.559380317206,2957.352794667372,2296.3332357338977,0.22351731593383417,114.8166617866949,12.216492814104338,-0.6566905141243945,-3.007450267297965,124.02570433350127
865,0.1,0.75,0.3,0.0,0.0,0.0,250.0,2307.0,2076.3,0.09999999999999987,103.81500000000001,0.0,-0.22960228309280933,-1.0515112260764137,102.7634887739236
866,0.1,0.75,0.3,0.0,0.0,1.0,250.0,2307.0,1776.051,0.230146944083225,88.80255,0.0,-0.5919646855715477,-2.7110249250773713,86.09152507492263
867,0.1,0.75,0.3,0.0,1.0,0.0,619.559380317206,2957.352794667372,2531.5469562671606,0.14398209072925439,124.60321388447193,0.0,-0.2943281116456562,-1.347936568297008,123.25527731617493
868,0.1,0.75,0.3,0.0,1.0,1.0,619.559380317206,2957.352794667372,2231.2979562671603,0.24550836129846143,111.56489781335802,0.0,-0.6566905141243945,-3.007450267297965,108.55744754606005
869,0.1,0.75,0.3,0.3333333333333333,0.0,0.0,250.0,2307.0,2076.3,0.09999999999999987,103.81500000000001,3.681972000000001,-0.22960228309280933,-1.0515112260764137,106.4454607739236
870,0.1,0.75,0.3,0.3333333333333333,0.0,1.0,250.0,2307.0,1776.051,0.230146944083225,88.80255,3.14953044,-0.5919646855715477,-2.7110249250773713,89.24105551492264
871,0.1,0.75,0.3,0.3333333333333333,1.0,0.0,619.559380317206,2957.352794667372,2531.5469562671606,0.14398209072925439,124.60321388447193,4.419260652435938,-0.2943281116456562,-1.347936568297008,127.67453796861085
872,0.1,0.75,0.3,0.3333333333333333,1.0,1.0,619.559380317206,2957.352794667372,2231.2979562671603,0.24550836129846143,111.56489781335802,3.9568350424470973,-0.6566905141243945,-3.007450267297965,112.51428258850714
873,0.1,0.75,0.3,0.6666666666666666,0.0,0.0,250.0,2307.0,2076.3,0.09999999999999987,103.81500000000001,7.363944000000002,-0.22960228309280933,-1.0515112260764137,110.1274327739236
874,0.1,0.75,0.3,0.6666666666666666,0.0,1.0,250.0,2307.0,1776.051,0.230146944083225,88.80255,6.29906088,-0.5919646855715477,-2.7110249250773713,92.39058595492263
875,0.1,0.75,0.3,0.6666666666666666,1.0,0.0,619.559380317206,2957.352794667372,2531.5469562671606,0.14398209072925439,124.60321388447193,8.838521304871875,-0.2943281116456562,-1.347936568297008,132.0937986210468
876,0.1,0.75,0.3,0.6666666666666666,1.0,1.0,619.559380317206,2957.352794667372,2231.2979562671603,0.24550836129846143,111.56489781335802,7.9136700848941945,-0.6566905141243945,-3.007450267297965,116.47111763095424
877,0.1,0.75,0.3,1.0,0.0,0.0,250.0,2307.0,2076.3,0.09999999999999987,103.81500000000001,11.045916000000004,-0.22960228309280933,-1.0515112260764137,113.8094047739236
878,0.1,0.75,0.3,1.0,0.0,1.0,250.0,2307.0,1776.051,0.230146944083225,88.80255,9.44859132,-0.5919646855715477,-2.7110249250773713,95.54011639492263
879,0.1,0.75,0.3,1.0,1.0,0.0,619.559380317206,2957.352794667372,2531.5469562671606,0.14398209072925439,124.60321388447193,13.257781957307815,-0.2943281116456562,-1.347936568297008,136.51305927348275
880,0.1,0.75,0.3,1.0,1.0,1.0,619.559380317206,2957.352794667372,2231.2979562671603,0.24550836129846143,111.56489781335802,11.870505127341294,-0.6566905141243945,-3.007450267297965,120.42795267340134
881,0.1,0.75,0.5,0.0,0.0,0.0,250.0,2307.0,2076.3,0.09999999999999987,103.81500000000001,0.0,-0.22960228309280933,-1.0515112260764137,102.7634887739236
882,0.1,0.75,0.5,0.0,0.0,1.0,250.0,2307.0,1776.051,0.230146944083225,88.80255,0.0,-0.5919646855715477,-2.7110249250773713,86.09152507492263
883,0.1,0.75,0.5,0.0,1.0,0.0,619.559380317206,2957.352794667372,2401.4763973336862,0.1879641814585088,118.09968593779821,0.0,-0.2943281116456562,-1.347936568297008,116.75174936950121
884,0.1,0.75,0.5,0.0,1.0,1.0,619.559380317206,2957.352794667372,2101.227397333686,0.28949045202771584,105.0613698666843,0.0,-0.6566905141243945,-3.007450267297965,102.05391959938633
885,0.1,0.75,0.5,0.3333333333333333,0.0,0.0,250.0,2307.0,2076.3,0.09999999999999987,103.81500000000001,3.681972000000001,-0.22960228309280933,-1.0515112260764137,106.4454607739236
886,0.1,0.75,0.5,0.3333333333333333,0.0,1.0,250.0,2307.0,1776.051,0.230146944083225,88.80255,3.14953044,-0.5919646855715477,-2.7110249250773713,89.24105551492264
887,0.1,0.75,0.5,0.3333333333333333,1.0,0.0,619.559380317206,2957.352794667372,2401.4763973336862,0.1879641814585088,118.09968593779821,4.18860219459391,-0.2943281116456562,-1.347936568297008,120.94035156409512
888,0.1,0.75,0.5,0.3333333333333333,1.0,1.0,619.559380317206,2957.352794667372,2101.227397333686,0.28949045202771584,105.0613698666843,3.72617658460507,-0.6566905141243945,-3.007450267297965,105.7800961839914
889,0.1,0.75,0.5,0.6666666666666666,0.0,0.0,250.0,2307.0,2076.3,0.09999999999999987,103.81500000000001,7.363944000000002,-0.22960228309280933,-1.0515112260764137,110.1274327739236
890,0.1,0.75,0.5,0.6666666666666666,0.0,1.0,250.0,2307.0,1776.051,0.230146944083225,88.80255,6.29906088,-0.5919646855715477,-2.7110249250773713,92.39058595492263
891,0.1,0.75,0.5,0.6666666666666666,1.0,0.0,619.559380317206,2957.352794667372,2401.4763973336862,0.1879641814585088,118.09968593779821,8.37720438918782,-0.2943281116456562,-1.347936568297008,125.12895375868904
892,0.1,0.75,0.5,0.6666666666666666,1.0,1.0,619.559380317206,2957.352794667372,2101.227397333686,0.28949045202771584,105.0613698666843,7.45235316921014,-0.6566905141243945,-3.007450267297965,109.50627276859647
893,0.1,0.75,0.5,1.0,0.0,0.0,250.0,2307.0,2076.3,0.09999999999999987,103.81500000000001,11.045916000000004,-0.22960228309280933,-1.0515112260764137,113.8094047739236
894,0.1,0.75,0.5,1.0,0.0,1.0,250.0,2307.0,1776.051,0.230146944083225,88.80255,9.44859132,-0.5919646855715477,-2.7110249250773713,95.54011639492263
895,0.1,0.75,0.5,1.0,1.0,0.0,619.559380317206,2957.352794667372,2401.4763973336862,0.1879641814585088,118.09968593779821,12.56580658378173,-0.2943281116456562,-1.347936568297008,129.31755595328295
896,0.1,0.75,0.5,1.0,1.0,1.0,619.559380317206,2957.352794667372,2101.227397333686,0.28949045202771584,105.0613698666843,11.17852975381521,-0.6566905141243945,-3.007450267297965,113.23244935320155
897,0.1,1.0,0.1,0.0,0.0,0.0,250.0,2307.0,2076.3,0.09999999999999987,103.81500000000001,0.0,-0.3061363774570791,-1.402014968101885,102.41298503189813
898,0.1,1.0,0.1,0.0,0.0,1.0,250.0,2307.0,1776.051,0.230146944083225,88.80255,0.0,-0.6684987799358174,-3.0615286671028423,85.74102133289715
899,0.1,1.0,0.1,0.0,1.0,0.0,619.559380317206,2957.352794667372,2661.6175152006354,0.09999999999999987,131.10674183114568,0.0,-0.39243748219420826,-1.797248757729344,129.30949307341635
900,0.1,1.0,0.1,0.0,1.0,1.0,619.559380317206,2957.352794667372,2361.3685152006346,0.20152627056920702,118.06842576003174,0.0,-0.7547998846729466,-3.456762456730301,114.61166330330144
901,0.1,1.0,0.1,0.3333333333333333,0.0,0.0,250.0,2307.0,2076.3,0.09999999999999987,103.81500000000001,3.681972000000001,-0.3061363774570791,-1.402014968101885,106.09495703189813
902,0.1,1.0,0.1,0.3333333333333333,0.0,1.0,250.0,2307.0,1776.051,0.230146944083225,88.80255,3.14953044,-0.6684987799358174,-3.0615286671028423,88.89055177289715
903,0.1,1.0,0.1,0.3333333333333333,1.0,0.0,619.559380317206,2957.352794667372,2661.6175152006354,0.09999999999999987,131.10674183114568,4.649919110277967,-0.39243748219420826,-1.797248757729344,133.95941218369433
904,0.1,1.0,0.1,0.3333333333333333,1.0,1.0,619.559380317206,2957.352794667372,2361.3685152006346,0.20152627056920702,118.06842576003174,4.187493500289126,-0.7547998846729466,-3.456762456730301,118.79915680359056
905,0.1,1.0,0.1,0.6666666666666666,0.0,0.0,250.0,2307.0,2076.3,0.09999999999999987,103.81500000000001,7.363944000000002,-0.3061363774570791,-1.402014968101885,109.77692903189813
906,0.1,1.0,0.1,0.6666666666666666,0.0,1.0,250.0,2307.0,1776.051,0.230146944083225,88.80255,6.29906088,-0.6684987799358174,-3.0615286671028423,92.04008221289715
907,0.1,1.0,0.1,0.6666666666666666,1.0,0.0,619.559380317206,2957.352794667372,2661.6175152006354,0.09999999999999987,131.10674183114568,9.299838220555934,-0.39243748219420826,-1.797248757729344,138.60933129397228
908,0.1,1.0,0.1,0.6666666666666666,1.0,1.0,619.559380317206,2957.352794667372,2361.3685152006346,0.20152627056920702,118.06842576003174,8.374987000578251,-0.7547998846729466,-3.456762456730301,122.98665030387968
909,0.1,1.0,0.1,1.0,0.0,0.0,250.0,2307.0,2076.3,0.09999999999999987,103.81500000000001,11.045916000000004,-0.3061363774570791,-1.402014968101885,113.45890103189814
910,0.1,1.0,0.1,1.0,0.0,1.0,250.0,2307.0,1776.051,0.230146944083225,88.80255,9.44859132,-0.6684987799358174,-3.0615286671028423,95.18961265289715
911,0.1,1.0,0.1,1.0,1.0,0.0,619.559380317206,2957.352794667372,2661.6175152006354,0.09999999999999987,131.10674183114568,13.9497573308339,-0.39243748219420826,-1.797248757729344,143.25925040425025
912,0.1,1.0,0.1,1.0,1.0,1.0,619.559380317206,2957.352794667372,2361.3685152006346,0.20152627056920702,118.06842576003174,12.562480500867379,-0.7547998846729466,-3.456762456730301,127.1741438041688
913,0.1,1.0,0.2,0.0,0.0,0.0,250.0,2307.0,2076.3,0.09999999999999987,103.81500000000001,0.0,-0.3061363774570791,-1.402014968101885,102.41298503189813
914,0.1,1.0,0.2,0.0,0.0,1.0,250.0,2307.0,1776.051,0.230146944083225,88.80255,0.0,-0.6684987799358174,-3.0615286671028423,85.74102133289715
915,0.1,1.0,0.2,0.0,1.0,0.0,619.559380317206,2957.352794667372,2596.582235733898,0.12199104536462713,127.8549778578088,0.0,-0.39243748219420826,-1.797248757729344,126.05772910007946
916,0.1,1.0,0.2,0.0,1.0,1.0,619.559380317206,2957.352794667372,2296.3332357338977,0.22351731593383417,114.8166617866949,0.0,-0.7547998846729466,-3.456762456730301,111.35989932996459
917,0.1,1.0,0.2,0.3333333333333333,0.0,0.0,250.0,2307.0,2076.3,0.09999999999999987,103.81500000000001,3.681972000000001,-0.3061363774570791,-1.402014968101885,106.09495703189813
918,0.1,1.0,0.2,0.3333333333333333,0.0,1.0,250.0,2307.0,1776.051,0.230146944083225,88.80255,3.14953044,-0.6684987799358174,-3.0615286671028423,88.89055177289715
919,0.1,1.0,0.2,0.3333333333333333,1.0,0.0,619.559380317206,2957.352794667372,2596.582235733898,0.12199104536462713,127.8549778578088,4.534589881356952,-0.39243748219420826,-1.797248757729344,130.59231898143642
920,0.1,1.0,0.2,0.3333333333333333,1.0,1.0,619.559380317206,2957.352794667372,2296.3332357338977,0.22351731593383417,114.8166617866949,4.072164271368112,-0.7547998846729466,-3.456762456730301,115.4320636013327
921,0.1,1.0,0.2,0.6666666666666666,0.0,0.0,250.0,2307.0,2076.3,0.09999999999999987,103.81500000000001,7.363944000000002,-0.3061363774570791,-1.402014968101885,109.77692903189813
922,0.1,1.0,0.2,0.6666666666666666,0.0,1.0,250.0,2307.0,1776.051,0.230146944083225,88.80255,6.29906088,-0.6684987799358174,-3.0615286671028423,92.04008221289715
923,0.1,1.0,0.2,0.6666666666666666,1.0,0.0,619.559380317206,2957.352794667372,2596.582235733898,0.12199104536462713,127.8549778578088,9.069179762713905,-0.39243748219420826,-1.797248757729344,135.12690886279339
924,0.1,1.0,0.2,0.6666666666666666,1.0,1.0,619.559380317206,2957.352794667372,2296.3332357338977,0.22351731593383417,114.8166617866949,8.144328542736224,-0.7547998846729466,-3.456762456730301,119.50422787270081
925,0.1,1.0,0.2,1.0,0.0,0.0,250.0,2307.0,2076.3,0.09999999999999987,103.81500000000001,11.045916000000004,-0.3061363774570791,-1.402014968101885,113.45890103189814
926,0.1,1.0,0.2,1.0,0.0,1.0,250.0,2307.0,1776.051,0.230146944083225,88.80255,9.44859132,-0.6684987799358174,-3.0615286671028423,95.18961265289715
927,0.1,1.0,0.2,1.0,1.0,0.0,619.559380317206,2957.352794667372,2596.582235733898,0.12199104536462713,127.8549778578088,13.603769644070859,-0.39243748219420826,-1.797248757729344,139.66149874415032
928,0.1,1.0,0.2,1.0,1.0,1.0,619.559380317206,2957.352794667372,2296.3332357338977,0.22351731593383417,114.8166617866949,12.216492814104338,-0.7547998846729466,-3.456762456730301,123.57639214406893
929,0.1,1.0,0.3,0.0,0.0,0.0,250.0,2307.0,2076.3,0.09999999999999987,103.81500000000001,0.0,-0.3061363774570791,-1.402014968101885,102.41298503189813
930,0.1,1.0,0.3,0.0,0.0,1.0,250.0,2307.0,1776.051,0.230146944083225,88.80255,0.0,-0.6684987799358174,-3.0615286671028423,85.74102133289715
931,0.1,1.0,0.3,0.0,1.0,0.0,619.559380317206,2957.352794667372,2531.5469562671606,0.14398209072925439,124.60321388447193,0.0,-0.39243748219420826,-1.797248757729344,122.80596512674258
932,0.1,1.0,0.3,0.0,1.0,1.0,619.559380317206,2957.352794667372,2231.2979562671603,0.24550836129846143,111.56489781335802,0.0,-0.7547998846729466,-3.456762456730301,108.10813535662771
933,0.1,1.0,0.3,0.3333333333333333,0.0,0.0,250.0,2307.0,2076.3,0.09999999999999987,103.81500000000001,3.681972000000001,-0.3061363774570791,-1.402014968101885,106.09495703189813
934,0.1,1.0,0.3,0.3333333333333333,0.0,1.0,250.0,2307.0,1776.051,0.230146944083225,88.80255,3.14953044,-0.6684987799358174,-3.0615286671028423,88.89055177289715
935,0.1,1.0,0.3,0.3333333333333333,1.0,0.0,619.559380317206,2957.352794667372,2531.5469562671606,0.14398209072925439,124.60321388447193,4.419260652435938,-0.39243748219420826,-1.797248757729344,127.2252257791785
936,0.1,1.0,0.3,0.3333333333333333,1.0,1.0,619.559380317206,2957.352794667372,2231.2979562671603,0.24550836129846143,111.56489781335802,3.9568350424470973,-0.7547998846729466,-3.456762456730301,112.06497039907481
937,0.1,1.0,0.3,0.6666666666666666,0.0,0.0,250.0,2307.0,2076.3,0.09999999999999987,103.81500000000001,7.363944000000002,-0.3061363774570791,-1.402014968101885,109.77692903189813
938,0.1,1.0,0.3,0.6666666666666666,0.0,1.0,250.0,2307.0,1776.051,0.230146944083225,88.80255,6.29906088,-0.6684987799358174,-3.0615286671028423,92.04008221289715
939,0.1,1.0,0.3,0.6666666666666666,1.0,0.0,619.559380317206,2957.352794667372,2531.5469562671606,0.14398209072925439,124.60321388447193,8.838521304871875,-0.39243748219420826,-1.797248757729344,131.64448643161447
940,0.1,1.0,0.3,0.6666666666666666,1.0,1.0,619.559380317206,2957.352794667372,2231.2979562671603,0.24550836129846143,111.56489781335802,7.9136700848941945,-0.7547998846729466,-3.456762456730301,116.0218054415219
941,0.1,1.0,0.3,1.0,0.0,0.0,250.0,2307.0,2076.3,0.09999999999999987,103.81500000000001,11.045916000000004,-0.3061363774570791,-1.402014968101885,113.45890103189814
942,0.1,1.0,0.3,1.0,0.0,1.0,250.0,2307.0,1776.051,0.230146944083225,88.80255,9.44859132,-0.6684987799358174,-3.0615286671028423,95.18961265289715
943,0.1,1.0,0.3,1.0,1.0,0.0,619.559380317206,2957.352794667372,2531.5469562671606,0.14398209072925439,124.60321388447193,13.257781957307815,-0.39243748219420826,-1.797248757729344,136.06374708405042
944,0.1,1.0,0.3,1.0,1.0,1.0,619.559380317206,2957.352794667372,2231.2979562671603,0.24550836129846143,111.56489781335802,11.870505127341294,-0.7547998846729466,-3.456762456730301,119.978640483969
945,0.1,1.0,0.5,0.0,0.0,0.0,250.0,2307.0,2076.3,0.09999999999999987,103.81500000000001,0.0,-0.3061363774570791,-1.402014968101885,102.41298503189813
946,0.1,1.0,0.5,0.0,0.0,1.0,250.0,2307.0,1776.051,0.230146944083225,88.80255,0.0,-0.6684987799358174,-3.0615286671028423,85.74102133289715
947,0.1,1.0,0.5,0.0,1.0,0.0,619.559380317206,2957.352794667372,2401.4763973336862,0.1879641814585088,118.09968593779821,0.0,-0.39243748219420826,-1.797248757729344,116.30243718006886
948,0.1,1.0,0.5,0.0,1.0,1.0,619.559380317206,2957.352794667372,2101.227397333686,0.28949045202771584,105.0613698666843,0.0,-0.7547998846729466,-3.456762456730301,101.604607409954
949,0.1,1.0,0.5,0.3333333333333333,0.0,0.0,250.0,2307.0,2076.3,0.09999999999999987,103.81500000000001,3.681972000000001,-0.3061363774570791,-1.402014968101885,106.09495703189813
950,0.1,1.0,0.5,0.3333333333333333,0.0,1.0,250.0,2307.0,1776.051,0.230146944083225,88.80255,3.14953044,-0.6684987799358174,-3.0615286671028423,88.89055177289715
951,0.1,1.0,0.5,0.3333333333333333,1.0,0.0,619.559380317206,2957.352794667372,2401.4763973336862,0.1879641814585088,118.09968593779821,4.18860219459391,-0.39243748219420826,-1.797248757729344,120.49103937466278
952,0.1,1.0,0.5,0.3333333333333333,1.0,1.0,619.559380317206,2957.352794667372,2101.227397333686,0.28949045202771584,105.0613698666843,3.72617658460507,-0.7547998846729466,-3.456762456730301,105.33078399455907
953,0.1,1.0,0.5,0.6666666666666666,0.0,0.0,250.0,2307.0,2076.3,0.09999999999999987,103.81500000000001,7.363944000000002,-0.3061363774570791,-1.402014968101885,109.77692903189813
954,0.1,1.0,0.5,0.6666666666666666,0.0,1.0,250.0,2307.0,1776.051,0.230146944083225,88.80255,6.29906088,-0.6684987799358174,-3.0615286671028423,92.04008221289715
955,0.1,1.0,0.5,0.6666666666666666,1.0,0.0,619.559380317206,2957.352794667372,2401.4763973336862,0.1879641814585088,118.09968593779821,8.37720438918782,-0.39243748219420826,-1.797248757729344,124.67964156925669
956,0.1,1.0,0.5,0.6666666666666666,1.0,1.0,619.559380317206,2957.352794667372,2101.227397333686,0.28949045202771584,105.0613698666843,7.45235316921014,-0.7547998846729466,-3.456762456730301,109.05696057916414
957,0.1,1.0,0.5,1.0,0.0,0.0,250.0,2307.0,2076.3,0.09999999999999987,103.81500000000001,11.045916000000004,-0.3061363774570791,-1.402014968101885,113.45890103189814
958,0.1,1.0,0.5,1.0,0.0,1.0,250.0,2307.0,1776.051,0.230146944083225,88.80255,9.44859132,-0.6684987799358174,-3.0615286671028423,95.18961265289715
959,0.1,1.0,0.5,1.0,1.0,0.0,619.559380317206,2957.352794667372,2401.4763973336862,0.1879641814585088,118.09968593779821,12.56580658378173,-0.39243748219420826,-1.797248757729344,128.86824376385061
960,0.1,1.0,0.5,1.0,1.0,1.0,619.559380317206,2957.352794667372,2101.227397333686,0.28949045202771584,105.0613698666843,11.17852975381521,-0.7547998846729466,-3.456762456730301,112.78313716376921
961,0.15,0.0,0.1,0.0,0.0,0.0,250.0,2307.0,1960.95,0.15000000000000002,98.04750000000001,0.0,-0.0,-0.0,98.04750000000001
962,0.15,0.0,0.1,0.0,0.0,1.0,250.0,2307.0,1677.3815,0.2729165583008236,83.86907500000001,0.0,-0.3623624024787383,-1.6595136990009574,82.20956130099906
963,0.15,0.0,0.1,0.0,1.0,0.0,619.559380317206,2957.352794667372,2546.267515200635,0.1390044773176864,125.33924183114566,0.0,-0.0,-0.0,125.33924183114566
964,0.15,0.0,0.1,0.0,1.0,1.0,619.559380317206,2957.352794667372,2262.6990152006347,0.23489039952193747,113.13495076003174,0.0,-0.3623624024787383,-1.6595136990009574,111.47543706103079
965,0.15,0.0,0.1,0.3333333333333333,0.0,0.0,250.0,2307.0,1960.95,0.15000000000000002,98.04750000000001,3.4774180000000006,-0.0,-0.0,101.52491800000001
966,0.15,0.0,0.1,0.3333333333333333,0.0,1.0,250.0,2307.0,1677.3815,0.2729165583008236,83.86907500000001,2.9745565266666674,-0.3623624024787383,-1.6595136990009574,85.18411782766573
967,0.15,0.0,0.1,0.3333333333333333,1.0,0.0,619.559380317206,2957.352794667372,2546.267515200635,0.1390044773176864,125.33924183114566,4.445365110277966,-0.0,-0.0,129.78460694142362
968,0.15,0.0,0.1,0.3333333333333333,1.0,1.0,619.559380317206,2957.352794667372,2262.6990152006347,0.23489039952193747,113.13495076003174,4.012519586955793,-0.3623624024787383,-1.6595136990009574,115.48795664798658
969,0.15,0.0,0.1,0.6666666666666666,0.0,0.0,250.0,2307.0,1960.95,0.15000000000000002,98.04750000000001,6.954836000000001,-0.0,-0.0,105.00233600000001
970,0.15,0.0,0.1,0.6666666666666666,0.0,1.0,250.0,2307.0,1677.3815,0.2729165583008236,83.86907500000001,5.949113053333335,-0.3623624024787383,-1.6595136990009574,88.15867435433239
971,0.15,0.0,0.1,0.6666666666666666,1.0,0.0,619.559380317206,2957.352794667372,2546.267515200635,0.1390044773176864,125.33924183114566,8.890730220555932,-0.0,-0.0,134.2299720517016
972,0.15,0.0,0.1,0.6666666666666666,1.0,1.0,619.559380317206,2957.352794667372,2262.6990152006347,0.23489039952193747,113.13495076003174,8.025039173911585,-0.3623624024787383,-1.6595136990009574,119.50047623494237
973,0.15,0.0,0.1,1.0,0.0,0.0,250.0,2307.0,1960.95,0.15000000000000002,98.04750000000001,10.432254000000002,-0.0,-0.0,108.47975400000001
974,0.15,0.0,0.1,1.0,0.0,1.0,250.0,2307.0,1677.3815,0.2729165583008236,83.86907500000001,8.923669580000002,-0.3623624024787383,-1.6595136990009574,91.13323088099905
975,0.15,0.0,0.1,1.0,1.0,0.0,619.559380317206,2957.352794667372,2546.267515200635,0.1390044773176864,125.33924183114566,13.3360953308339,-0.0,-0.0,138.67533716197954
976,0.15,0.0,0.1,1.0,1.0,1.0,619.559380317206,2957.352794667372,2262.6990152006347,0.23489039952193747,113.13495076003174,12.037558760867379,-0.3623624024787383,-1.6595136990009574,123.51299582189817
977,0.15,0.0,0.2,0.0,0.0,0.0,250.0,2307.0,1960.95,0.15000000000000002,98.04750000000001,0.0,-0.0,-0.0,98.04750000000001
978,0.15,0.0,0.2,0.0,0.0,1.0,250.0,2307.0,1677.3815,0.2729165583008236,83.86907500000001,0.0,-0.3623624024787383,-1.6595136990009574,82.20956130099906
979,0.15,0.0,0.2,0.0,1.0,0.0,619.559380317206,2957.352794667372,2481.232235733898,0.16099552268231343,122.0874778578088,0.0,-0.0,-0.0,122.0874778578088
980,0.15,0.0,0.2,0.0,1.0,1.0,619.559380317206,2957.352794667372,2197.6637357338977,0.2568814448865646,109.88318678669489,0.0,-0.3623624024787383,-1.6595136990009574,108.22367308769394
981,0.15,0.0,0.2,0.3333333333333333,0.0,0.0,250.0,2307.0,1960.95,0.15000000000000002,98.04750000000001,3.4774180000000006,-0.0,-0.0,101.52491800000001
982,0.15,0.0,0.2,0.3333333333333333,0.0,1.0,250.0,2307.0,1677.3815,0.2729165583008236,83.86907500000001,2.9745565266666674,-0.3623624024787383,-1.6595136990009574,85.18411782766573
983,0.15,0.0,0.2,0.3333333333333333,1.0,0.0,619.559380317206,2957.352794667372,2481.232235733898,0.16099552268231343,122.0874778578088,4.330035881356952,-0.0,-0.0,126.41751373916576
984,0.15,0.0,0.2,0.3333333333333333,1.0,1.0,619.559380317206,2957.352794667372,2197.6637357338977,0.2568814448865646,109.88318678669489,3.897190358034779,-0.3623624024787383,-1.6595136990009574,112.12086344572872
985,0.15,0.0,0.2,0.6666666666666666,0.0,0.0,250.0,2307.0,1960.95,0.15000000000000002,98.04750000000001,6.954836000000001,-0.0,-0.0,105.00233600000001
986,0.15,0.0,0.2,0.6666666666666666,0.0,1.0,250.0,2307.0,1677.3815,0.2729165583008236,83.86907500000001,5.949113053333335,-0.3623624024787383,-1.6595136990009574,88.15867435433239
987,0.15,0.0,0.2,0.6666666666666666,1.0,0.0,619.559380317206,2957.352794667372,2481.232235733898,0.16099552268231343,122.0874778578088,8.660071762713905,-0.0,-0.0,130.7475496205227
988,0.15,0.0,0.2,0.6666666666666666,1.0,1.0,619.559380317206,2957.352794667372,2197.6637357338977,0.2568814448865646,109.88318678669489,7.794380716069558,-0.3623624024787383,-1.6595136990009574,116.0180538037635
989,0.15,0.0,0.2,1.0,0.0,0.0,250.0,2307.0,1960.95,0.15000000000000002,98.04750000000001,10.432254000000002,-0.0,-0.0,108.47975400000001
990,0.15,0.0,0.2,1.0,0.0,1.0,250.0,2307.0,1677.3815,0.2729165583008236,83.86907500000001,8.923669580000002,-0.3623624024787383,-1.6595136990009574,91.13323088099905
991,0.15,0.0,0.2,1.0,1.0,0.0,619.559380317206,2957.352794667372,2481.232235733898,0.16099552268231343,122.0874778578088,12.990107644070859,-0.0,-0.0,135.07758550187967
992,0.15,0.0,0.2,1.0,1.0,1.0,619.559380317206,2957.352794667372,2197.6637357338977,0.2568814448865646,109.88318678669489,11.691571074104338,-0.3623624024787383,-1.6595136990009574,119.91524416179827
993,0.15,0.0,0.3,0.0,0.0,0.0,250.0,2307.0,1960.95,0.15000000000000002,98.04750000000001,0.0,-0.0,-0.0,98.04750000000001
994,0.15,0.0,0.3,0.0,0.0,1.0,250.0,2307.0,1677.3815,0.2729165583008236,83.86907500000001,0.0,-0.3623624024787383,-1.6595136990009574,82.20956130099906
995,0.15,0.0,0.3,0.0,1.0,0.0,619.559380317206,2957.352794667372,2416.1969562671607,0.1829865680469407,118.83571388447193,0.0,-0.0,-0.0,118.83571388447193
996,0.15,0.0,0.3,0.0,1.0,1.0,619.559380317206,2957.352794667372,2132.6284562671603,0.2788724902511919,106.63142281335803,0.0,-0.3623624024787383,-1.6595136990009574,104.97190911435708
997,0.15,0.0,0.3,0.3333333333333333,0.0,0.0,250.0,2307.0,1960.95,0.15000000000000002,98.04750000000001,3.4774180000000006,-0.0,-0.0,101.52491800000001
998,0.15,0.0,0.3,0.3333333333333333,0.0,1.0,250.0,2307.0,1677.3815,0.2729165583008236,83.86907500000001,2.9745565266666674,-0.3623624024787383,-1.6595136990009574,85.18411782766573
999,0.15,0.0,0.3,0.3333333333333333,1.0,0.0,619.559380317206,2957.352794667372,2416.1969562671607,0.1829865680469407,118.83571388447193,4.214706652435938,-0.0,-0.0,123.05042053690786
1000,0.15,0.0,0.3,0.3333333333333333,1.0,1.0,619.559380317206,2957.352794667372,2132.6284562671603,0.2788724902511919,106.63142281335803,3.781861129113765,-0.3623624024787383,-1.6595136990009574,108.75377024347084
1001,0.15,0.0,0.3,0.6666666666666666,0.0,0.0,250.0,2307.0,1960.95,0.15000000000000002,98.04750000000001,6.954836000000001,-0.0,-0.0,105.00233600000001
1002,0.15,0.0,0.3,0.6666666666666666,0.0,1.0,250.0,2307.0,1677.3815,0.2729165583008236,83.86907500000001,5.949113053333335,-0.3623624024787383,-1.6595136990009574,88.15867435433239
1003,0.15,0.0,0.3,0.6666666666666666,1.0,0.0,619.559380317206,2957.352794667372,2416.1969562671607,0.1829865680469407,118.83571388447193,8.429413304871876,-0.0,-0.0,127.2651271893438
1004,0.15,0.0,0.3,0.6666666666666666,1.0,1.0,619.559380317206,2957.352794667372,2132.6284562671603,0.2788724902511919,106.63142281335803,7.56372225822753,-0.3623624024787383,-1.6595136990009574,112.5356313725846
1005,0.15,0.0,0.3,1.0,0.0,0.0,250.0,2307.0,1960.95,0.15000000000000002,98.04750000000001,10.432254000000002,-0.0,-0.0,108.47975400000001
1006,0.15,0.0,0.3,1.0,0.0,1.0,250.0,2307.0,1677.3815,0.2729165583008236,83.86907500000001,8.923669580000002,-0.3623624024787383,-1.6595136990009574,91.13323088099905
1007,0.15,0.0,0.3,1.0,1.0,0.0,619.559380317206,2957.352794667372,2416.1969562671607,0.1829865680469407,118.83571388447193,12.644119957307815,-0.0,-0.0,131.47983384177974
1008,0.15,0.0,0.3,1.0,1.0,1.0,619.559380317206,2957.352794667372,2132.6284562671603,0.2788724902511919,106.63142281335803,11.345583387341295,-0.3623624024787383,-1.6595136990009574,116.31749250169837
1009,0.15,0.0,0.5,0.0,0.0,0.0,250.0,2307.0,1960.95,0.15000000000000002,98.04750000000001,0.0,-0.0,-0.0,98.04750000000001
1010,0.15,0.0,0.5,0.0,0.0,1.0,250.0,2307.0,1677.3815,0.2729165583008236,83.86907500000001,0.0,-0.3623624024787383,-1.6595136990009574,82.20956130099906
1011,0.15,0.0,0.5,0.0,1.0,0.0,619.559380317206,2957.352794667372,2286.1263973336863,0.2269686587761951,112.33218593779822,0.0,-0.0,-0.0,112.33218593779822
1012,0.15,0.0,0.5,0.0,1.0,1.0,619.559380317206,2957.352794667372,2002.557897333686,0.3228545809804463,100.1278948666843,0.0,-0.3623624024787383,-1.6595136990009574,98.46838116768335
1013,0.15,0.0,0.5,0.3333333333333333,0.0,0.0,250.0,2307.0,1960.95,0.15000000000000002,98.04750000000001,3.4774180000000006,-0.0,-0.0,101.52491800000001
1014,0.15,0.0,0.5,0.3333333333333333,0.0,1.0,250.0,2307.0,1677.3815,0.2729165583008236,83.86907500000001,2.9745565266666674,-0.3623624024787383,-1.6595136990009574,85.18411782766573
1015,0.15,0.0,0.5,0.3333333333333333,1.0,0.0,619.559380317206,2957.352794667372,2286.1263973336863,0.2269686587761951,112.33218593779822,3.98404819459391,-0.0,-0.0,116.31623413239213
1016,0.15,0.0,0.5,0.3333333333333333,1.0,1.0,619.559380317206,2957.352794667372,2002.557897333686,0.3228545809804463,100.1278948666843,3.5512026712717364,-0.3623624024787383,-1.6595136990009574,102.01958383895509
1017,0.15,0.0,0.5,0.6666666666666666,0.0,0.0,250.0,2307.0,1960.95,0.15000000000000002,98.04750000000001,6.954836000000001,-0.0,-0.0,105.00233600000001
1018,0.15,0.0,0.5,0.6666666666666666,0.0,1.0,250.0,2307.0,1677.3815,0.2729165583008236,83.86907500000001,5.949113053333335,-0.3623624024787383,-1.6595136990009574,88.15867435433239
1019,0.15,0.0,0.5,0.6666666666666666,1.0,0.0,619.559380317206,2957.352794667372,2286.1263973336863,0.2269686587761951,112.33218593779822,7.96809638918782,-0.0,-0.0,120.30028232698604
1020,0.15,0.0,0.5,0.6666666666666666,1.0,1.0,619.559380317206,2957.352794667372,2002.557897333686,0.3228545809804463,100.1278948666843,7.102405342543473,-0.3623624024787383,-1.6595136990009574,105.57078651022682
1021,0.15,0.0,0.5,1.0,0.0,0.0,250.0,2307.0,1960.95,0.15000000000000002,98.04750000000001,10.432254000000002,-0.0,-0.0,108.47975400000001
1022,0.15,0.0,0.5,1.0,0.0,1.0,250.0,2307.0,1677.3815,0.2729165583008236,83.86907500000001,8.923669580000002,-0.3623624024787383,-1.6595136990009574,91.13323088099905
1023,0.15,0.0,0.5,1.0,1.0,0.0,619.559380317206,2957.352794667372,2286.1263973336863,0.2269686587761951,112.33218593779822,11.952144583781731,-0.0,-0.0,124.28433052157995
1024,0.15,0.0,0.5,1.0,1.0,1.0,619.559380317206,2957.352794667372,2002.557897333686,0.3228545809804463,100.1278948666843,10.653608013815212,-0.3623624024787383,-1.6595136990009574,109.12198918149856
1025,0.15,0.25,0.1,0.0,0.0,0.0,250.0,2307.0,1960.95,0.15000000000000002,98.04750000000001,0.0,-0.11480114154640464,-0.5257556130382067,97.52174438696181
1026,0.15,0.25,0.1,0.0,0.0,1.0,250.0,2307.0,1677.3815,0.2729165583008236,83.86907500000001,0.0,-0.47716354402514294,-2.185269312039164,81.68380568796084
1027,0.15,0.25,0.1,0.0,1.0,0.0,619.559380317206,2957.352794667372,2546.267515200635,0.1390044773176864,125.33924183114566,0.0,-0.14716405582282804,-0.6739682841485036,124.66527354699716
1028,0.15,0.25,0.1,0.0,1.0,1.0,619.559380317206,2957.352794667372,2262.6990152006347,0.23489039952193747,113.13495076003174,0.0,-0.5095264583015664,-2.3334819831494613,110.80146877688227
1029,0.15,0.25,0.1,0.3333333333333333,0.0,0.0,250.0,2307.0,1960.95,0.15000000000000002,98.04750000000001,3.4774180000000006,-0.11480114154640464,-0.5257556130382067,100.99916238696181
1030,0.15,0.25,0.1,0.3333333333333333,0.0,1.0,250.0,2307.0,1677.3815,0.2729165583008236,83.86907500000001,2.9745565266666674,-0.47716354402514294,-2.185269312039164,84.65836221462752
1031,0.15,0.25,0.1,0.3333333333333333,1.0,0.0,619.559380317206,2957.352794667372,2546.267515200635,0.1390044773176864,125.33924183114566,4.445365110277966,-0.14716405582282804,-0.6739682841485036,129.1106386572751
1032,0.15,0.25,0.1,0.3333333333333333,1.0,1.0,619.559380317206,2957.352794667372,2262.6990152006347,0.23489039952193747,113.13495076003174,4.012519586955793,-0.5095264583015664,-2.3334819831494613,114.81398836383806
1033,0.15,0.25,0.1,0.6666666666666666,0.0,0.0,250.0,2307.0,1960.95,0.15000000000000002,98.04750000000001,6.954836000000001,-0.11480114154640464,-0.5257556130382067,104.47658038696181
1034,0.15,0.25,0.1,0.6666666666666666,0.0,1.0,250.0,2307.0,1677.3815,0.2729165583008236,83.86907500000001,5.949113053333335,-0.47716354402514294,-2.185269312039164,87.63291874129418
1035,0.15,0.25,0.1,0.6666666666666666,1.0,0.0,619.559380317206,2957.352794667372,2546.267515200635,0.1390044773176864,125.33924183114566,8.890730220555932,-0.14716405582282804,-0.6739682841485036,133.55600376755308
1036,0.15,0.25,0.1,0.6666666666666666,1.0,1.0,619.559380317206,2957.352794667372,2262.6990152006347,0.23489039952193747,113.13495076003174,8.025039173911585,-0.5095264583015664,-2.3334819831494613,118.82650795079385
1037,0.15,0.25,0.1,1.0,0.0,0.0,250.0,2307.0,1960.95,0.15000000000000002,98.04750000000001,10.432254000000002,-0.11480114154640464,-0.5257556130382067,107.95399838696181
1038,0.15,0.25,0.1,1.0,0.0,1.0,250.0,2307.0,1677.3815,0.2729165583008236,83.86907500000001,8.923669580000002,-0.47716354402514294,-2.185269312039164,90.60747526796084
1039,0.15,0.25,0.1,1.0,1.0,0.0,619.559380317206,2957.352794667372,2546.267515200635,0.1390044773176864,125.33924183114566,13.3360953308339,-0.14716405582282804,-0.6739682841485036,138.00136887783103
1040,0.15,0.25,0.1,1.0,1.0,1.0,619.559380317206,2957.352794667372,2262.6990152006347,0.23489039952193747,113.13495076003174,12.037558760867379,-0.5095264583015664,-2.3334819831494613,122.83902753774967
1041,0.15,0.25,0.2,0.0,0.0,0.0,250.0,2307.0,1960.95,0.15000000000000002,98.04750000000001,0.0,-0.11480114154640464,-0.5257556130382067,97.52174438696181
1042,0.15,0.25,0.2,0.0,0.0,1.0,250.0,2307.0,1677.3815,0.2729165583008236,83.86907500000001,0.0,-0.47716354402514294,-2.185269312039164,81.68380568796084
1043,0.15,0.25,0.2,0.0,1.0,0.0,619.559380317206,2957.352794667372,2481.232235733898,0.16099552268231343,122.0874778578088,0.0,-0.14716405582282804,-0.6739682841485036,121.4135095736603
1044,0.15,0.25,0.2,0.0,1.0,1.0,619.559380317206,2957.352794667372,2197.6637357338977,0.2568814448865646,109.88318678669489,0.0,-0.5095264583015664,-2.3334819831494613,107.54970480354544
1045,0.15,0.25,0.2,0.3333333333333333,0.0,0.0,250.0,2307.0,1960.95,0.15000000000000002,98.04750000000001,3.4774180000000006,-0.11480114154640464,-0.5257556130382067,100.99916238696181
1046,0.15,0.25,0.2,0.3333333333333333,0.0,1.0,250.0,2307.0,1677.3815,0.2729165583008236,83.86907500000001,2.9745565266666674,-0.47716354402514294,-2.185269312039164,84.65836221462752
1047,0.15,0.25,0.2,0.3333333333333333,1.0,0.0,619.559380317206,2957.352794667372,2481.232235733898,0.16099552268231343,122.0874778578088,4.330035881356952,-0.14716405582282804,-0.6739682841485036,125.74354545501726
1048,0.15,0.25,0.2,0.3333333333333333,1.0,1.0,619.559380317206,2957.352794667372,2197.6637357338977,0.2568814448865646,109.88318678669489,3.897190358034779,-0.5095264583015664,-2.3334819831494613,111.44689516158022
1049,0.15,0.25,0.2,0.6666666666666666,0.0,0.0,250.0,2307.0,1960.95,0.15000000000000002,98.04750000000001,6.954836000000001,-0.11480114154640464,-0.5257556130382067,104.47658038696181
1050,0.15,0.25,0.2,0.6666666666666666,0.0,1.0,250.0,2307.0,1677.3815,0.2729165583008236,83.86907500000001,5.949113053333335,-0.47716354402514294,-2.185269312039164,87.63291874129418
1051,0.15,0.25,0.2,0.6666666666666666,1.0,0.0,619.559380317206,2957.352794667372,2481.232235733898,0.16099552268231343,122.0874778578088,8.660071762713905,-0.14716405582282804,-0.6739682841485036,130.0735813363742
1052,0.15,0.25,0.2,0.6666666666666666,1.0,1.0,619.559380317206,2957.352794667372,2197.6637357338977,0.2568814448865646,109.88318678669489,7.794380716069558,-0.5095264583015664,-2.3334819831494613,115.34408551961499
1053,0.15,0.25,0.2,1.0,0.0,0.0,250.0,2307.0,1960.95,0.15000000000000002,98.04750000000001,10.432254000000002,-0.11480114154640464,-0.5257556130382067,107.95399838696181
1054,0.15,0.25,0.2,1.0,0.0,1.0,250.0,2307.0,1677.3815,0.2729165583008236,83.86907500000001,8.923669580000002,-0.47716354402514294,-2.185269312039164,90.60747526796084
1055,0.15,0.25,0.2,1.0,1.0,0.0,619.559380317206,2957.352794667372,2481.232235733898,0.16099552268231343,122.0874778578088,12.990107644070859,-0.14716405582282804,-0.6739682841485036,134.40361721773115
1056,0.15,0.25,0.2,1.0,1.0,1.0,619.559380317206,2957.352794667372,2197.6637357338977,0.2568814448865646,109.88318678669489,11.691571074104338,-0.5095264583015664,-2.3334819831494613,119.24127587764977
1057,0.15,0.25,0.3,0.0,0.0,0.0,250.0,2307.0,1960.95,0.15000000000000002,98.04750000000001,0.0,-0.11480114154640464,-0.5257556130382067,97.52174438696181
1058,0.15,0.25,0.3,0.0,0.0,1.0,250.0,2307.0,1677.3815,0.2729165583008236,83.86907500000001,0.0,-0.47716354402514294,-2.185269312039164,81.68380568796084
1059,0.15,0.25,0.3,0.0,1.0,0.0,619.559380317206,2957.352794667372,2416.1969562671607,0.1829865680469407,118.83571388447193,0.0,-0.14716405582282804,-0.6739682841485036,118.16174560032343
1060,0.15,0.25,0.3,0.0,1.0,1.0,619.559380317206,2957.352794667372,2132.6284562671603,0.2788724902511919,106.63142281335803,0.0,-0.5095264583015664,-2.3334819831494613,104.29794083020857
1061,0.15,0.25,0.3,0.3333333333333333,0.0,0.0,250.0,2307.0,1960.95,0.15000000000000002,98.04750000000001,3.4774180000000006,-0.11480114154640464,-0.5257556130382067,100.99916238696181
1062,0.15,0.25,0.3,0.3333333333333333,0.0,1.0,250.0,2307.0,1677.3815,0.2729165583008236,83.86907500000001,2.9745565266666674,-0.47716354402514294,-2.185269312039164,84.65836221462752
1063,0.15,0.25,0.3,0.3333333333333333,1.0,0.0,619.559380317206,2957.352794667372,2416.1969562671607,0.1829865680469407,118.83571388447193,4.214706652435938,-0.14716405582282804,-0.6739682841485036,122.37645225275936
1064,0.15,0.25,0.3,0.3333333333333333,1.0,1.0,619.559380317206,2957.352794667372,2132.6284562671603,0.2788724902511919,106.63142281335803,3.781861129113765,-0.5095264583015664,-2.3334819831494613,108.07980195932234
1065,0.15,0.25,0.3,0.6666666666666666,0.0,0.0,250.0,2307.0,1960.95,0.15000000000000002,98.04750000000001,6.954836000000001,-0.11480114154640464,-0.5257556130382067,104.47658038696181
1066,0.15,0.25,0.3,0.6666666666666666,0.0,1.0,250.0,2307.0,1677.3815,0.2729165583008236,83.86907500000001,5.949113053333335,-0.47716354402514294,-2.185269312039164,87.63291874129418
1067,0.15,0.25,0.3,0.6666666666666666,1.0,0.0,619.559380317206,2957.352794667372,2416.1969562671607,0.1829865680469407,118.83571388447193,8.429413304871876,-0.14716405582282804,-0.6739682841485036,126.5911589051953
1068,0.15,0.25,0.3,0.6666666666666666,1.0,1.0,619.559380317206,2957.352794667372,2132.6284562671603,0.2788724902511919,106.63142281335803,7.56372225822753,-0.5095264583015664,-2.3334819831494613,111.8616630884361
1069,0.15,0.25,0.3,1.0,0.0,0.0,250.0,2307.0,1960.95,0.15000000000000002,98.04750000000001,10.432254000000002,-0.11480114154640464,-0.5257556130382067,107.95399838696181
1070,0.15,0.25,0.3,1.0,0.0,1.0,250.0,2307.0,1677.3815,0.2729165583008236,83.86907500000001,8.923669580000002,-0.47716354402514294,-2.185269312039164,90.60747526796084
1071,0.15,0.25,0.3,1.0,1.0,0.0,619.559380317206,2957.352794667372,2416.1969562671607,0.1829865680469407,118.83571388447193,12.644119957307815,-0.14716405582282804,-0.6739682841485036,130.80586555763122
1072,0.15,0.25,0.3,1.0,1.0,1.0,619.559380317206,2957.352794667372,2132.6284562671603,0.2788724902511919,106.63142281335803,11.345583387341295,-0.5095264583015664,-2.3334819831494613,115.64352421754987
1073,0.15,0.25,0.5,0.0,0.0,0.0,250.0,2307.0,1960.95,0.15000000000000002,98.04750000000001,0.0,-0.11480114154640464,-0.5257556130382067,97.52174438696181
1074,0.15,0.25,0.5,0.0,0.0,1.0,250.0,2307.0,1677.3815,0.2729165583008236,83.86907500000001,0.0,-0.47716354402514294,-2.185269312039164,81.68380568796084
1075,0.15,0.25,0.5,0.0,1.0,0.0,619.559380317206,2957.352794667372,2286.1263973336863,0.2269686587761951,112.33218593779822,0.0,-0.14716405582282804,-0.6739682841485036,111.65821765364971
1076,0.15,0.25,0.5,0.0,1.0,1.0,619.559380317206,2957.352794667372,2002.557897333686,0.3228545809804463,100.1278948666843,0.0,-0.5095264583015664,-2.3334819831494613,97.79441288353485
1077,0.15,0.25,0.5,0.3333333333333333,0.0,0.0,250.0,2307.0,1960.95,0.15000000000000002,98.04750000000001,3.4774180000000006,-0.11480114154640464,-0.5257556130382067,100.99916238696181
1078,0.15,0.25,0.5,0.3333333333333333,0.0,1.0,250.0,2307.0,1677.3815,0.2729165583008236,83.86907500000001,2.9745565266666674,-0.47716354402514294,-2.185269312039164,84.65836221462752
1079,0.15,0.25,0.5,0.3333333333333333,1.0,0.0,619.559380317206,2957.352794667372,2286.1263973336863,0.2269686587761951,112.33218593779822,3.98404819459391,-0.14716405582282804,-0.6739682841485036,115.64226584824362
1080,0.15,0.25,0.5,0.3333333333333333,1.0,1.0,619.559380317206,2957.352794667372,2002.557897333686,0.3228545809804463,100.1278948666843,3.5512026712717364,-0.5095264583015664,-2.3334819831494613,101.34561555480659
1081,0.15,0.25,0.5,0.6666666666666666,0.0,0.0,250.0,2307.0,1960.95,0.15000000000000002,98.04750000000001,6.954836000000001,-0.11480114154640464,-0.5257556130382067,104.47658038696181
1082,0.15,0.25,0.5,0.6666666666666666,0.0,1.0,250.0,2307.0,1677.3815,0.2729165583008236,83.86907500000001,5.949113053333335,-0.47716354402514294,-2.185269312039164,87.63291874129418
1083,0.15,0.25,0.5,0.6666666666666666,1.0,0.0,619.559380317206,2957.352794667372,2286.1263973336863,0.2269686587761951,112.33218593779822,7.96809638918782,-0.14716405582282804,-0.6739682841485036,119.62631404283754
1084,0.15,0.25,0.5,0.6666666666666666,1.0,1.0,619.559380317206,2957.352794667372,2002.557897333686,0.3228545809804463,100.1278948666843,7.102405342543473,-0.5095264583015664,-2.3334819831494613,104.89681822607832
1085,0.15,0.25,0.5,1.0,0.0,0.0,250.0,2307.0,1960.95,0.15000000000000002,98.04750000000001,10.432254000000002,-0.11480114154640464,-0.5257556130382067,107.95399838696181
1086,0.15,0.25,0.5,1.0,0.0,1.0,250.0,2307.0,1677.3815,0.2729165583008236,83.86907500000001,8.923669580000002,-0.47716354402514294,-2.185269312039164,90.60747526796084
1087,0.15,0.25,0.5,1.0,1.0,0.0,619.559380317206,2957.352794667372,2286.1263973336863,0.2269686587761951,112.33218593779822,11.952144583781731,-0.14716405582282804,-0.6739682841485036,123.61036223743145
1088,0.15,0.25,0.5,1.0,1.0,1.0,619.559380317206,2957.352794667372,2002.557897333686,0.3228545809804463,100.1278948666843,10.653608013815212,-0.5095264583015664,-2.3334819831494613,108.44802089735006
1089,0.15,0.5,0.1,0.0,0.0,0.0,250.0,2307.0,1960.95,0.15000000000000002,98.04750000000001,0.0,-0.22960228309280928,-1.0515112260764135,96.9959887739236
1090,0.15,0.5,0.1,0.0,0.0,1.0,250.0,2307.0,1677.3815,0.2729165583008236,83.86907500000001,0.0,-0.5919646855715476,-2.711024925077371,81.15805007492264
1091,0.15,0.5,0.1,0.0,1.0,0.0,619.559380317206,2957.352794667372,2546.267515200635,0.1390044773176864,125.33924183114566,0.0,-0.2943281116456561,-1.3479365682970073,123.99130526284866
1092,0.15,0.5,0.1,0.0,1.0,1.0,619.559380317206,2957.352794667372,2262.6990152006347,0.23489039952193747,113.13495076003174,0.0,-0.6566905141243944,-3.0074502672979646,110.12750049273377
1093,0.15,0.5,0.1,0.3333333333333333,0.0,0.0,250.0,2307.0,1960.95,0.15000000000000002,98.04750000000001,3.4774180000000006,-0.22960228309280928,-1.0515112260764135,100.4734067739236
1094,0.15,0.5,0.1,0.3333333333333333,0.0,1.0,250.0,2307.0,1677.3815,0.2729165583008236,83.86907500000001,2.9745565266666674,-0.5919646855715476,-2.711024925077371,84.13260660158932
1095,0.15,0.5,0.1,0.3333333333333333,1.0,0.0,619.559380317206,2957.352794667372,2546.267515200635,0.1390044773176864,125.33924183114566,4.445365110277966,-0.2943281116456561,-1.3479365682970073,128.43667037312662
1096,0.15,0.5,0.1,0.3333333333333333,1.0,1.0,619.559380317206,2957.352794667372,2262.6990152006347,0.23489039952193747,113.13495076003174,4.012519586955793,-0.6566905141243944,-3.0074502672979646,114.14002007968956
1097,0.15,0.5,0.1,0.6666666666666666,0.0,0.0,250.0,2307.0,1960.95,0.15000000000000002,98.04750000000001,6.954836000000001,-0.22960228309280928,-1.0515112260764135,103.9508247739236
1098,0.15,0.5,0.1,0.6666666666666666,0.0,1.0,250.0,2307.0,1677.3815,0.2729165583008236,83.86907500000001,5.949113053333335,-0.5919646855715476,-2.711024925077371,87.10716312825598
1099,0.15,0.5,0.1,0.6666666666666666,1.0,0.0,619.559380317206,2957.352794667372,2546.267515200635,0.1390044773176864,125.33924183114566,8.890730220555932,-0.2943281116456561,-1.3479365682970073,132.8820354834046
1100,0.15,0.5,0.1,0.6666666666666666,1.0,1.0,619.559380317206,2957.352794667372,2262.6990152006347,0.23489039952193747,113.13495076003174,8.025039173911585,-0.6566905141243944,-3.0074502672979646,118.15253966664535
1101,0.15,0.5,0.1,1.0,0.0,0.0,250.0,2307.0,1960.95,0.15000000000000002,98.04750000000001,10.432254000000002,-0.22960228309280928,-1.0515112260764135,107.4282427739236
1102,0.15,0.5,0.1,1.0,0.0,1.0,250.0,2307.0,1677.3815,0.2729165583008236,83.86907500000001,8.923669580000002,-0.5919646855715476,-2.711024925077371,90.08171965492264
1103,0.15,0.5,0.1,1.0,1.0,0.0,619.559380317206,2957.352794667372,2546.267515200635,0.1390044773176864,125.33924183114566,13.3360953308339,-0.2943281116456561,-1.3479365682970073,137.32740059368254
1104,0.15,0.5,0.1,1.0,1.0,1.0,619.559380317206,2957.352794667372,2262.6990152006347,0.23489039952193747,113.13495076003174,12.037558760867379,-0.6566905141243944,-3.0074502672979646,122.16505925360116
1105,0.15,0.5,0.2,0.0,0.0,0.0,250.0,2307.0,1960.95,0.15000000000000002,98.04750000000001,0.0,-0.22960228309280928,-1.0515112260764135,96.9959887739236
1106,0.15,0.5,0.2,0.0,0.0,1.0,250.0,2307.0,1677.3815,0.2729165583008236,83.86907500000001,0.0,-0.5919646855715476,-2.711024925077371,81.15805007492264
1107,0.15,0.5,0.2,0.0,1.0,0.0,619.559380317206,2957.352794667372,2481.232235733898,0.16099552268231343,122.0874778578088,0.0,-0.2943281116456561,-1.3479365682970073,120.7395412895118
1108,0.15,0.5,0.2,0.0,1.0,1.0,619.559380317206,2957.352794667372,2197.6637357338977,0.2568814448865646,109.88318678669489,0.0,-0.6566905141243944,-3.0074502672979646,106.87573651939692
1109,0.15,0.5,0.2,0.3333333333333333,0.0,0.0,250.0,2307.0,1960.95,0.15000000000000002,98.04750000000001,3.4774180000000006,-0.22960228309280928,-1.0515112260764135,100.4734067739236
1110,0.15,0.5,0.2,0.3333333333333333,0.0,1.0,250.0,2307.0,1677.3815,0.2729165583008236,83.86907500000001,2.9745565266666674,-0.5919646855715476,-2.711024925077371,84.13260660158932
1111,0.15,0.5,0.2,0.3333333333333333,1.0,0.0,619.559380317206,2957.352794667372,2481.232235733898,0.16099552268231343,122.0874778578088,4.330035881356952,-0.2943281116456561,-1.3479365682970073,125.06957717086875
1112,0.15,0.5,0.2,0.3333333333333333,1.0,1.0,619.559380317206,2957.352794667372,2197.6637357338977,0.2568814448865646,109.88318678669489,3.897190358034779,-0.6566905141243944,-3.0074502672979646,110.7729268774317
1113,0.15,0.5,0.2,0.6666666666666666,0.0,0.0,250.0,2307.0,1960.95,0.15000000000000002,98.04750000000001,6.954836000000001,-0.22960228309280928,-1.0515112260764135,103.9508247739236
1114,0.15,0.5,0.2,0.6666666666666666,0.0,1.0,250.0,2307.0,1677.3815,0.2729165583008236,83.86907500000001,5.949113053333335,-0.5919646855715476,-2.711024925077371,87.10716312825598
1115,0.15,0.5,0.2,0.6666666666666666,1.0,0.0,619.559380317206,2957.352794667372,2481.232235733898,0.16099552268231343,122.0874778578088,8.660071762713905,-0.2943281116456561,-1.3479365682970073,129.3996130522257
1116,0.15,0.5,0.2,0.6666666666666666,1.0,1.0,619.559380317206,2957.352794667372,2197.6637357338977,0.2568814448865646,109.88318678669489,7.794380716069558,-0.6566905141243944,-3.0074502672979646,114.67011723546648
1117,0.15,0.5,0.2,1.0,0.0,0.0,250.0,2307.0,1960.95,0.15000000000000002,98.04750000000001,10.432254000000002,-0.22960228309280928,-1.0515112260764135,107.4282427739236
1118,0.15,0.5,0.2,1.0,0.0,1.0,250.0,2307.0,1677.3815,0.2729165583008236,83.86907500000001,8.923669580000002,-0.5919646855715476,-2.711024925077371,90.08171965492264
1119,0.15,0.5,0.2,1.0,1.0,0.0,619.559380317206,2957.352794667372,2481.232235733898,0.16099552268231343,122.0874778578088,12.990107644070859,-0.2943281116456561,-1.3479365682970073,133.72964893358267
1120,0.15,0.5,0.2,1.0,1.0,1.0,619.559380317206,2957.352794667372,2197.6637357338977,0.2568814448865646,109.88318678669489,11.691571074104338,-0.6566905141243944,-3.0074502672979646,118.56730759350125
1121,0.15,0.5,0.3,0.0,0.0,0.0,250.0,2307.0,1960.95,0.15000000000000002,98.04750000000001,0.0,-0.22960228309280928,-1.0515112260764135,96.9959887739236
1122,0.15,0.5,0.3,0.0,0.0,1.0,250.0,2307.0,1677.3815,0.2729165583008236,83.86907500000001,0.0,-0.5919646855715476,-2.711024925077371,81.15805007492264
1123,0.15,0.5,0.3,0.0,1.0,0.0,619.559380317206,2957.352794667372,2416.1969562671607,0.1829865680469407,118.83571388447193,0.0,-0.2943281116456561,-1.3479365682970073,117.48777731617493
1124,0.15,0.5,0.3,0.0,1.0,1.0,619.559380317206,2957.352794667372,2132.6284562671603,0.2788724902511919,106.63142281335803,0.0,-0.6566905141243944,-3.0074502672979646,103.62397254606006
1125,0.15,0.5,0.3,0.3333333333333333,0.0,0.0,250.0,2307.0,1960.95,0.15000000000000002,98.04750000000001,3.4774180000000006,-0.22960228309280928,-1.0515112260764135,100.4734067739236
1126,0.15,0.5,0.3,0.3333333333333333,0.0,1.0,250.0,2307.0,1677.3815,0.2729165583008236,83.86907500000001,2.9745565266666674,-0.5919646855715476,-2.711024925077371,84.13260660158932
1127,0.15,0.5,0.3,0.3333333333333333,1.0,0.0,619.559380317206,2957.352794667372,2416.1969562671607,0.1829865680469407,118.83571388447193,4.214706652435938,-0.2943281116456561,-1.3479365682970073,121.70248396861086
1128,0.15,0.5,0.3,0.3333333333333333,1.0,1.0,619.559380317206,2957.352794667372,2132.6284562671603,0.2788724902511919,106.63142281335803,3.781861129113765,-0.6566905141243944,-3.0074502672979646,107.40583367517382
1129,0.15,0.5,0.3,0.6666666666666666,0.0,0.0,250.0,2307.0,1960.95,0.15000000000000002,98.04750000000001,6.954836000000001,-0.22960228309280928,-1.0515112260764135,103.9508247739236
1130,0.15,0.5,0.3,0.6666666666666666,0.0,1.0,250.0,2307.0,1677.3815,0.2729165583008236,83.86907500000001,5.949113053333335,-0.5919646855715476,-2.711024925077371,87.10716312825598
1131,0.15,0.5,0.3,0.6666666666666666,1.0,0.0,619.559380317206,2957.352794667372,2416.1969562671607,0.1829865680469407,118.83571388447193,8.429413304871876,-0.2943281116456561,-1.3479365682970073,125.9171906210468
1132,0.15,0.5,0.3,0.6666666666666666,1.0,1.0,619.559380317206,2957.352794667372,2132.6284562671603,0.2788724902511919,106.63142281335803,7.56372225822753,-0.6566905141243944,-3.0074502672979646,111.18769480428759
1133,0.15,0.5,0.3,1.0,0.0,0.0,250.0,2307.0,1960.95,0.15000000000000002,98.04750000000001,10.432254000000002,-0.22960228309280928,-1.0515112260764135,107.4282427739236
1134,0.15,0.5,0.3,1.0,0.0,1.0,250.0,2307.0,1677.3815,0.2729165583008236,83.86907500000001,8.923669580000002,-0.5919646855715476,-2.711024925077371,90.08171965492264
1135,0.15,0.5,0.3,1.0,1.0,0.0,619.559380317206,2957.352794667372,2416.1969562671607,0.1829865680469407,118.83571388447193,12.644119957307815,-0.2943281116456561,-1.3479365682970073,130.13189727348274
1136,0.15,0.5,0.3,1.0,1.0,1.0,619.559380317206,2957.352794667372,2132.6284562671603,0.2788724902511919,106.63142281335803,11.345583387341295,-0.6566905141243944,-3.0074502672979646,114.96955593340135
1137,0.15,0.5,0.5,0.0,0.0,0.0,250.0,2307.0,1960.95,0.15000000000000002,98.04750000000001,0.0,-0.22960228309280928,-1.0515112260764135,96.9959887739236
1138,0.15,0.5,0.5,0.0,0.0,1.0,250.0,2307.0,1677.3815,0.2729165583008236,83.86907500000001,0.0,-0.5919646855715476,-2.711024925077371,81.15805007492264
1139,0.15,0.5,0.5,0.0,1.0,0.0,619.559380317206,2957.352794667372,2286.1263973336863,0.2269686587761951,112.33218593779822,0.0,-0.2943281116456561,-1.3479365682970073,110.98424936950121
1140,0.15,0.5,0.5,0.0,1.0,1.0,619.559380317206,2957.352794667372,2002.557897333686,0.3228545809804463,100.1278948666843,0.0,-0.6566905141243944,-3.0074502672979646,97.12044459938633
1141,0.15,0.5,0.5,0.3333333333333333,0.0,0.0,250.0,2307.0,1960.95,0.15000000000000002,98.04750000000001,3.4774180000000006,-0.22960228309280928,-1.0515112260764135,100.4734067739236
1142,0.15,0.5,0.5,0.3333333333333333,0.0,1.0,250.0,2307.0,1677.3815,0.2729165583008236,83.86907500000001,2.9745565266666674,-0.5919646855715476,-2.711024925077371,84.13260660158932
1143,0.15,0.5,0.5,0.3333333333333333,1.0,0.0,619.559380317206,2957.352794667372,2286.1263973336863,0.2269686587761951,112.33218593779822,3.98404819459391,-0.2943281116456561,-1.3479365682970073,114.96829756409512
1144,0.15,0.5,0.5,0.3333333333333333,1.0,1.0,619.559380317206,2957.352794667372,2002.557897333686,0.3228545809804463,100.1278948666843,3.5512026712717364,-0.6566905141243944,-3.0074502672979646,100.67164727065807
1145,0.15,0.5,0.5,0.6666666666666666,0.0,0.0,250.0,2307.0,1960.95,0.15000000000000002,98.04750000000001,6.954836000000001,-0.22960228309280928,-1.0515112260764135,103.9508247739236
1146,0.15,0.5,0.5,0.6666666666666666,0.0,1.0,250.0,2307.0,1677.3815,0.2729165583008236,83.86907500000001,5.949113053333335,-0.5919646855715476,-2.711024925077371,87.10716312825598
1147,0.15,0.5,0.5,0.6666666666666666,1.0,0.0,619.559380317206,2957.352794667372,2286.1263973336863,0.2269686587761951,112.33218593779822,7.96809638918782,-0.2943281116456561,-1.3479365682970073,118.95234575868903
1148,0.15,0.5,0.5,0.6666666666666666,1.0,1.0,619.559380317206,2957.352794667372,2002.557897333686,0.3228545809804463,100.1278948666843,7.102405342543473,-0.6566905141243944,-3.0074502672979646,104.22284994192981
1149,0.15,0.5,0.5,1.0,0.0,0.0,250.0,2307.0,1960.95,0.15000000000000002,98.04750000000001,10.432254000000002,-0.22960228309280928,-1.0515112260764135,107.4282427739236
1150,0.15,0.5,0.5,1.0,0.0,1.0,250.0,2307.0,1677.3815,0.2729165583008236,83.86907500000001,8.923669580000002,-0.5919646855715476,-2.711024925077371,90.08171965492264
1151,0.15,0.5,0.5,1.0,1.0,0.0,619.559380317206,2957.352794667372,2286.1263973336863,0.2269686587761951,112.33218593779822,11.952144583781731,-0.2943281116456561,-1.3479365682970073,122.93639395328294
1152,0.15,0.5,0.5,1.0,1.0,1.0,619.559380317206,2957.352794667372,2002.557897333686,0.3228545809804463,100.1278948666843,10.653608013815212,-0.6566905141243944,-3.0074502672979646,107.77405261320155
1153,0.15,0.75,0.1,0.0,0.0,0.0,250.0,2307.0,1960.95,0.15000000000000002,98.04750000000001,0.0,-0.3444034246392139,-1.57726683911462,96.4702331608854
1154,0.15,0.75,0.1,0.0,0.0,1.0,250.0,2307.0,1677.3815,0.2729165583008236,83.86907500000001,0.0,-0.7067658271179522,-3.2367805381155774,80.63229446188443
1155,0.15,0.75,0.1,0.0,1.0,0.0,619.559380317206,2957.352794667372,2546.267515200635,0.1390044773176864,125.33924183114566,0.0,-0.4414921674684842,-2.021904852445511,123.31733697870014
1156,0.15,0.75,0.1,0.0,1.0,1.0,619.559380317206,2957.352794667372,2262.6990152006347,0.23489039952193747,113.13495076003174,0.0,-0.8038545699472225,-3.681418551446469,109.45353220858527
1157,0.15,0.75,0.1,0.3333333333333333,0.0,0.0,250.0,2307.0,1960.95,0.15000000000000002,98.04750000000001,3.4774180000000006,-0.3444034246392139,-1.57726683911462,99.9476511608854
1158,0.15,0.75,0.1,0.3333333333333333,0.0,1.0,250.0,2307.0,1677.3815,0.2729165583008236,83.86907500000001,2.9745565266666674,-0.7067658271179522,-3.2367805381155774,83.6068509885511
1159,0.15,0.75,0.1,0.3333333333333333,1.0,0.0,619.559380317206,2957.352794667372,2546.267515200635,0.1390044773176864,125.33924183114566,4.445365110277966,-0.4414921674684842,-2.021904852445511,127.7627020889781
1160,0.15,0.75,0.1,0.3333333333333333,1.0,1.0,619.559380317206,2957.352794667372,2262.6990152006347,0.23489039952193747,113.13495076003174,4.012519586955793,-0.8038545699472225,-3.681418551446469,113.46605179554106
1161,0.15,0.75,0.1,0.6666666666666666,0.0,0.0,250.0,2307.0,1960.95,0.15000000000000002,98.04750000000001,6.954836000000001,-0.3444034246392139,-1.57726683911462,103.4250691608854
1162,0.15,0.75,0.1,0.6666666666666666,0.0,1.0,250.0,2307.0,1677.3815,0.2729165583008236,83.86907500000001,5.949113053333335,-0.7067658271179522,-3.2367805381155774,86.58140751521776
1163,0.15,0.75,0.1,0.6666666666666666,1.0,0.0,619.559380317206,2957.352794667372,2546.267515200635,0.1390044773176864,125.33924183114566,8.890730220555932,-0.4414921674684842,-2.021904852445511,132.20806719925608
1164,0.15,0.75,0.1,0.6666666666666666,1.0,1.0,619.559380317206,2957.352794667372,2262.6990152006347,0.23489039952193747,113.13495076003174,8.025039173911585,-0.8038545699472225,-3.681418551446469,117.47857138249685
1165,0.15,0.75,0.1,1.0,0.0,0.0,250.0,2307.0,1960.95,0.15000000000000002,98.04750000000001,10.432254000000002,-0.3444034246392139,-1.57726683911462,106.9024871608854
1166,0.15,0.75,0.1,1.0,0.0,1.0,250.0,2307.0,1677.3815,0.2729165583008236,83.86907500000001,8.923669580000002,-0.7067658271179522,-3.2367805381155774,89.55596404188442
1167,0.15,0.75,0.1,1.0,1.0,0.0,619.559380317206,2957.352794667372,2546.267515200635,0.1390044773176864,125.33924183114566,13.3360953308339,-0.4414921674684842,-2.021904852445511,136.65343230953403
1168,0.15,0.75,0.1,1.0,1.0,1.0,619.559380317206,2957.352794667372,2262.6990152006347,0.23489039952193747,113.13495076003174,12.037558760867379,-0.8038545699472225,-3.681418551446469,121.49109096945266
1169,0.15,0.75,0.2,0.0,0.0,0.0,250.0,2307.0,1960.95,0.15000000000000002,98.04750000000001,0.0,-0.3444034246392139,-1.57726683911462,96.4702331608854
1170,0.15,0.75,0.2,0.0,0.0,1.0,250.0,2307.0,1677.3815,0.2729165583008236,83.86907500000001,0.0,-0.7067658271179522,-3.2367805381155774,80.63229446188443
1171,0.15,0.75,0.2,0.0,1.0,0.0,619.559380317206,2957.352794667372,2481.232235733898,0.16099552268231343,122.0874778578088,0.0,-0.4414921674684842,-2.021904852445511,120.06557300536329
1172,0.15,0.75,0.2,0.0,1.0,1.0,619.559380317206,2957.352794667372,2197.6637357338977,0.2568814448865646,109.88318678669489,0.0,-0.8038545699472225,-3.681418551446469,106.20176823524842
1173,0.15,0.75,0.2,0.3333333333333333,0.0,0.0,250.0,2307.0,1960.95,0.15000000000000002,98.04750000000001,3.4774180000000006,-0.3444034246392139,-1.57726683911462,99.9476511608854
1174,0.15,0.75,0.2,0.3333333333333333,0.0,1.0,250.0,2307.0,1677.3815,0.2729165583008236,83.86907500000001,2.9745565266666674,-0.7067658271179522,-3.2367805381155774,83.6068509885511
1175,0.15,0.75,0.2,0.3333333333333333,1.0,0.0,619.559380317206,2957.352794667372,2481.232235733898,0.16099552268231343,122.0874778578088,4.330035881356952,-0.4414921674684842,-2.021904852445511,124.39560888672024
1176,0.15,0.75,0.2,0.3333333333333333,1.0,1.0,619.559380317206,2957.352794667372,2197.6637357338977,0.2568814448865646,109.88318678669489,3.897190358034779,-0.8038545699472225,-3.681418551446469,110.0989585932832
1177,0.15,0.75,0.2,0.6666666666666666,0.0,0.0,250.0,2307.0,1960.95,0.15000000000000002,98.04750000000001,6.954836000000001,-0.3444034246392139,-1.57726683911462,103.4250691608854
1178,0.15,0.75,0.2,0.6666666666666666,0.0,1.0,250.0,2307.0,1677.3815,0.2729165583008236,83.86907500000001,5.949113053333335,-0.7067658271179522,-3.2367805381155774,86.58140751521776
1179,0.15,0.75,0.2,0.6666666666666666,1.0,0.0,619.559380317206,2957.352794667372,2481.232235733898,0.16099552268231343,122.0874778578088,8.660071762713905,-0.4414921674684842,-2.021904852445511,128.7256447680772
1180,0.15,0.75,0.2,0.6666666666666666,1.0,1.0,619.559380317206,2957.352794667372,2197.6637357338977,0.2568814448865646,109.88318678669489,7.794380716069558,-0.8038545699472225,-3.681418551446469,113.99614895131798
1181,0.15,0.75,0.2,1.0,0.0,0.0,250.0,2307.0,1960.95,0.15000000000000002,98.04750000000001,10.432254000000002,-0.3444034246392139,-1.57726683911462,106.9024871608854
1182,0.15,0.75,0.2,1.0,0.0,1.0,250.0,2307.0,1677.3815,0.2729165583008236,83.86907500000001,8.923669580000002,-0.7067658271179522,-3.2367805381155774,89.55596404188442
1183,0.15,0.75,0.2,1.0,1.0,0.0,619.559380317206,2957.352794667372,2481.232235733898,0.16099552268231343,122.0874778578088,12.990107644070859,-0.4414921674684842,-2.021904852445511,133.05568064943415
1184,0.15,0.75,0.2,1.0,1.0,1.0,619.559380317206,2957.352794667372,2197.6637357338977,0.2568814448865646,109.88318678669489,11.691571074104338,-0.8038545699472225,-3.681418551446469,117.89333930935275
1185,0.15,0.75,0.3,0.0,0.0,0.0,250.0,2307.0,1960.95,0.15000000000000002,98.04750000000001,0.0,-0.3444034246392139,-1.57726683911462,96.4702331608854
1186,0.15,0.75,0.3,0.0,0.0,1.0,250.0,2307.0,1677.3815,0.2729165583008236,83.86907500000001,0.0,-0.7067658271179522,-3.2367805381155774,80.63229446188443
1187,0.15,0.75,0.3,0.0,1.0,0.0,619.559380317206,2957.352794667372,2416.1969562671607,0.1829865680469407,118.83571388447193,0.0,-0.4414921674684842,-2.021904852445511,116.81380903202641
1188,0.15,0.75,0.3,0.0,1.0,1.0,619.559380317206,2957.352794667372,2132.6284562671603,0.2788724902511919,106.63142281335803,0.0,-0.8038545699472225,-3.681418551446469,102.95000426191156
1189,0.15,0.75,0.3,0.3333333333333333,0.0,0.0,250.0,2307.0,1960.95,0.15000000000000002,98.04750000000001,3.4774180000000006,-0.3444034246392139,-1.57726683911462,99.9476511608854
1190,0.15,0.75,0.3,0.3333333333333333,0.0,1.0,250.0,2307.0,1677.3815,0.2729165583008236,83.86907500000001,2.9745565266666674,-0.7067658271179522,-3.2367805381155774,83.6068509885511
1191,0.15,0.75,0.3,0.3333333333333333,1.0,0.0,619.559380317206,2957.352794667372,2416.1969562671607,0.1829865680469407,118.83571388447193,4.214706652435938,-0.4414921674684842,-2.021904852445511,121.02851568446235
1192,0.15,0.75,0.3,0.3333333333333333,1.0,1.0,619.559380317206,2957.352794667372,2132.6284562671603,0.2788724902511919,106.63142281335803,3.781861129113765,-0.8038545699472225,-3.681418551446469,106.73186539102532
1193,0.15,0.75,0.3,0.6666666666666666,0.0,0.0,250.0,2307.0,1960.95,0.15000000000000002,98.04750000000001,6.954836000000001,-0.3444034246392139,-1.57726683911462,103.4250691608854
1194,0.15,0.75,0.3,0.6666666666666666,0.0,1.0,250.0,2307.0,1677.3815,0.2729165583008236,83.86907500000001,5.949113053333335,-0.7067658271179522,-3.2367805381155774,86.58140751521776
1195,0.15,0.75,0.3,0.6666666666666666,1.0,0.0,619.559380317206,2957.352794667372,2416.1969562671607,0.1829865680469407,118.83571388447193,8.429413304871876,-0.4414921674684842,-2.021904852445511,125.24322233689828
1196,0.15,0.75,0.3,0.6666666666666666,1.0,1.0,619.559380317206,2957.352794667372,2132.6284562671603,0.2788724902511919,106.63142281335803,7.56372225822753,-0.8038545699472225,-3.681418551446469,110.51372652013909
1197,0.15,0.75,0.3,1.0,0.0,0.0,250.0,2307.0,1960.95,0.15000000000000002,98.04750000000001,10.432254000000002,-0.3444034246392139,-1.57726683911462,106.9024871608854
1198,0.15,0.75,0.3,1.0,0.0,1.0,250.0,2307.0,1677.3815,0.2729165583008236,83.86907500000001,8.923669580000002,-0.7067658271179522,-3.2367805381155774,89.55596404188442
1199,0.15,0.75,0.3,1.0,1.0,0.0,619.559380317206,2957.352794667372,2416.1969562671607,0.1829865680469407,118.83571388447193,12.644119957307815,-0.4414921674684842,-2.021904852445511,129.45792898933422
1200,0.15,0.75,0.3,1.0,1.0,1.0,619.559380317206,2957.352794667372,2132.6284562671603,0.2788724902511919,106.63142281335803,11.345583387341295,-0.8038545699472225,-3.681418551446469,114.29558764925285
1201,0.15,0.75,0.5,0.0,0.0,0.0,250.0,2307.0,1960.95,0.15000000000000002,98.04750000000001,0.0,-0.3444034246392139,-1.57726683911462,96.4702331608854
1202,0.15,0.75,0.5,0.0,0.0,1.0,250.0,2307.0,1677.3815,0.2729165583008236,83.86907500000001,0.0,-0.7067658271179522,-3.2367805381155774,80.63229446188443
1203,0.15,0.75,0.5,0.0,1.0,0.0,619.559380317206,2957.352794667372,2286.1263973336863,0.2269686587761951,112.33218593779822,0.0,-0.4414921674684842,-2.021904852445511,110.3102810853527
1204,0.15,0.75,0.5,0.0,1.0,1.0,619.559380317206,2957.352794667372,2002.557897333686,0.3228545809804463,100.1278948666843,0.0,-0.8038545699472225,-3.681418551446469,96.44647631523783
1205,0.15,0.75,0.5,0.3333333333333333,0.0,0.0,250.0,2307.0,1960.95,0.15000000000000002,98.04750000000001,3.4774180000000006,-0.3444034246392139,-1.57726683911462,99.9476511608854
1206,0.15,0.75,0.5,0.3333333333333333,0.0,1.0,250.0,2307.0,1677.3815,0.2729165583008236,83.86907500000001,2.9745565266666674,-0.7067658271179522,-3.2367805381155774,83.6068509885511
1207,0.15,0.75,0.5,0.3333333333333333,1.0,0.0,619.559380317206,2957.352794667372,2286.1263973336863,0.2269686587761951,112.33218593779822,3.98404819459391,-0.4414921674684842,-2.021904852445511,114.29432927994661
1208,0.15,0.75,0.5,0.3333333333333333,1.0,1.0,619.559380317206,2957.352794667372,2002.557897333686,0.3228545809804463,100.1278948666843,3.5512026712717364,-0.8038545699472225,-3.681418551446469,99.99767898650957
1209,0.15,0.75,0.5,0.6666666666666666,0.0,0.0,250.0,2307.0,1960.95,0.15000000000000002,98.04750000000001,6.954836000000001,-0.3444034246392139,-1.57726683911462,103.4250691608854
1210,0.15,0.75,0.5,0.6666666666666666,0.0,1.0,250.0,2307.0,1677.3815,0.2729165583008236,83.86907500000001,5.949113053333335,-0.7067658271179522,-3.2367805381155774,86.58140751521776
1211,0.15,0.75,0.5,0.6666666666666666,1.0,0.0,619.559380317206,2957.352794667372,2286.1263973336863,0.2269686587761951,112.33218593779822,7.96809638918782,-0.4414921674684842,-2.021904852445511,118.27837747454052
1212,0.15,0.75,0.5,0.6666666666666666,1.0,1.0,619.559380317206,2957.352794667372,2002.557897333686,0.3228545809804463,100.1278948666843,7.102405342543473,-0.8038545699472225,-3.681418551446469,103.54888165778131
1213,0.15,0.75,0.5,1.0,0.0,0.0,250.0,2307.0,1960.95,0.15000000000000002,98.04750000000001,10.432254000000002,-0.3444034246392139,-1.57726683911462,106.9024871608854
1214,0.15,0.75,0.5,1.0,0.0,1.0,250.0,2307.0,1677.3815,0.2729165583008236,83.86907500000001,8.923669580000002,-0.7067658271179522,-3.2367805381155774,89.55596404188442
1215,0.15,0.75,0.5,1.0,1.0,0.0,619.559380317206,2957.352794667372,2286.1263973336863,0.2269686587761951,112.33218593779822,11.952144583781731,-0.4414921674684842,-2.021904852445511,122.26242566913443
1216,0.15,0.75,0.5,1.0,1.0,1.0,619.559380317206,2957.352794667372,2002.557897333686,0.3228545809804463,100.1278948666843,10.653608013815212,-0.8038545699472225,-3.681418551446469,107.10008432905305
1217,0.15,1.0,0.1,0.0,0.0,0.0,250.0,2307.0,1960.95,0.15000000000000002,98.04750000000001,0.0,-0.45920456618561856,-2.103022452152827,95.94447754784719
1218,0.15,1.0,0.1,0.0,0.0,1.0,250.0,2307.0,1677.3815,0.2729165583008236,83.86907500000001,0.0,-0.8215669686643569,-3.762536151153784,80.10653884884623
1219,0.15,1.0,0.1,0.0,1.0,0.0,619.559380317206,2957.352794667372,2546.267515200635,0.1390044773176864,125.33924183114566,0.0,-0.5886562232913122,-2.6958731365940145,122.64336869455164
1220,0.15,1.0,0.1,0.0,1.0,1.0,619.559380317206,2957.352794667372,2262.6990152006347,0.23489039952193747,113.13495076003174,0.0,-0.9510186257700505,-4.355386835594972,108.77956392443677
1221,0.15,1.0,0.1,0.3333333333333333,0.0,0.0,250.0,2307.0,1960.95,0.15000000000000002,98.04750000000001,3.4774180000000006,-0.45920456618561856,-2.103022452152827,99.42189554784719
1222,0.15,1.0,0.1,0.3333333333333333,0.0,1.0,250.0,2307.0,1677.3815,0.2729165583008236,83.86907500000001,2.9745565266666674,-0.8215669686643569,-3.762536151153784,83.0810953755129
1223,0.15,1.0,0.1,0.3333333333333333,1.0,0.0,619.559380317206,2957.352794667372,2546.267515200635,0.1390044773176864,125.33924183114566,4.445365110277966,-0.5886562232913122,-2.6958731365940145,127.0887338048296
1224,0.15,1.0,0.1,0.3333333333333333,1.0,1.0,619.559380317206,2957.352794667372,2262.6990152006347,0.23489039952193747,113.13495076003174,4.012519586955793,-0.9510186257700505,-4.355386835594972,112.79208351139256
1225,0.15,1.0,0.1,0.6666666666666666,0.0,0.0,250.0,2307.0,1960.95,0.15000000000000002,98.04750000000001,6.954836000000001,-0.45920456618561856,-2.103022452152827,102.89931354784719
1226,0.15,1.0,0.1,0.6666666666666666,0.0,1.0,250.0,2307.0,1677.3815,0.2729165583008236,83.86907500000001,5.949113053333335,-0.8215669686643569,-3.762536151153784,86.05565190217956
1227,0.15,1.0,0.1,0.6666666666666666,1.0,0.0,619.559380317206,2957.352794667372,2546.267515200635,0.1390044773176864,125.33924183114566,8.890730220555932,-0.5886562232913122,-2.6958731365940145,131.5340989151076
1228,0.15,1.0,0.1,0.6666666666666666,1.0,1.0,619.559380317206,2957.352794667372,2262.6990152006347,0.23489039952193747,113.13495076003174,8.025039173911585,-0.9510186257700505,-4.355386835594972,116.80460309834835
1229,0.15,1.0,0.1,1.0,0.0,0.0,250.0,2307.0,1960.95,0.15000000000000002,98.04750000000001,10.432254000000002,-0.45920456618561856,-2.103022452152827,106.37673154784719
1230,0.15,1.0,0.1,1.0,0.0,1.0,250.0,2307.0,1677.3815,0.2729165583008236,83.86907500000001,8.923669580000002,-0.8215669686643569,-3.762536151153784,89.03020842884622
1231,0.15,1.0,0.1,1.0,1.0,0.0,619.559380317206,2957.352794667372,2546.267515200635,0.1390044773176864,125.33924183114566,13.3360953308339,-0.5886562232913122,-2.6958731365940145,135.97946402538554
1232,0.15,1.0,0.1,1.0,1.0,1.0,619.559380317206,2957.352794667372,2262.6990152006347,0.23489039952193747,113.13495076003174,12.037558760867379,-0.9510186257700505,-4.355386835594972,120.81712268530416
1233,0.15,1.0,0.2,0.0,0.0,0.0,250.0,2307.0,1960.95,0.15000000000000002,98.04750000000001,0.0,-0.45920456618561856,-2.103022452152827,95.94447754784719
1234,0.15,1.0,0.2,0.0,0.0,1.0,250.0,2307.0,1677.3815,0.2729165583008236,83.86907500000001,0.0,-0.8215669686643569,-3.762536151153784,80.10653884884623
1235,0.15,1.0,0.2,0.0,1.0,0.0,619.559380317206,2957.352794667372,2481.232235733898,0.16099552268231343,122.0874778578088,0.0,-0.5886562232913122,-2.6958731365940145,119.39160472121479
1236,0.15,1.0,0.2,0.0,1.0,1.0,619.559380317206,2957.352794667372,2197.6637357338977,0.2568814448865646,109.88318678669489,0.0,-0.9510186257700505,-4.355386835594972,105.52779995109992
1237,0.15,1.0,0.2,0.3333333333333333,0.0,0.0,250.0,2307.0,1960.95,0.15000000000000002,98.04750000000001,3.4774180000000006,-0.45920456618561856,-2.103022452152827,99.42189554784719
1238,0.15,1.0,0.2,0.3333333333333333,0.0,1.0,250.0,2307.0,1677.3815,0.2729165583008236,83.86907500000001,2.9745565266666674,-0.8215669686643569,-3.762536151153784,83.0810953755129
1239,0.15,1.0,0.2,0.3333333333333333,1.0,0.0,619.559380317206,2957.352794667372,2481.232235733898,0.16099552268231343,122.0874778578088,4.330035881356952,-0.5886562232913122,-2.6958731365940145,123.72164060257174
1240,0.15,1.0,0.2,0.3333333333333333,1.0,1.0,619.559380317206,2957.352794667372,2197.6637357338977,0.2568814448865646,109.88318678669489,3.897190358034779,-0.9510186257700505,-4.355386835594972,109.4249903091347
1241,0.15,1.0,0.2,0.6666666666666666,0.0,0.0,250.0,2307.0,1960.95,0.15000000000000002,98.04750000000001,6.954836000000001,-0.45920456618561856,-2.103022452152827,102.89931354784719
1242,0.15,1.0,0.2,0.6666666666666666,0.0,1.0,250.0,2307.0,1677.3815,0.2729165583008236,83.86907500000001,5.949113053333335,-0.8215669686643569,-3.762536151153784,86.05565190217956
1243,0.15,1.0,0.2,0.6666666666666666,1.0,0.0,619.559380317206,2957.352794667372,2481.232235733898,0.16099552268231343,122.0874778578088,8.660071762713905,-0.5886562232913122,-2.6958731365940145,128.0516764839287
1244,0.15,1.0,0.2,0.6666666666666666,1.0,1.0,619.559380317206,2957.352794667372,2197.6637357338977,0.2568814448865646,109.88318678669489,7.794380716069558,-0.9510186257700505,-4.355386835594972,113.32218066716948
1245,0.15,1.0,0.2,1.0,0.0,0.0,250.0,2307.0,1960.95,0.15000000000000002,98.04750000000001,10.432254000000002,-0.45920456618561856,-2.103022452152827,106.37673154784719
1246,0.15,1.0,0.2,1.0,0.0,1.0,250.0,2307.0,1677.3815,0.2729165583008236,83.86907500000001,8.923669580000002,-0.8215669686643569,-3.762536151153784,89.03020842884622
1247,0.15,1.0,0.2,1.0,1.0,0.0,619.559380317206,2957.352794667372,2481.232235733898,0.16099552268231343,122.0874778578088,12.990107644070859,-0.5886562232913122,-2.6958731365940145,132.38171236528567
1248,0.15,1.0,0.2,1.0,1.0,1.0,619.559380317206,2957.352794667372,2197.6637357338977,0.2568814448865646,109.88318678669489,11.691571074104338,-0.9510186257700505,-4.355386835594972,117.21937102520425
1249,0.15,1.0,0.3,0.0,0.0,0.0,250.0,2307.0,1960.95,0.15000000000000002,98.04750000000001,0.0,-0.45920456618561856,-2.103022452152827,95.94447754784719
1250,0.15,1.0,0.3,0.0,0.0,1.0,250.0,2307.0,1677.3815,0.2729165583008236,83.86907500000001,0.0,-0.8215669686643569,-3.762536151153784,80.10653884884623
1251,0.15,1.0,0.3,0.0,1.0,0.0,619.559380317206,2957.352794667372,2416.1969562671607,0.1829865680469407,118.83571388447193,0.0,-0.5886562232913122,-2.6958731365940145,116.13984074787791
1252,0.15,1.0,0.3,0.0,1.0,1.0,619.559380317206,2957.352794667372,2132.6284562671603,0.2788724902511919,106.63142281335803,0.0,-0.9510186257700505,-4.355386835594972,102.27603597776306
1253,0.15,1.0,0.3,0.3333333333333333,0.0,0.0,250.0,2307.0,1960.95,0.15000000000000002,98.04750000000001,3.4774180000000006,-0.45920456618561856,-2.103022452152827,99.42189554784719
1254,0.15,1.0,0.3,0.3333333333333333,0.0,1.0,250.0,2307.0,1677.3815,0.2729165583008236,83.86907500000001,2.9745565266666674,-0.8215669686643569,-3.762536151153784,83.0810953755129
1255,0.15,1.0,0.3,0.3333333333333333,1.0,0.0,619.559380317206,2957.352794667372,2416.1969562671607,0.1829865680469407,118.83571388447193,4.214706652435938,-0.5886562232913122,-2.6958731365940145,120.35454740031385
1256,0.15,1.0,0.3,0.3333333333333333,1.0,1.0,619.559380317206,2957.352794667372,2132.6284562671603,0.2788724902511919,106.63142281335803,3.781861129113765,-0.9510186257700505,-4.355386835594972,106.05789710687682
1257,0.15,1.0,0.3,0.6666666666666666,0.0,0.0,250.0,2307.0,1960.95,0.15000000000000002,98.04750000000001,6.954836000000001,-0.45920456618561856,-2.103022452152827,102.89931354784719
1258,0.15,1.0,0.3,0.6666666666666666,0.0,1.0,250.0,2307.0,1677.3815,0.2729165583008236,83.86907500000001,5.949113053333335,-0.8215669686643569,-3.762536151153784,86.05565190217956
1259,0.15,1.0,0.3,0.6666666666666666,1.0,0.0,619.559380317206,2957.352794667372,2416.1969562671607,0.1829865680469407,118.83571388447193,8.429413304871876,-0.5886562232913122,-2.6958731365940145,124.56925405274978
1260,0.15,1.0,0.3,0.6666666666666666,1.0,1.0,619.559380317206,2957.352794667372,2132.6284562671603,0.2788724902511919,106.63142281335803,7.56372225822753,-0.9510186257700505,-4.355386835594972,109.83975823599059
1261,0.15,1.0,0.3,1.0,0.0,0.0,250.0,2307.0,1960.95,0.15000000000000002,98.04750000000001,10.432254000000002,-0.45920456618561856,-2.103022452152827,106.37673154784719
1262,0.15,1.0,0.3,1.0,0.0,1.0,250.0,2307.0,1677.3815,0.2729165583008236,83.86907500000001,8.923669580000002,-0.8215669686643569,-3.762536151153784,89.03020842884622
1263,0.15,1.0,0.3,1.0,1.0,0.0,619.559380317206,2957.352794667372,2416.1969562671607,0.1829865680469407,118.83571388447193,12.644119957307815,-0.5886562232913122,-2.6958731365940145,128.78396070518573
1264,0.15,1.0,0.3,1.0,1.0,1.0,619.559380317206,2957.352794667372,2132.6284562671603,0.2788724902511919,106.63142281335803,11.345583387341295,-0.9510186257700505,-4.355386835594972,113.62161936510435
1265,0.15,1.0,0.5,0.0,0.0,0.0,250.0,2307.0,1960.95,0.15000000000000002,98.04750000000001,0.0,-0.45920456618561856,-2.103022452152827,95.94447754784719
1266,0.15,1.0,0.5,0.0,0.0,1.0,250.0,2307.0,1677.3815,0.2729165583008236,83.86907500000001,0.0,-0.8215669686643569,-3.762536151153784,80.10653884884623
1267,0.15,1.0,0.5,0.0,1.0,0.0,619.559380317206,2957.352794667372,2286.1263973336863,0.2269686587761951,112.33218593779822,0.0,-0.5886562232913122,-2.6958731365940145,109.6363128012042
1268,0.15,1.0,0.5,0.0,1.0,1.0,619.559380317206,2957.352794667372,2002.557897333686,0.3228545809804463,100.1278948666843,0.0,-0.9510186257700505,-4.355386835594972,95.77250803108933
1269,0.15,1.0,0.5,0.3333333333333333,0.0,0.0,250.0,2307.0,1960.95,0.15000000000000002,98.04750000000001,3.4774180000000006,-0.45920456618561856,-2.103022452152827,99.42189554784719
1270,0.15,1.0,0.5,0.3333333333333333,0.0,1.0,250.0,2307.0,1677.3815,0.2729165583008236,83.86907500000001,2.9745565266666674,-0.8215669686643569,-3.762536151153784,83.0810953755129
1271,0.15,1.0,0.5,0.3333333333333333,1.0,0.0,619.559380317206,2957.352794667372,2286.1263973336863,0.2269686587761951,112.33218593779822,3.98404819459391,-0.5886562232913122,-2.6958731365940145,113.62036099579811
1272,0.15,1.0,0.5,0.3333333333333333,1.0,1.0,619.559380317206,2957.352794667372,2002.557897333686,0.3228545809804463,100.1278948666843,3.5512026712717364,-0.9510186257700505,-4.355386835594972,99.32371070236107
1273,0.15,1.0,0.5,0.6666666666666666,0.0,0.0,250.0,2307.0,1960.95,0.15000000000000002,98.04750000000001,6.954836000000001,-0.45920456618561856,-2.103022452152827,102.89931354784719
1274,0.15,1.0,0.5,0.6666666666666666,0.0,1.0,250.0,2307.0,1677.3815,0.2729165583008236,83.86907500000001,5.949113053333335,-0.8215669686643569,-3.762536151153784,86.05565190217956
1275,0.15,1.0,0.5,0.6666666666666666,1.0,0.0,619.559380317206,2957.352794667372,2286.1263973336863,0.2269686587761951,112.33218593779822,7.96809638918782,-0.5886562232913122,-2.6958731365940145,117.60440919039202
1276,0.15,1.0,0.5,0.6666666666666666,1.0,1.0,619.559380317206,2957.352794667372,2002.557897333686,0.3228545809804463,100.1278948666843,7.102405342543473,-0.9510186257700505,-4.355386835594972,102.87491337363281
1277,0.15,1.0,0.5,1.0,0.0,0.0,250.0,2307.0,1960.95,0.15000000000000002,98.04750000000001,10.432254000000002,-0.45920456618561856,-2.103022452152827,106.37673154784719
1278,0.15,1.0,0.5,1.0,0.0,1.0,250.0,2307.0,1677.3815,0.2729165583008236,83.86907500000001,8.923669580000002,-0.8215669686643569,-3.762536151153784,89.03020842884622
1279,0.15,1.0,0.5,1.0,1.0,0.0,619.559380317206,2957.352794667372,2286.1263973336863,0.2269686587761951,112.33218593779822,11.952144583781731,-0.5886562232913122,-2.6958731365940145,121.58845738498593
1280,0.15,1.0,0.5,1.0,1.0,1.0,619.559380317206,2957.352794667372,2002.557897333686,0.3228545809804463,100.1278948666843,10.653608013815212,-0.9510186257700505,-4.355386835594972,106.42611604490455
1281,0.2,0.0,0.1,0.0,0.0,0.0,250.0,2307.0,1845.6000000000001,0.19999999999999996,92.28000000000002,0.0,-0.0,-0.0,92.28000000000002
1282,0.2,0.0,0.1,0.0,0.0,1.0,250.0,2307.0,1578.712,0.31568617251842224,78.93560000000001,0.0,-0.3623624024787383,-1.6595136990009574,77.27608630099905
1283,0.2,0.0,0.1,0.0,1.0,0.0,619.559380317206,2957.352794667372,2430.917515200635,0.1780089546353727,119.57174183114566,0.0,-0.0,-0.0,119.57174183114566
1284,0.2,0.0,0.1,0.0,1.0,1.0,619.559380317206,2957.352794667372,2164.0295152006347,0.2682545284746679,108.20147576003174,0.0,-0.3623624024787383,-1.6595136990009574,106.54196206103079
1285,0.2,0.0,0.1,0.3333333333333333,0.0,0.0,250.0,2307.0,1845.6000000000001,0.19999999999999996,92.28000000000002,3.2728640000000007,-0.0,-0.0,95.55286400000001
1286,0.2,0.0,0.1,0.3333333333333333,0.0,1.0,250.0,2307.0,1578.712,0.31568617251842224,78.93560000000001,2.7995826133333335,-0.3623624024787383,-1.6595136990009574,80.07566891433238
1287,0.2,0.0,0.1,0.3333333333333333,1.0,0.0,619.559380317206,2957.352794667372,2430.917515200635,0.1780089546353727,119.57174183114566,4.240811110277966,-0.0,-0.0,123.81255294142362
1288,0.2,0.0,0.1,0.3333333333333333,1.0,1.0,619.559380317206,2957.352794667372,2164.0295152006347,0.2682545284746679,108.20147576003174,3.8375456736224596,-0.3623624024787383,-1.6595136990009574,110.37950773465325
1289,0.2,0.0,0.1,0.6666666666666666,0.0,0.0,250.0,2307.0,1845.6000000000001,0.19999999999999996,92.28000000000002,6.545728000000001,-0.0,-0.0,98.82572800000001
1290,0.2,0.0,0.1,0.6666666666666666,0.0,1.0,250.0,2307.0,1578.712,0.31568617251842224,78.93560000000001,5.599165226666667,-0.3623624024787383,-1.6595136990009574,82.87525152766572
1291,0.2,0.0,0.1,0.6666666666666666,1.0,0.0,619.559380317206,2957.352794667372,2430.917515200635,0.1780089546353727,119.57174183114566,8.481622220555932,-0.0,-0.0,128.05336405170158
1292,0.2,0.0,0.1,0.6666666666666666,1.0,1.0,619.559380317206,2957.352794667372,2164.0295152006347,0.2682545284746679,108.20147576003174,7.675091347244919,-0.3623624024787383,-1.6595136990009574,114.2170534082757
1293,0.2,0.0,0.1,1.0,0.0,0.0,250.0,2307.0,1845.6000000000001,0.19999999999999996,92.28000000000002,9.818592000000002,-0.0,-0.0,102.09859200000002
1294,0.2,0.0,0.1,1.0,0.0,1.0,250.0,2307.0,1578.712,0.31568617251842224,78.93560000000001,8.398747840000002,-0.3623624024787383,-1.6595136990009574,85.67483414099905
1295,0.2,0.0,0.1,1.0,1.0,0.0,619.559380317206,2957.352794667372,2430.917515200635,0.1780089546353727,119.57174183114566,12.7224333308339,-0.0,-0.0,132.29417516197955
1296,0.2,0.0,0.1,1.0,1.0,1.0,619.559380317206,2957.352794667372,2164.0295152006347,0.2682545284746679,108.20147576003174,11.512637020867379,-0.3623624024787383,-1.6595136990009574,118.05459908189816
1297,0.2,0.0,0.2,0.0,0.0,0.0,250.0,2307.0,1845.6000000000001,0.19999999999999996,92.28000000000002,0.0,-0.0,-0.0,92.28000000000002
1298,0.2,0.0,0.2,0.0,0.0,1.0,250.0,2307.0,1578.712,0.31568617251842224,78.93560000000001,0.0,-0.3623624024787383,-1.6595136990009574,77.27608630099905
1299,0.2,0.0,0.2,0.0,1.0,0.0,619.559380317206,2957.352794667372,2365.8822357338977,0.19999999999999996,116.31997785780878,0.0,-0.0,-0.0,116.31997785780878
1300,0.2,0.0,0.2,0.0,1.0,1.0,619.559380317206,2957.352794667372,2098.9942357338978,0.29024557383929506,104.94971178669489,0.0,-0.3623624024787383,-1.6595136990009574,103.29019808769394
1301,0.2,0.0,0.2,0.3333333333333333,0.0,0.0,250.0,2307.0,1845.6000000000001,0.19999999999999996,92.28000000000002,3.2728640000000007,-0.0,-0.0,95.55286400000001
1302,0.2,0.0,0.2,0.3333333333333333,0.0,1.0,250.0,2307.0,1578.712,0.31568617251842224,78.93560000000001,2.7995826133333335,-0.3623624024787383,-1.6595136990009574,80.07566891433238
1303,0.2,0.0,0.2,0.3333333333333333,1.0,0.0,619.559380317206,2957.352794667372,2365.8822357338977,0.19999999999999996,116.31997785780878,4.125481881356952,-0.0,-0.0,120.44545973916573
1304,0.2,0.0,0.2,0.3333333333333333,1.0,1.0,619.559380317206,2957.352794667372,2098.9942357338978,0.29024557383929506,104.94971178669489,3.722216444701445,-0.3623624024787383,-1.6595136990009574,107.01241453239538
1305,0.2,0.0,0.2,0.6666666666666666,0.0,0.0,250.0,2307.0,1845.6000000000001,0.19999999999999996,92.28000000000002,6.545728000000001,-0.0,-0.0,98.82572800000001
1306,0.2,0.0,0.2,0.6666666666666666,0.0,1.0,250.0,2307.0,1578.712,0.31568617251842224,78.93560000000001,5.599165226666667,-0.3623624024787383,-1.6595136990009574,82.87525152766572
1307,0.2,0.0,0.2,0.6666666666666666,1.0,0.0,619.559380317206,2957.352794667372,2365.8822357338977,0.19999999999999996,116.31997785780878,8.250963762713903,-0.0,-0.0,124.57094162052269
1308,0.2,0.0,0.2,0.6666666666666666,1.0,1.0,619.559380317206,2957.352794667372,2098.9942357338978,0.29024557383929506,104.94971178669489,7.44443288940289,-0.3623624024787383,-1.6595136990009574,110.73463097709683
1309,0.2,0.0,0.2,1.0,0.0,0.0,250.0,2307.0,1845.6000000000001,0.19999999999999996,92.28000000000002,9.818592000000002,-0.0,-0.0,102.09859200000002
1310,0.2,0.0,0.2,1.0,0.0,1.0,250.0,2307.0,1578.712,0.31568617251842224,78.93560000000001,8.398747840000002,-0.3623624024787383,-1.6595136990009574,85.67483414099905
1311,0.2,0.0,0.2,1.0,1.0,0.0,619.559380317206,2957.352794667372,2365.8822357338977,0.19999999999999996,116.31997785780878,12.376445644070856,-0.0,-0.0,128.69642350187962
1312,0.2,0.0,0.2,1.0,1.0,1.0,619.559380317206,2957.352794667372,2098.9942357338978,0.29024557383929506,104.94971178669489,11.166649334104337,-0.3623624024787383,-1.6595136990009574,114.45684742179827
1313,0.2,0.0,0.3,0.0,0.0,0.0,250.0,2307.0,1845.6000000000001,0.19999999999999996,92.28000000000002,0.0,-0.0,-0.0,92.28000000000002
1314,0.2,0.0,0.3,0.0,0.0,1.0,250.0,2307.0,1578.712,0.31568617251842224,78.93560000000001,0.0,-0.3623624024787383,-1.6595136990009574,77.27608630099905
1315,0.2,0.0,0.3,0.0,1.0,0.0,619.559380317206,2957.352794667372,2300.8469562671607,0.2219910453646271,113.06821388447194,0.0,-0.0,-0.0,113.06821388447194
1316,0.2,0.0,0.3,0.0,1.0,1.0,619.559380317206,2957.352794667372,2033.9589562671604,0.3122366192039223,101.69794781335803,0.0,-0.3623624024787383,-1.6595136990009574,100.03843411435707
1317,0.2,0.0,0.3,0.3333333333333333,0.0,0.0,250.0,2307.0,1845.6000000000001,0.19999999999999996,92.28000000000002,3.2728640000000007,-0.0,-0.0,95.55286400000001
1318,0.2,0.0,0.3,0.3333333333333333,0.0,1.0,250.0,2307.0,1578.712,0.31568617251842224,78.93560000000001,2.7995826133333335,-0.3623624024787383,-1.6595136990009574,80.07566891433238
1319,0.2,0.0,0.3,0.3333333333333333,1.0,0.0,619.559380317206,2957.352794667372,2300.8469562671607,0.2219910453646271,113.06821388447194,4.010152652435938,-0.0,-0.0,117.07836653690788
1320,0.2,0.0,0.3,0.3333333333333333,1.0,1.0,619.559380317206,2957.352794667372,2033.9589562671604,0.3122366192039223,101.69794781335803,3.6068872157804313,-0.3623624024787383,-1.6595136990009574,103.6453213301375
1321,0.2,0.0,0.3,0.6666666666666666,0.0,0.0,250.0,2307.0,1845.6000000000001,0.19999999999999996,92.28000000000002,6.545728000000001,-0.0,-0.0,98.82572800000001
1322,0.2,0.0,0.3,0.6666666666666666,0.0,1.0,250.0,2307.0,1578.712,0.31568617251842224,78.93560000000001,5.599165226666667,-0.3623624024787383,-1.6595136990009574,82.87525152766572
1323,0.2,0.0,0.3,0.6666666666666666,1.0,0.0,619.559380317206,2957.352794667372,2300.8469562671607,0.2219910453646271,113.06821388447194,8.020305304871876,-0.0,-0.0,121.08851918934383
1324,0.2,0.0,0.3,0.6666666666666666,1.0,1.0,619.559380317206,2957.352794667372,2033.9589562671604,0.3122366192039223,101.69794781335803,7.2137744315608625,-0.3623624024787383,-1.6595136990009574,107.25220854591794
1325,0.2,0.0,0.3,1.0,0.0,0.0,250.0,2307.0,1845.6000000000001,0.19999999999999996,92.28000000000002,9.818592000000002,-0.0,-0.0,102.09859200000002
1326,0.2,0.0,0.3,1.0,0.0,1.0,250.0,2307.0,1578.712,0.31568617251842224,78.93560000000001,8.398747840000002,-0.3623624024787383,-1.6595136990009574,85.67483414099905
1327,0.2,0.0,0.3,1.0,1.0,0.0,619.559380317206,2957.352794667372,2300.8469562671607,0.2219910453646271,113.06821388447194,12.030457957307817,-0.0,-0.0,125.09867184177976
1328,0.2,0.0,0.3,1.0,1.0,1.0,619.559380317206,2957.352794667372,2033.9589562671604,0.3122366192039223,101.69794781335803,10.820661647341295,-0.3623624024787383,-1.6595136990009574,110.85909576169837
1329,0.2,0.0,0.5,0.0,0.0,0.0,250.0,2307.0,1845.6000000000001,0.19999999999999996,92.28000000000002,0.0,-0.0,-0.0,92.28000000000002
1330,0.2,0.0,0.5,0.0,0.0,1.0,250.0,2307.0,1578.712,0.31568617251842224,78.93560000000001,0.0,-0.3623624024787383,-1.6595136990009574,77.27608630099905
1331,0.2,0.0,0.5,0.0,1.0,0.0,619.559380317206,2957.352794667372,2170.776397333686,0.2659731360938816,106.5646859377982,0.0,-0.0,-0.0,106.5646859377982
1332,0.2,0.0,0.5,0.0,1.0,1.0,619.559380317206,2957.352794667372,1903.888397333686,0.3562187099331767,95.19441986668431,0.0,-0.3623624024787383,-1.6595136990009574,93.53490616768336
1333,0.2,0.0,0.5,0.3333333333333333,0.0,0.0,250.0,2307.0,1845.6000000000001,0.19999999999999996,92.28000000000002,3.2728640000000007,-0.0,-0.0,95.55286400000001
1334,0.2,0.0,0.5,0.3333333333333333,0.0,1.0,250.0,2307.0,1578.712,0.31568617251842224,78.93560000000001,2.7995826133333335,-0.3623624024787383,-1.6595136990009574,80.07566891433238
1335,0.2,0.0,0.5,0.3333333333333333,1.0,0.0,619.559380317206,2957.352794667372,2170.776397333686,0.2659731360938816,106.5646859377982,3.77949419459391,-0.0,-0.0,110.34418013239211
1336,0.2,0.0,0.5,0.3333333333333333,1.0,1.0,619.559380317206,2957.352794667372,1903.888397333686,0.3562187099331767,95.19441986668431,3.376228757938404,-0.3623624024787383,-1.6595136990009574,96.91113492562177
1337,0.2,0.0,0.5,0.6666666666666666,0.0,0.0,250.0,2307.0,1845.6000000000001,0.19999999999999996,92.28000000000002,6.545728000000001,-0.0,-0.0,98.82572800000001
1338,0.2,0.0,0.5,0.6666666666666666,0.0,1.0,250.0,2307.0,1578.712,0.31568617251842224,78.93560000000001,5.599165226666667,-0.3623624024787383,-1.6595136990009574,82.87525152766572
1339,0.2,0.0,0.5,0.6666666666666666,1.0,0.0,619.559380317206,2957.352794667372,2170.776397333686,0.2659731360938816,106.5646859377982,7.55898838918782,-0.0,-0.0,114.12367432698602
1340,0.2,0.0,0.5,0.6666666666666666,1.0,1.0,619.559380317206,2957.352794667372,1903.888397333686,0.3562187099331767,95.19441986668431,6.752457515876808,-0.3623624024787383,-1.6595136990009574,100.28736368356017
1341,0.2,0.0,0.5,1.0,0.0,0.0,250.0,2307.0,1845.6000000000001,0.19999999999999996,92.28000000000002,9.818592000000002,-0.0,-0.0,102.09859200000002
1342,0.2,0.0,0.5,1.0,0.0,1.0,250.0,2307.0,1578.712,0.31568617251842224,78.93560000000001,8.398747840000002,-0.3623624024787383,-1.6595136990009574,85.67483414099905
1343,0.2,0.0,0.5,1.0,1.0,0.0,619.559380317206,2957.352794667372,2170.776397333686,0.2659731360938816,106.5646859377982,11.33848258378173,-0.0,-0.0,117.90316852157993
1344,0.2,0.0,0.5,1.0,1.0,1.0,619.559380317206,2957.352794667372,1903.888397333686,0.3562187099331767,95.19441986668431,10.12868627381521,-0.3623624024787383,-1.6595136990009574,103.66359244149857
1345,0.2,0.25,0.1,0.0,0.0,0.0,250.0,2307.0,1845.6000000000001,0.19999999999999996,92.28000000000002,0.0,-0.15306818872853956,-0.7010074840509425,91.57899251594907
1346,0.2,0.25,0.1,0.0,0.0,1.0,250.0,2307.0,1578.712,0.31568617251842224,78.93560000000001,0.0,-0.5154305912072779,-2.3605211830518997,76.5750788169481
1347,0.2,0.25,0.1,0.0,1.0,0.0,619.559380317206,2957.352794667372,2430.917515200635,0.1780089546353727,119.57174183114566,0.0,-0.19621874109710413,-0.898624378864672,118.67311745228099
1348,0.2,0.25,0.1,0.0,1.0,1.0,619.559380317206,2957.352794667372,2164.0295152006347,0.2682545284746679,108.20147576003174,0.0,-0.5585811435758424,-2.558138077865629,105.6433376821661
1349,0.2,0.25,0.1,0.3333333333333333,0.0,0.0,250.0,2307.0,1845.6000000000001,0.19999999999999996,92.28000000000002,3.2728640000000007,-0.15306818872853956,-0.7010074840509425,94.85185651594907
1350,0.2,0.25,0.1,0.3333333333333333,0.0,1.0,250.0,2307.0,1578.712,0.31568617251842224,78.93560000000001,2.7995826133333335,-0.5154305912072779,-2.3605211830518997,79.37466143028144
1351,0.2,0.25,0.1,0.3333333333333333,1.0,0.0,619.559380317206,2957.352794667372,2430.917515200635,0.1780089546353727,119.57174183114566,4.240811110277966,-0.19621874109710413,-0.898624378864672,122.91392856255895
1352,0.2,0.25,0.1,0.3333333333333333,1.0,1.0,619.559380317206,2957.352794667372,2164.0295152006347,0.2682545284746679,108.20147576003174,3.8375456736224596,-0.5585811435758424,-2.558138077865629,109.48088335578856
1353,0.2,0.25,0.1,0.6666666666666666,0.0,0.0,250.0,2307.0,1845.6000000000001,0.19999999999999996,92.28000000000002,6.545728000000001,-0.15306818872853956,-0.7010074840509425,98.12472051594906
1354,0.2,0.25,0.1,0.6666666666666666,0.0,1.0,250.0,2307.0,1578.712,0.31568617251842224,78.93560000000001,5.599165226666667,-0.5154305912072779,-2.3605211830518997,82.17424404361478
1355,0.2,0.25,0.1,0.6666666666666666,1.0,0.0,619.559380317206,2957.352794667372,2430.917515200635,0.1780089546353727,119.57174183114566,8.481622220555932,-0.19621874109710413,-0.898624378864672,127.15473967283691
1356,0.2,0.25,0.1,0.6666666666666666,1.0,1.0,619.559380317206,2957.352794667372,2164.0295152006347,0.2682545284746679,108.20147576003174,7.675091347244919,-0.5585811435758424,-2.558138077865629,113.31842902941102
1357,0.2,0.25,0.1,1.0,0.0,0.0,250.0,2307.0,1845.6000000000001,0.19999999999999996,92.28000000000002,9.818592000000002,-0.15306818872853956,-0.7010074840509425,101.39758451594908
1358,0.2,0.25,0.1,1.0,0.0,1.0,250.0,2307.0,1578.712,0.31568617251842224,78.93560000000001,8.398747840000002,-0.5154305912072779,-2.3605211830518997,84.9738266569481
1359,0.2,0.25,0.1,1.0,1.0,0.0,619.559380317206,2957.352794667372,2430.917515200635,0.1780089546353727,119.57174183114566,12.7224333308339,-0.19621874109710413,-0.898624378864672,131.39555078311489
1360,0.2,0.25,0.1,1.0,1.0,1.0,619.559380317206,2957.352794667372,2164.0295152006347,0.2682545284746679,108.20147576003174,11.512637020867379,-0.5585811435758424,-2.558138077865629,117.15597470303348
1361,0.2,0.25,0.2,0.0,0.0,0.0,250.0,2307.0,1845.6000000000001,0.19999999999999996,92.28000000000002,0.0,-0.15306818872853956,-0.7010074840509425,91.57899251594907
1362,0.2,0.25,0.2,0.0,0.0,1.0,250.0,2307.0,1578.712,0.31568617251842224,78.93560000000001,0.0,-0.5154305912072779,-2.3605211830518997,76.5750788169481
1363,0.2,0.25,0.2,0.0,1.0,0.0,619.559380317206,2957.352794667372,2365.8822357338977,0.19999999999999996,116.31997785780878,0.0,-0.19621874109710413,-0.898624378864672,115.42135347894411
1364,0.2,0.25,0.2,0.0,1.0,1.0,619.559380317206,2957.352794667372,2098.9942357338978,0.29024557383929506,104.94971178669489,0.0,-0.5585811435758424,-2.558138077865629,102.39157370882926
1365,0.2,0.25,0.2,0.3333333333333333,0.0,0.0,250.0,2307.0,1845.6000000000001,0.19999999999999996,92.28000000000002,3.2728640000000007,-0.15306818872853956,-0.7010074840509425,94.85185651594907
1366,0.2,0.25,0.2,0.3333333333333333,0.0,1.0,250.0,2307.0,1578.712,0.31568617251842224,78.93560000000001,2.7995826133333335,-0.5154305912072779,-2.3605211830518997,79.37466143028144
1367,0.2,0.25,0.2,0.3333333333333333,1.0,0.0,619.559380317206,2957.352794667372,2365.8822357338977,0.19999999999999996,116.31997785780878,4.125481881356952,-0.19621874109710413,-0.898624378864672,119.54683536030106
1368,0.2,0.25,0.2,0.3333333333333333,1.0,1.0,619.559380317206,2957.352794667372,2098.9942357338978,0.29024557383929506,104.94971178669489,3.722216444701445,-0.5585811435758424,-2.558138077865629,106.1137901535307
1369,0.2,0.25,0.2,0.6666666666666666,0.0,0.0,250.0,2307.0,1845.6000000000001,0.19999999999999996,92.28000000000002,6.545728000000001,-0.15306818872853956,-0.7010074840509425,98.12472051594906
1370,0.2,0.25,0.2,0.6666666666666666,0.0,1.0,250.0,2307.0,1578.712,0.31568617251842224,78.93560000000001,5.599165226666667,-0.5154305912072779,-2.3605211830518997,82.17424404361478
1371,0.2,0.25,0.2,0.6666666666666666,1.0,0.0,619.559380317206,2957.352794667372,2365.8822357338977,0.19999999999999996,116.31997785780878,8.250963762713903,-0.19621874109710413,-0.898624378864672,123.67231724165802
1372,0.2,0.25,0.2,0.6666666666666666,1.0,1.0,619.559380317206,2957.352794667372,2098.9942357338978,0.29024557383929506,104.94971178669489,7.44443288940289,-0.5585811435758424,-2.558138077865629,109.83600659823215
1373,0.2,0.25,0.2,1.0,0.0,0.0,250.0,2307.0,1845.6000000000001,0.19999999999999996,92.28000000000002,9.818592000000002,-0.15306818872853956,-0.7010074840509425,101.39758451594908
1374,0.2,0.25,0.2,1.0,0.0,1.0,250.0,2307.0,1578.712,0.31568617251842224,78.93560000000001,8.398747840000002,-0.5154305912072779,-2.3605211830518997,84.9738266569481
1375,0.2,0.25,0.2,1.0,1.0,0.0,619.559380317206,2957.352794667372,2365.8822357338977,0.19999999999999996,116.31997785780878,12.376445644070856,-0.19621874109710413,-0.898624378864672,127.79779912301495
1376,0.2,0.25,0.2,1.0,1.0,1.0,619.559380317206,2957.352794667372,2098.9942357338978,0.29024557383929506,104.94971178669489,11.166649334104337,-0.5585811435758424,-2.558138077865629,113.55822304293359
1377,0.2,0.25,0.3,0.0,0.0,0.0,250.0,2307.0,1845.6000000000001,0.19999999999999996,92.28000000000002,0.0,-0.15306818872853956,-0.7010074840509425,91.57899251594907
1378,0.2,0.25,0.3,0.0,0.0,1.0,250.0,2307.0,1578.712,0.31568617251842224,78.93560000000001,0.0,-0.5154305912072779,-2.3605211830518997,76.5750788169481
1379,0.2,0.25,0.3,0.0,1.0,0.0,619.559380317206,2957.352794667372,2300.8469562671607,0.2219910453646271,113.06821388447194,0.0,-0.19621874109710413,-0.898624378864672,112.16958950560728
1380,0.2,0.25,0.3,0.0,1.0,1.0,619.559380317206,2957.352794667372,2033.9589562671604,0.3122366192039223,101.69794781335803,0.0,-0.5585811435758424,-2.558138077865629,99.13980973549239
1381,0.2,0.25,0.3,0.3333333333333333,0.0,0.0,250.0,2307.0,1845.6000000000001,0.19999999999999996,92.28000000000002,3.2728640000000007,-0.15306818872853956,-0.7010074840509425,94.85185651594907
1382,0.2,0.25,0.3,0.3333333333333333,0.0,1.0,250.0,2307.0,1578.712,0.31568617251842224,78.93560000000001,2.7995826133333335,-0.5154305912072779,-2.3605211830518997,79.37466143028144
1383,0.2,0.25,0.3,0.3333333333333333,1.0,0.0,619.559380317206,2957.352794667372,2300.8469562671607,0.2219910453646271,113.06821388447194,4.010152652435938,-0.19621874109710413,-0.898624378864672,116.17974215804321
1384,0.2,0.25,0.3,0.3333333333333333,1.0,1.0,619.559380317206,2957.352794667372,2033.9589562671604,0.3122366192039223,101.69794781335803,3.6068872157804313,-0.5585811435758424,-2.558138077865629,102.74669695127282
1385,0.2,0.25,0.3,0.6666666666666666,0.0,0.0,250.0,2307.0,1845.6000000000001,0.19999999999999996,92.28000000000002,6.545728000000001,-0.15306818872853956,-0.7010074840509425,98.12472051594906
1386,0.2,0.25,0.3,0.6666666666666666,0.0,1.0,250.0,2307.0,1578.712,0.31568617251842224,78.93560000000001,5.599165226666667,-0.5154305912072779,-2.3605211830518997,82.17424404361478
1387,0.2,0.25,0.3,0.6666666666666666,1.0,0.0,619.559380317206,2957.352794667372,2300.8469562671607,0.2219910453646271,113.06821388447194,8.020305304871876,-0.19621874109710413,-0.898624378864672,120.18989481047916
1388,0.2,0.25,0.3,0.6666666666666666,1.0,1.0,619.559380317206,2957.352794667372,2033.9589562671604,0.3122366192039223,101.69794781335803,7.2137744315608625,-0.5585811435758424,-2.558138077865629,106.35358416705326
1389,0.2,0.25,0.3,1.0,0.0,0.0,250.0,2307.0,1845.6000000000001,0.19999999999999996,92.28000000000002,9.818592000000002,-0.15306818872853956,-0.7010074840509425,101.39758451594908
1390,0.2,0.25,0.3,1.0,0.0,1.0,250.0,2307.0,1578.712,0.31568617251842224,78.93560000000001,8.398747840000002,-0.5154305912072779,-2.3605211830518997,84.9738266569481
1391,0.2,0.25,0.3,1.0,1.0,0.0,619.559380317206,2957.352794667372,2300.8469562671607,0.2219910453646271,113.06821388447194,12.030457957307817,-0.19621874109710413,-0.898624378864672,124.2000474629151
1392,0.2,0.25,0.3,1.0,1.0,1.0,619.559380317206,2957.352794667372,2033.9589562671604,0.3122366192039223,101.69794781335803,10.820661647341295,-0.5585811435758424,-2.558138077865629,109.96047138283369
1393,0.2,0.25,0.5,0.0,0.0,0.0,250.0,2307.0,1845.6000000000001,0.19999999999999996,92.28000000000002,0.0,-0.15306818872853956,-0.7010074840509425,91.57899251594907
1394,0.2,0.25,0.5,0.0,0.0,1.0,250.0,2307.0,1578.712,0.31568617251842224,78.93560000000001,0.0,-0.5154305912072779,-2.3605211830518997,76.5750788169481
1395,0.2,0.25,0.5,0.0,1.0,0.0,619.559380317206,2957.352794667372,2170.776397333686,0.2659731360938816,106.5646859377982,0.0,-0.19621874109710413,-0.898624378864672,105.66606155893354
1396,0.2,0.25,0.5,0.0,1.0,1.0,619.559380317206,2957.352794667372,1903.888397333686,0.3562187099331767,95.19441986668431,0.0,-0.5585811435758424,-2.558138077865629,92.63628178881868
1397,0.2,0.25,0.5,0.3333333333333333,0.0,0.0,250.0,2307.0,1845.6000000000001,0.19999999999999996,92.28000000000002,3.2728640000000007,-0.15306818872853956,-0.7010074840509425,94.85185651594907
1398,0.2,0.25,0.5,0.3333333333333333,0.0,1.0,250.0,2307.0,1578.712,0.31568617251842224,78.93560000000001,2.7995826133333335,-0.5154305912072779,-2.3605211830518997,79.37466143028144
1399,0.2,0.25,0.5,0.3333333333333333,1.0,0.0,619.559380317206,2957.352794667372,2170.776397333686,0.2659731360938816,106.5646859377982,3.77949419459391,-0.19621874109710413,-0.898624378864672,109.44555575352744
1400,0.2,0.25,0.5,0.3333333333333333,1.0,1.0,619.559380317206,2957.352794667372,1903.888397333686,0.3562187099331767,95.19441986668431,3.376228757938404,-0.5585811435758424,-2.558138077865629,96.01251054675708
1401,0.2,0.25,0.5,0.6666666666666666,0.0,0.0,250.0,2307.0,1845.6000000000001,0.19999999999999996,92.28000000000002,6.545728000000001,-0.15306818872853956,-0.7010074840509425,98.12472051594906
1402,0.2,0.25,0.5,0.6666666666666666,0.0,1.0,250.0,2307.0,1578.712,0.31568617251842224,78.93560000000001,5.599165226666667,-0.5154305912072779,-2.3605211830518997,82.17424404361478
1403,0.2,0.25,0.5,0.6666666666666666,1.0,0.0,619.559380317206,2957.352794667372,2170.776397333686,0.2659731360938816,106.5646859377982,7.55898838918782,-0.19621874109710413,-0.898624378864672,113.22504994812135
1404,0.2,0.25,0.5,0.6666666666666666,1.0,1.0,619.559380317206,2957.352794667372,1903.888397333686,0.3562187099331767,95.19441986668431,6.752457515876808,-0.5585811435758424,-2.558138077865629,99.38873930469549
1405,0.2,0.25,0.5,1.0,0.0,0.0,250.0,2307.0,1845.6000000000001,0.19999999999999996,92.28000000000002,9.818592000000002,-0.15306818872853956,-0.7010074840509425,101.39758451594908
1406,0.2,0.25,0.5,1.0,0.0,1.0,250.0,2307.0,1578.712,0.31568617251842224,78.93560000000001,8.398747840000002,-0.5154305912072779,-2.3605211830518997,84.9738266569481
1407,0.2,0.25,0.5,1.0,1.0,0.0,619.559380317206,2957.352794667372,2170.776397333686,0.2659731360938816,106.5646859377982,11.33848258378173,-0.19621874109710413,-0.898624378864672,117.00454414271526
1408,0.2,0.25,0.5,1.0,1.0,1.0,619.559380317206,2957.352794667372,1903.888397333686,0.3562187099331767,95.19441986668431,10.12868627381521,-0.5585811435758424,-2.558138077865629,102.76496806263388
1409,0.2,0.5,0.1,0.0,0.0,0.0,250.0,2307.0,1845.6000000000001,0.19999999999999996,92.28000000000002,0.0,-0.3061363774570791,-1.402014968101885,90.87798503189813
1410,0.2,0.5,0.1,0.0,0.0,1.0,250.0,2307.0,1578.712,0.31568617251842224,78.93560000000001,0.0,-0.6684987799358174,-3.0615286671028423,75.87407133289716
1411,0.2,0.5,0.1,0.0,1.0,0.0,619.559380317206,2957.352794667372,2430.917515200635,0.1780089546353727,119.57174183114566,0.0,-0.39243748219420826,-1.797248757729344,117.77449307341631
1412,0.2,0.5,0.1,0.0,1.0,1.0,619.559380317206,2957.352794667372,2164.0295152006347,0.2682545284746679,108.20147576003174,0.0,-0.7547998846729466,-3.456762456730301,104.74471330330144
1413,0.2,0.5,0.1,0.3333333333333333,0.0,0.0,250.0,2307.0,1845.6000000000001,0.19999999999999996,92.28000000000002,3.2728640000000007,-0.3061363774570791,-1.402014968101885,94.15084903189813
1414,0.2,0.5,0.1,0.3333333333333333,0.0,1.0,250.0,2307.0,1578.712,0.31568617251842224,78.93560000000001,2.7995826133333335,-0.6684987799358174,-3.0615286671028423,78.67365394623049
1415,0.2,0.5,0.1,0.3333333333333333,1.0,0.0,619.559380317206,2957.352794667372,2430.917515200635,0.1780089546353727,119.57174183114566,4.240811110277966,-0.39243748219420826,-1.797248757729344,122.01530418369427
1416,0.2,0.5,0.1,0.3333333333333333,1.0,1.0,619.559380317206,2957.352794667372,2164.0295152006347,0.2682545284746679,108.20147576003174,3.8375456736224596,-0.7547998846729466,-3.456762456730301,108.5822589769239
1417,0.2,0.5,0.1,0.6666666666666666,0.0,0.0,250.0,2307.0,1845.6000000000001,0.19999999999999996,92.28000000000002,6.545728000000001,-0.3061363774570791,-1.402014968101885,97.42371303189813
1418,0.2,0.5,0.1,0.6666666666666666,0.0,1.0,250.0,2307.0,1578.712,0.31568617251842224,78.93560000000001,5.599165226666667,-0.6684987799358174,-3.0615286671028423,81.47323655956383
1419,0.2,0.5,0.1,0.6666666666666666,1.0,0.0,619.559380317206,2957.352794667372,2430.917515200635,0.1780089546353727,119.57174183114566,8.481622220555932,-0.39243748219420826,-1.797248757729344,126.25611529397223
1420,0.2,0.5,0.1,0.6666666666666666,1.0,1.0,619.559380317206,2957.352794667372,2164.0295152006347,0.2682545284746679,108.20147576003174,7.675091347244919,-0.7547998846729466,-3.456762456730301,112.41980465054635
1421,0.2,0.5,0.1,1.0,0.0,0.0,250.0,2307.0,1845.6000000000001,0.19999999999999996,92.28000000000002,9.818592000000002,-0.3061363774570791,-1.402014968101885,100.69657703189814
1422,0.2,0.5,0.1,1.0,0.0,1.0,250.0,2307.0,1578.712,0.31568617251842224,78.93560000000001,8.398747840000002,-0.6684987799358174,-3.0615286671028423,84.27281917289716
1423,0.2,0.5,0.1,1.0,1.0,0.0,619.559380317206,2957.352794667372,2430.917515200635,0.1780089546353727,119.57174183114566,12.7224333308339,-0.39243748219420826,-1.797248757729344,130.49692640425022
1424,0.2,0.5,0.1,1.0,1.0,1.0,619.559380317206,2957.352794667372,2164.0295152006347,0.2682545284746679,108.20147576003174,11.512637020867379,-0.7547998846729466,-3.456762456730301,116.25735032416881
1425,0.2,0.5,0.2,0.0,0.0,0.0,250.0,2307.0,1845.6000000000001,0.19999999999999996,92.28000000000002,0.0,-0.3061363774570791,-1.402014968101885,90.87798503189813
1426,0.2,0.5,0.2,0.0,0.0,1.0,250.0,2307.0,1578.712,0.31568617251842224,78.93560000000001,0.0,-0.6684987799358174,-3.0615286671028423,75.87407133289716
1427,0.2,0.5,0.2,0.0,1.0,0.0,619.559380317206,2957.352794667372,2365.8822357338977,0.19999999999999996,116.31997785780878,0.0,-0.39243748219420826,-1.797248757729344,114.52272910007943
1428,0.2,0.5,0.2,0.0,1.0,1.0,619.559380317206,2957.352794667372,2098.9942357338978,0.29024557383929506,104.94971178669489,0.0,-0.7547998846729466,-3.456762456730301,101.49294932996459
1429,0.2,0.5,0.2,0.3333333333333333,0.0,0.0,250.0,2307.0,1845.6000000000001,0.19999999999999996,92.28000000000002,3.2728640000000007,-0.3061363774570791,-1.402014968101885,94.15084903189813
1430,0.2,0.5,0.2,0.3333333333333333,0.0,1.0,250.0,2307.0,1578.712,0.31568617251842224,78.93560000000001,2.7995826133333335,-0.6684987799358174,-3.0615286671028423,78.67365394623049
1431,0.2,0.5,0.2,0.3333333333333333,1.0,0.0,619.559380317206,2957.352794667372,2365.8822357338977,0.19999999999999996,116.31997785780878,4.125481881356952,-0.39243748219420826,-1.797248757729344,118.64821098143638
1432,0.2,0.5,0.2,0.3333333333333333,1.0,1.0,619.559380317206,2957.352794667372,2098.9942357338978,0.29024557383929506,104.94971178669489,3.722216444701445,-0.7547998846729466,-3.456762456730301,105.21516577466603
1433,0.2,0.5,0.2,0.6666666666666666,0.0,0.0,250.0,2307.0,1845.6000000000001,0.19999999999999996,92.28000000000002,6.545728000000001,-0.3061363774570791,-1.402014968101885,97.42371303189813
1434,0.2,0.5,0.2,0.6666666666666666,0.0,1.0,250.0,2307.0,1578.712,0.31568617251842224,78.93560000000001,5.599165226666667,-0.6684987799358174,-3.0615286671028423,81.47323655956383
1435,0.2,0.5,0.2,0.6666666666666666,1.0,0.0,619.559380317206,2957.352794667372,2365.8822357338977,0.19999999999999996,116.31997785780878,8.250963762713903,-0.39243748219420826,-1.797248757729344,122.77369286279334
1436,0.2,0.5,0.2,0.6666666666666666,1.0,1.0,619.559380317206,2957.352794667372,2098.9942357338978,0.29024557383929506,104.94971178669489,7.44443288940289,-0.7547998846729466,-3.456762456730301,108.93738221936748
1437,0.2,0.5,0.2,1.0,0.0,0.0,250.0,2307.0,1845.6000000000001,0.19999999999999996,92.28000000000002,9.818592000000002,-0.3061363774570791,-1.402014968101885,100.69657703189814
1438,0.2,0.5,0.2,1.0,0.0,1.0,250.0,2307.0,1578.712,0.31568617251842224,78.93560000000001,8.398747840000002,-0.6684987799358174,-3.0615286671028423,84.27281917289716
1439,0.2,0.5,0.2,1.0,1.0,0.0,619.559380317206,2957.352794667372,2365.8822357338977,0.19999999999999996,116.31997785780878,12.376445644070856,-0.39243748219420826,-1.797248757729344,126.89917474415027
1440,0.2,0.5,0.2,1.0,1.0,1.0,619.559380317206,2957.352794667372,2098.9942357338978,0.29024557383929506,104.94971178669489,11.166649334104337,-0.7547998846729466,-3.456762456730301,112.65959866406892
1441,0.2,0.5,0.3,0.0,0.0,0.0,250.0,2307.0,1845.6000000000001,0.19999999999999996,92.28000000000002,0.0,-0.3061363774570791,-1.402014968101885,90.87798503189813
1442,0.2,0.5,0.3,0.0,0.0,1.0,250.0,2307.0,1578.712,0.31568617251842224,78.93560000000001,0.0,-0.6684987799358174,-3.0615286671028423,75.87407133289716
1443,0.2,0.5,0.3,0.0,1.0,0.0,619.559380317206,2957.352794667372,2300.8469562671607,0.2219910453646271,113.06821388447194,0.0,-0.39243748219420826,-1.797248757729344,111.2709651267426
1444,0.2,0.5,0.3,0.0,1.0,1.0,619.559380317206,2957.352794667372,2033.9589562671604,0.3122366192039223,101.69794781335803,0.0,-0.7547998846729466,-3.456762456730301,98.24118535662772
1445,0.2,0.5,0.3,0.3333333333333333,0.0,0.0,250.0,2307.0,1845.6000000000001,0.19999999999999996,92.28000000000002,3.2728640000000007,-0.3061363774570791,-1.402014968101885,94.15084903189813
1446,0.2,0.5,0.3,0.3333333333333333,0.0,1.0,250.0,2307.0,1578.712,0.31568617251842224,78.93560000000001,2.7995826133333335,-0.6684987799358174,-3.0615286671028423,78.67365394623049
1447,0.2,0.5,0.3,0.3333333333333333,1.0,0.0,619.559380317206,2957.352794667372,2300.8469562671607,0.2219910453646271,113.06821388447194,4.010152652435938,-0.39243748219420826,-1.797248757729344,115.28111777917853
1448,0.2,0.5,0.3,0.3333333333333333,1.0,1.0,619.559380317206,2957.352794667372,2033.9589562671604,0.3122366192039223,101.69794781335803,3.6068872157804313,-0.7547998846729466,-3.456762456730301,101.84807257240816
1449,0.2,0.5,0.3,0.6666666666666666,0.0,0.0,250.0,2307.0,1845.6000000000001,0.19999999999999996,92.28000000000002,6.545728000000001,-0.3061363774570791,-1.402014968101885,97.42371303189813
1450,0.2,0.5,0.3,0.6666666666666666,0.0,1.0,250.0,2307.0,1578.712,0.31568617251842224,78.93560000000001,5.599165226666667,-0.6684987799358174,-3.0615286671028423,81.47323655956383
1451,0.2,0.5,0.3,0.6666666666666666,1.0,0.0,619.559380317206,2957.352794667372,2300.8469562671607,0.2219910453646271,113.06821388447194,8.020305304871876,-0.39243748219420826,-1.797248757729344,119.29127043161448
1452,0.2,0.5,0.3,0.6666666666666666,1.0,1.0,619.559380317206,2957.352794667372,2033.9589562671604,0.3122366192039223,101.69794781335803,7.2137744315608625,-0.7547998846729466,-3.456762456730301,105.45495978818859
1453,0.2,0.5,0.3,1.0,0.0,0.0,250.0,2307.0,1845.6000000000001,0.19999999999999996,92.28000000000002,9.818592000000002,-0.3061363774570791,-1.402014968101885,100.69657703189814
1454,0.2,0.5,0.3,1.0,0.0,1.0,250.0,2307.0,1578.712,0.31568617251842224,78.93560000000001,8.398747840000002,-0.6684987799358174,-3.0615286671028423,84.27281917289716
1455,0.2,0.5,0.3,1.0,1.0,0.0,619.559380317206,2957.352794667372,2300.8469562671607,0.2219910453646271,113.06821388447194,12.030457957307817,-0.39243748219420826,-1.797248757729344,123.30142308405041
1456,0.2,0.5,0.3,1.0,1.0,1.0,619.559380317206,2957.352794667372,2033.9589562671604,0.3122366192039223,101.69794781335803,10.820661647341295,-0.7547998846729466,-3.456762456730301,109.06184700396902
1457,0.2,0.5,0.5,0.0,0.0,0.0,250.0,2307.0,1845.6000000000001,0.19999999999999996,92.28000000000002,0.0,-0.3061363774570791,-1.402014968101885,90.87798503189813
1458,0.2,0.5,0.5,0.0,0.0,1.0,250.0,2307.0,1578.712,0.31568617251842224,78.93560000000001,0.0,-0.6684987799358174,-3.0615286671028423,75.87407133289716
1459,0.2,0.5,0.5,0.0,1.0,0.0,619.559380317206,2957.352794667372,2170.776397333686,0.2659731360938816,106.5646859377982,0.0,-0.39243748219420826,-1.797248757729344,104.76743718006885
1460,0.2,0.5,0.5,0.0,1.0,1.0,619.559380317206,2957.352794667372,1903.888397333686,0.3562187099331767,95.19441986668431,0.0,-0.7547998846729466,-3.456762456730301,91.73765740995401
1461,0.2,0.5,0.5,0.3333333333333333,0.0,0.0,250.0,2307.0,1845.6000000000001,0.19999999999999996,92.28000000000002,3.2728640000000007,-0.3061363774570791,-1.402014968101885,94.15084903189813
1462,0.2,0.5,0.5,0.3333333333333333,0.0,1.0,250.0,2307.0,1578.712,0.31568617251842224,78.93560000000001,2.7995826133333335,-0.6684987799358174,-3.0615286671028423,78.67365394623049
1463,0.2,0.5,0.5,0.3333333333333333,1.0,0.0,619.559380317206,2957.352794667372,2170.776397333686,0.2659731360938816,106.5646859377982,3.77949419459391,-0.39243748219420826,-1.797248757729344,108.54693137466276
1464,0.2,0.5,0.5,0.3333333333333333,1.0,1.0,619.559380317206,2957.352794667372,1903.888397333686,0.3562187099331767,95.19441986668431,3.376228757938404,-0.7547998846729466,-3.456762456730301,95.11388616789242
1465,0.2,0.5,0.5,0.6666666666666666,0.0,0.0,250.0,2307.0,1845.6000000000001,0.19999999999999996,92.28000000000002,6.545728000000001,-0.3061363774570791,-1.402014968101885,97.42371303189813
1466,0.2,0.5,0.5,0.6666666666666666,0.0,1.0,250.0,2307.0,1578.712,0.31568617251842224,78.93560000000001,5.599165226666667,-0.6684987799358174,-3.0615286671028423,81.47323655956383
1467,0.2,0.5,0.5,0.6666666666666666,1.0,0.0,619.559380317206,2957.352794667372,2170.776397333686,0.2659731360938816,106.5646859377982,7.55898838918782,-0.39243748219420826,-1.797248757729344,112.32642556925667
1468,0.2,0.5,0.5,0.6666666666666666,1.0,1.0,619.559380317206,2957.352794667372,1903.888397333686,0.3562187099331767,95.19441986668431,6.752457515876808,-0.7547998846729466,-3.456762456730301,98.49011492583082
1469,0.2,0.5,0.5,1.0,0.0,0.0,250.0,2307.0,1845.6000000000001,0.19999999999999996,92.28000000000002,9.818592000000002,-0.3061363774570791,-1.402014968101885,100.69657703189814
1470,0.2,0.5,0.5,1.0,0.0,1.0,250.0,2307.0,1578.712,0.31568617251842224,78.93560000000001,8.398747840000002,-0.6684987799358174,-3.0615286671028423,84.27281917289716
1471,0.2,0.5,0.5,1.0,1.0,0.0,619.559380317206,2957.352794667372,2170.776397333686,0.2659731360938816,106.5646859377982,11.33848258378173,-0.39243748219420826,-1.797248757729344,116.10591976385058
1472,0.2,0.5,0.5,1.0,1.0,1.0,619.559380317206,2957.352794667372,1903.888397333686,0.3562187099331767,95.19441986668431,10.12868627381521,-0.7547998846729466,-3.456762456730301,101.86634368376922
1473,0.2,0.75,0.1,0.0,0.0,0.0,250.0,2307.0,1845.6000000000001,0.19999999999999996,92.28000000000002,0.0,-0.45920456618561867,-2.1030224521528273,90.17697754784719
1474,0.2,0.75,0.1,0.0,0.0,1.0,250.0,2307.0,1578.712,0.31568617251842224,78.93560000000001,0.0,-0.821566968664357,-3.762536151153785,75.17306384884623
1475,0.2,0.75,0.1,0.0,1.0,0.0,619.559380317206,2957.352794667372,2430.917515200635,0.1780089546353727,119.57174183114566,0.0,-0.5886562232913124,-2.695873136594016,116.87586869455164
1476,0.2,0.75,0.1,0.0,1.0,1.0,619.559380317206,2957.352794667372,2164.0295152006347,0.2682545284746679,108.20147576003174,0.0,-0.9510186257700507,-4.355386835594973,103.84608892443677
1477,0.2,0.75,0.1,0.3333333333333333,0.0,0.0,250.0,2307.0,1845.6000000000001,0.19999999999999996,92.28000000000002,3.2728640000000007,-0.45920456618561867,-2.1030224521528273,93.44984154784719
1478,0.2,0.75,0.1,0.3333333333333333,0.0,1.0,250.0,2307.0,1578.712,0.31568617251842224,78.93560000000001,2.7995826133333335,-0.821566968664357,-3.762536151153785,77.97264646217955
1479,0.2,0.75,0.1,0.3333333333333333,1.0,0.0,619.559380317206,2957.352794667372,2430.917515200635,0.1780089546353727,119.57174183114566,4.240811110277966,-0.5886562232913124,-2.695873136594016,121.1166798048296
1480,0.2,0.75,0.1,0.3333333333333333,1.0,1.0,619.559380317206,2957.352794667372,2164.0295152006347,0.2682545284746679,108.20147576003174,3.8375456736224596,-0.9510186257700507,-4.355386835594973,107.68363459805923
1481,0.2,0.75,0.1,0.6666666666666666,0.0,0.0,250.0,2307.0,1845.6000000000001,0.19999999999999996,92.28000000000002,6.545728000000001,-0.45920456618561867,-2.1030224521528273,96.72270554784718
1482,0.2,0.75,0.1,0.6666666666666666,0.0,1.0,250.0,2307.0,1578.712,0.31568617251842224,78.93560000000001,5.599165226666667,-0.821566968664357,-3.762536151153785,80.7722290755129
1483,0.2,0.75,0.1,0.6666666666666666,1.0,0.0,619.559380317206,2957.352794667372,2430.917515200635,0.1780089546353727,119.57174183114566,8.481622220555932,-0.5886562232913124,-2.695873136594016,125.35749091510756
1484,0.2,0.75,0.1,0.6666666666666666,1.0,1.0,619.559380317206,2957.352794667372,2164.0295152006347,0.2682545284746679,108.20147576003174,7.675091347244919,-0.9510186257700507,-4.355386835594973,111.52118027168169
1485,0.2,0.75,0.1,1.0,0.0,0.0,250.0,2307.0,1845.6000000000001,0.19999999999999996,92.28000000000002,9.818592000000002,-0.45920456618561867,-2.1030224521528273,99.9955695478472
1486,0.2,0.75,0.1,1.0,0.0,1.0,250.0,2307.0,1578.712,0.31568617251842224,78.93560000000001,8.398747840000002,-0.821566968664357,-3.762536151153785,83.57181168884622
1487,0.2,0.75,0.1,1.0,1.0,0.0,619.559380317206,2957.352794667372,2430.917515200635,0.1780089546353727,119.57174183114566,12.7224333308339,-0.5886562232913124,-2.695873136594016,129.59830202538555
1488,0.2,0.75,0.1,1.0,1.0,1.0,619.559380317206,2957.352794667372,2164.0295152006347,0.2682545284746679,108.20147576003174,11.512637020867379,-0.9510186257700507,-4.355386835594973,115.35872594530414
1489,0.2,0.75,0.2,0.0,0.0,0.0,250.0,2307.0,1845.6000000000001,0.19999999999999996,92.28000000000002,0.0,-0.45920456618561867,-2.1030224521528273,90.17697754784719
1490,0.2,0.75,0.2,0.0,0.0,1.0,250.0,2307.0,1578.712,0.31568617251842224,78.93560000000001,0.0,-0.821566968664357,-3.762536151153785,75.17306384884623
1491,0.2,0.75,0.2,0.0,1.0,0.0,619.559380317206,2957.352794667372,2365.8822357338977,0.19999999999999996,116.31997785780878,0.0,-0.5886562232913124,-2.695873136594016,113.62410472121476
1492,0.2,0.75,0.2,0.0,1.0,1.0,619.559380317206,2957.352794667372,2098.9942357338978,0.29024557383929506,104.94971178669489,0.0,-0.9510186257700507,-4.355386835594973,100.59432495109992
1493,0.2,0.75,0.2,0.3333333333333333,0.0,0.0,250.0,2307.0,1845.6000000000001,0.19999999999999996,92.28000000000002,3.2728640000000007,-0.45920456618561867,-2.1030224521528273,93.44984154784719
1494,0.2,0.75,0.2,0.3333333333333333,0.0,1.0,250.0,2307.0,1578.712,0.31568617251842224,78.93560000000001,2.7995826133333335,-0.821566968664357,-3.762536151153785,77.97264646217955
1495,0.2,0.75,0.2,0.3333333333333333,1.0,0.0,619.559380317206,2957.352794667372,2365.8822357338977,0.19999999999999996,116.31997785780878,4.125481881356952,-0.5886562232913124,-2.695873136594016,117.74958660257171
1496,0.2,0.75,0.2,0.3333333333333333,1.0,1.0,619.559380317206,2957.352794667372,2098.9942357338978,0.29024557383929506,104.94971178669489,3.722216444701445,-0.9510186257700507,-4.355386835594973,104.31654139580137
1497,0.2,0.75,0.2,0.6666666666666666,0.0,0.0,250.0,2307.0,1845.6000000000001,0.19999999999999996,92.28000000000002,6.545728000000001,-0.45920456618561867,-2.1030224521528273,96.72270554784718
1498,0.2,0.75,0.2,0.6666666666666666,0.0,1.0,250.0,2307.0,1578.712,0.31568617251842224,78.93560000000001,5.599165226666667,-0.821566968664357,-3.762536151153785,80.7722290755129
1499,0.2,0.75,0.2,0.6666666666666666,1.0,0.0,619.559380317206,2957.352794667372,2365.8822357338977,0.19999999999999996,116.31997785780878,8.250963762713903,-0.5886562232913124,-2.695873136594016,121.87506848392867
1500,0.2,0.75,0.2,0.6666666666666666,1.0,1.0,619.559380317206,2957.352794667372,2098.9942357338978,0.29024557383929506,104.94971178669489,7.44443288940289,-0.9510186257700507,-4.355386835594973,108.03875784050281
1501,0.2,0.75,0.2,1.0,0.0,0.0,250.0,2307.0,1845.6000000000001,0.19999999999999996,92.28000000000002,9.818592000000002,-0.45920456618561867,-2.1030224521528273,99.9955695478472
1502,0.2,0.75,0.2,1.0,0.0,1.0,250.0,2307.0,1578.712,0.31568617251842224,78.93560000000001,8.398747840000002,-0.821566968664357,-3.762536151153785,83.57181168884622
1503,0.2,0.75,0.2,1.0,1.0,0.0,619.559380317206,2957.352794667372,2365.8822357338977,0.19999999999999996,116.31997785780878,12.376445644070856,-0.5886562232913124,-2.695873136594016,126.0005503652856
1504,0.2,0.75,0.2,1.0,1.0,1.0,619.559380317206,2957.352794667372,2098.9942357338978,0.29024557383929506,104.94971178669489,11.166649334104337,-0.9510186257700507,-4.355386835594973,111.76097428520426
1505,0.2,0.75,0.3,0.0,0.0,0.0,250.0,2307.0,1845.6000000000001,0.19999999999999996,92.28000000000002,0.0,-0.45920456618561867,-2.1030224521528273,90.17697754784719
1506,0.2,0.75,0.3,0.0,0.0,1.0,250.0,2307.0,1578.712,0.31568617251842224,78.93560000000001,0.0,-0.821566968664357,-3.762536151153785,75.17306384884623
1507,0.2,0.75,0.3,0.0,1.0,0.0,619.559380317206,2957.352794667372,2300.8469562671607,0.2219910453646271,113.06821388447194,0.0,-0.5886562232913124,-2.695873136594016,110.37234074787793
1508,0.2,0.75,0.3,0.0,1.0,1.0,619.559380317206,2957.352794667372,2033.9589562671604,0.3122366192039223,101.69794781335803,0.0,-0.9510186257700507,-4.355386835594973,97.34256097776306
1509,0.2,0.75,0.3,0.3333333333333333,0.0,0.0,250.0,2307.0,1845.6000000000001,0.19999999999999996,92.28000000000002,3.2728640000000007,-0.45920456618561867,-2.1030224521528273,93.44984154784719
1510,0.2,0.75,0.3,0.3333333333333333,0.0,1.0,250.0,2307.0,1578.712,0.31568617251842224,78.93560000000001,2.7995826133333335,-0.821566968664357,-3.762536151153785,77.97264646217955
1511,0.2,0.75,0.3,0.3333333333333333,1.0,0.0,619.559380317206,2957.352794667372,2300.8469562671607,0.2219910453646271,113.06821388447194,4.010152652435938,-0.5886562232913124,-2.695873136594016,114.38249340031386
1512,0.2,0.75,0.3,0.3333333333333333,1.0,1.0,619.559380317206,2957.352794667372,2033.9589562671604,0.3122366192039223,101.69794781335803,3.6068872157804313,-0.9510186257700507,-4.355386835594973,100.94944819354349
1513,0.2,0.75,0.3,0.6666666666666666,0.0,0.0,250.0,2307.0,1845.6000000000001,0.19999999999999996,92.28000000000002,6.545728000000001,-0.45920456618561867,-2.1030224521528273,96.72270554784718
1514,0.2,0.75,0.3,0.6666666666666666,0.0,1.0,250.0,2307.0,1578.712,0.31568617251842224,78.93560000000001,5.599165226666667,-0.821566968664357,-3.762536151153785,80.7722290755129
1515,0.2,0.75,0.3,0.6666666666666666,1.0,0.0,619.559380317206,2957.352794667372,2300.8469562671607,0.2219910453646271,113.06821388447194,8.020305304871876,-0.5886562232913124,-2.695873136594016,118.39264605274981
1516,0.2,0.75,0.3,0.6666666666666666,1.0,1.0,619.559380317206,2957.352794667372,2033.9589562671604,0.3122366192039223,101.69794781335803,7.2137744315608625,-0.9510186257700507,-4.355386835594973,104.55633540932392
1517,0.2,0.75,0.3,1.0,0.0,0.0,250.0,2307.0,1845.6000000000001,0.19999999999999996,92.28000000000002,9.818592000000002,-0.45920456618561867,-2.1030224521528273,99.9955695478472
1518,0.2,0.75,0.3,1.0,0.0,1.0,250.0,2307.0,1578.712,0.31568617251842224,78.93560000000001,8.398747840000002,-0.821566968664357,-3.762536151153785,83.57181168884622
1519,0.2,0.75,0.3,1.0,1.0,0.0,619.559380317206,2957.352794667372,2300.8469562671607,0.2219910453646271,113.06821388447194,12.030457957307817,-0.5886562232913124,-2.695873136594016,122.40279870518575
1520,0.2,0.75,0.3,1.0,1.0,1.0,619.559380317206,2957.352794667372,2033.9589562671604,0.3122366192039223,101.69794781335803,10.820661647341295,-0.9510186257700507,-4.355386835594973,108.16322262510435
1521,0.2,0.75,0.5,0.0,0.0,0.0,250.0,2307.0,1845.6000000000001,0.19999999999999996,92.28000000000002,0.0,-0.45920456618561867,-2.1030224521528273,90.17697754784719
1522,0.2,0.75,0.5,0.0,0.0,1.0,250.0,2307.0,1578.712,0.31568617251842224,78.93560000000001,0.0,-0.821566968664357,-3.762536151153785,75.17306384884623
1523,0.2,0.75,0.5,0.0,1.0,0.0,619.559380317206,2957.352794667372,2170.776397333686,0.2659731360938816,106.5646859377982,0.0,-0.5886562232913124,-2.695873136594016,103.86881280120419
1524,0.2,0.75,0.5,0.0,1.0,1.0,619.559380317206,2957.352794667372,1903.888397333686,0.3562187099331767,95.19441986668431,0.0,-0.9510186257700507,-4.355386835594973,90.83903303108934
1525,0.2,0.75,0.5,0.3333333333333333,0.0,0.0,250.0,2307.0,1845.6000000000001,0.19999999999999996,92.28000000000002,3.2728640000000007,-0.45920456618561867,-2.1030224521528273,93.44984154784719
1526,0.2,0.75,0.5,0.3333333333333333,0.0,1.0,250.0,2307.0,1578.712,0.31568617251842224,78.93560000000001,2.7995826133333335,-0.821566968664357,-3.762536151153785,77.97264646217955
1527,0.2,0.75,0.5,0.3333333333333333,1.0,0.0,619.559380317206,2957.352794667372,2170.776397333686,0.2659731360938816,106.5646859377982,3.77949419459391,-0.5886562232913124,-2.695873136594016,107.6483069957981
1528,0.2,0.75,0.5,0.3333333333333333,1.0,1.0,619.559380317206,2957.352794667372,1903.888397333686,0.3562187099331767,95.19441986668431,3.376228757938404,-0.9510186257700507,-4.355386835594973,94.21526178902775
1529,0.2,0.75,0.5,0.6666666666666666,0.0,0.0,250.0,2307.0,1845.6000000000001,0.19999999999999996,92.28000000000002,6.545728000000001,-0.45920456618561867,-2.1030224521528273,96.72270554784718
1530,0.2,0.75,0.5,0.6666666666666666,0.0,1.0,250.0,2307.0,1578.712,0.31568617251842224,78.93560000000001,5.599165226666667,-0.821566968664357,-3.762536151153785,80.7722290755129
1531,0.2,0.75,0.5,0.6666666666666666,1.0,0.0,619.559380317206,2957.352794667372,2170.776397333686,0.2659731360938816,106.5646859377982,7.55898838918782,-0.5886562232913124,-2.695873136594016,111.427801190392
1532,0.2,0.75,0.5,0.6666666666666666,1.0,1.0,619.559380317206,2957.352794667372,1903.888397333686,0.3562187099331767,95.19441986668431,6.752457515876808,-0.9510186257700507,-4.355386835594973,97.59149054696616
1533,0.2,0.75,0.5,1.0,0.0,0.0,250.0,2307.0,1845.6000000000001,0.19999999999999996,92.28000000000002,9.818592000000002,-0.45920456618561867,-2.1030224521528273,99.9955695478472
1534,0.2,0.75,0.5,1.0,0.0,1.0,250.0,2307.0,1578.712,0.31568617251842224,78.93560000000001,8.398747840000002,-0.821566968664357,-3.762536151153785,83.57181168884622
1535,0.2,0.75,0.5,1.0,1.0,0.0,619.559380317206,2957.352794667372,2170.776397333686,0.2659731360938816,106.5646859377982,11.33848258378173,-0.5886562232913124,-2.695873136594016,115.20729538498591
1536,0.2,0.75,0.5,1.0,1.0,1.0,619.559380317206,2957.352794667372,1903.888397333686,0.3562187099331767,95.19441986668431,10.12868627381521,-0.9510186257700507,-4.355386835594973,100.96771930490455
1537,0.2,1.0,0.1,0.0,0.0,0.0,250.0,2307.0,1845.6000000000001,0.19999999999999996,92.28000000000002,0.0,-0.6122727549141582,-2.80402993620377,89.47597006379624
1538,0.2,1.0,0.1,0.0,0.0,1.0,250.0,2307.0,1578.712,0.31568617251842224,78.93560000000001,0.0,-0.9746351573928965,-4.4635436352047275,74.47205636479528
1539,0.2,1.0,0.1,0.0,1.0,0.0,619.559380317206,2957.352794667372,2430.917515200635,0.1780089546353727,119.57174183114566,0.0,-0.7848749643884165,-3.594497515458688,115.97724431568697
1540,0.2,1.0,0.1,0.0,1.0,1.0,619.559380317206,2957.352794667372,2164.0295152006347,0.2682545284746679,108.20147576003174,0.0,-1.147237366867155,-5.254011214459646,102.94746454557209
1541,0.2,1.0,0.1,0.3333333333333333,0.0,0.0,250.0,2307.0,1845.6000000000001,0.19999999999999996,92.28000000000002,3.2728640000000007,-0.6122727549141582,-2.80402993620377,92.74883406379624
1542,0.2,1.0,0.1,0.3333333333333333,0.0,1.0,250.0,2307.0,1578.712,0.31568617251842224,78.93560000000001,2.7995826133333335,-0.9746351573928965,-4.4635436352047275,77.2716389781286
1543,0.2,1.0,0.1,0.3333333333333333,1.0,0.0,619.559380317206,2957.352794667372,2430.917515200635,0.1780089546353727,119.57174183114566,4.240811110277966,-0.7848749643884165,-3.594497515458688,120.21805542596493
1544,0.2,1.0,0.1,0.3333333333333333,1.0,1.0,619.559380317206,2957.352794667372,2164.0295152006347,0.2682545284746679,108.20147576003174,3.8375456736224596,-1.147237366867155,-5.254011214459646,106.78501021919455
1545,0.2,1.0,0.1,0.6666666666666666,0.0,0.0,250.0,2307.0,1845.6000000000001,0.19999999999999996,92.28000000000002,6.545728000000001,-0.6122727549141582,-2.80402993620377,96.02169806379624
1546,0.2,1.0,0.1,0.6666666666666666,0.0,1.0,250.0,2307.0,1578.712,0.31568617251842224,78.93560000000001,5.599165226666667,-0.9746351573928965,-4.4635436352047275,80.07122159146195
1547,0.2,1.0,0.1,0.6666666666666666,1.0,0.0,619.559380317206,2957.352794667372,2430.917515200635,0.1780089546353727,119.57174183114566,8.481622220555932,-0.7848749643884165,-3.594497515458688,124.4588665362429
1548,0.2,1.0,0.1,0.6666666666666666,1.0,1.0,619.559380317206,2957.352794667372,2164.0295152006347,0.2682545284746679,108.20147576003174,7.675091347244919,-1.147237366867155,-5.254011214459646,110.622555892817
1549,0.2,1.0,0.1,1.0,0.0,0.0,250.0,2307.0,1845.6000000000001,0.19999999999999996,92.28000000000002,9.818592000000002,-0.6122727549141582,-2.80402993620377,99.29456206379625
1550,0.2,1.0,0.1,1.0,0.0,1.0,250.0,2307.0,1578.712,0.31568617251842224,78.93560000000001,8.398747840000002,-0.9746351573928965,-4.4635436352047275,82.87080420479528
1551,0.2,1.0,0.1,1.0,1.0,0.0,619.559380317206,2957.352794667372,2430.917515200635,0.1780089546353727,119.57174183114566,12.7224333308339,-0.7848749643884165,-3.594497515458688,128.69967764652085
1552,0.2,1.0,0.1,1.0,1.0,1.0,619.559380317206,2957.352794667372,2164.0295152006347,0.2682545284746679,108.20147576003174,11.512637020867379,-1.147237366867155,-5.254011214459646,114.46010156643946
1553,0.2,1.0,0.2,0.0,0.0,0.0,250.0,2307.0,1845.6000000000001,0.19999999999999996,92.28000000000002,0.0,-0.6122727549141582,-2.80402993620377,89.47597006379624
1554,0.2,1.0,0.2,0.0,0.0,1.0,250.0,2307.0,1578.712,0.31568617251842224,78.93560000000001,0.0,-0.9746351573928965,-4.4635436352047275,74.47205636479528
1555,0.2,1.0,0.2,0.0,1.0,0.0,619.559380317206,2957.352794667372,2365.8822357338977,0.19999999999999996,116.31997785780878,0.0,-0.7848749643884165,-3.594497515458688,112.7254803423501
1556,0.2,1.0,0.2,0.0,1.0,1.0,619.559380317206,2957.352794667372,2098.9942357338978,0.29024557383929506,104.94971178669489,0.0,-1.147237366867155,-5.254011214459646,99.69570057223524
1557,0.2,1.0,0.2,0.3333333333333333,0.0,0.0,250.0,2307.0,1845.6000000000001,0.19999999999999996,92.28000000000002,3.2728640000000007,-0.6122727549141582,-2.80402993620377,92.74883406379624
1558,0.2,1.0,0.2,0.3333333333333333,0.0,1.0,250.0,2307.0,1578.712,0.31568617251842224,78.93560000000001,2.7995826133333335,-0.9746351573928965,-4.4635436352047275,77.2716389781286
1559,0.2,1.0,0.2,0.3333333333333333,1.0,0.0,619.559380317206,2957.352794667372,2365.8822357338977,0.19999999999999996,116.31997785780878,4.125481881356952,-0.7848749643884165,-3.594497515458688,116.85096222370704
1560,0.2,1.0,0.2,0.3333333333333333,1.0,1.0,619.559380317206,2957.352794667372,2098.9942357338978,0.29024557383929506,104.94971178669489,3.722216444701445,-1.147237366867155,-5.254011214459646,103.41791701693668
1561,0.2,1.0,0.2,0.6666666666666666,0.0,0.0,250.0,2307.0,1845.6000000000001,0.19999999999999996,92.28000000000002,6.545728000000001,-0.6122727549141582,-2.80402993620377,96.02169806379624
1562,0.2,1.0,0.2,0.6666666666666666,0.0,1.0,250.0,2307.0,1578.712,0.31568617251842224,78.93560000000001,5.599165226666667,-0.9746351573928965,-4.4635436352047275,80.07122159146195
1563,0.2,1.0,0.2,0.6666666666666666,1.0,0.0,619.559380317206,2957.352794667372,2365.8822357338977,0.19999999999999996,116.31997785780878,8.250963762713903,-0.7848749643884165,-3.594497515458688,120.976444105064
1564,0.2,1.0,0.2,0.6666666666666666,1.0,1.0,619.559380317206,2957.352794667372,2098.9942357338978,0.29024557383929506,104.94971178669489,7.44443288940289,-1.147237366867155,-5.254011214459646,107.14013346163813
1565,0.2,1.0,0.2,1.0,0.0,0.0,250.0,2307.0,1845.6000000000001,0.19999999999999996,92.28000000000002,9.818592000000002,-0.6122727549141582,-2.80402993620377,99.29456206379625
1566,0.2,1.0,0.2,1.0,0.0,1.0,250.0,2307.0,1578.712,0.31568617251842224,78.93560000000001,8.398747840000002,-0.9746351573928965,-4.4635436352047275,82.87080420479528
1567,0.2,1.0,0.2,1.0,1.0,0.0,619.559380317206,2957.352794667372,2365.8822357338977,0.19999999999999996,116.31997785780878,12.376445644070856,-0.7848749643884165,-3.594497515458688,125.10192598642094
1568,0.2,1.0,0.2,1.0,1.0,1.0,619.559380317206,2957.352794667372,2098.9942357338978,0.29024557383929506,104.94971178669489,11.166649334104337,-1.147237366867155,-5.254011214459646,110.86234990633957
1569,0.2,1.0,0.3,0.0,0.0,0.0,250.0,2307.0,1845.6000000000001,0.19999999999999996,92.28000000000002,0.0,-0.6122727549141582,-2.80402993620377,89.47597006379624
1570,0.2,1.0,0.3,0.0,0.0,1.0,250.0,2307.0,1578.712,0.31568617251842224,78.93560000000001,0.0,-0.9746351573928965,-4.4635436352047275,74.47205636479528
1571,0.2,1.0,0.3,0.0,1.0,0.0,619.559380317206,2957.352794667372,2300.8469562671607,0.2219910453646271,113.06821388447194,0.0,-0.7848749643884165,-3.594497515458688,109.47371636901326
1572,0.2,1.0,0.3,0.0,1.0,1.0,619.559380317206,2957.352794667372,2033.9589562671604,0.3122366192039223,101.69794781335803,0.0,-1.147237366867155,-5.254011214459646,96.44393659889838
1573,0.2,1.0,0.3,0.3333333333333333,0.0,0.0,250.0,2307.0,1845.6000000000001,0.19999999999999996,92.28000000000002,3.2728640000000007,-0.6122727549141582,-2.80402993620377,92.74883406379624
1574,0.2,1.0,0.3,0.3333333333333333,0.0,1.0,250.0,2307.0,1578.712,0.31568617251842224,78.93560000000001,2.7995826133333335,-0.9746351573928965,-4.4635436352047275,77.2716389781286
1575,0.2,1.0,0.3,0.3333333333333333,1.0,0.0,619.559380317206,2957.352794667372,2300.8469562671607,0.2219910453646271,113.06821388447194,4.010152652435938,-0.7848749643884165,-3.594497515458688,113.4838690214492
1576,0.2,1.0,0.3,0.3333333333333333,1.0,1.0,619.559380317206,2957.352794667372,2033.9589562671604,0.3122366192039223,101.69794781335803,3.6068872157804313,-1.147237366867155,-5.254011214459646,100.05082381467881
1577,0.2,1.0,0.3,0.6666666666666666,0.0,0.0,250.0,2307.0,1845.6000000000001,0.19999999999999996,92.28000000000002,6.545728000000001,-0.6122727549141582,-2.80402993620377,96.02169806379624
1578,0.2,1.0,0.3,0.6666666666666666,0.0,1.0,250.0,2307.0,1578.712,0.31568617251842224,78.93560000000001,5.599165226666667,-0.9746351573928965,-4.4635436352047275,80.07122159146195
1579,0.2,1.0,0.3,0.6666666666666666,1.0,0.0,619.559380317206,2957.352794667372,2300.8469562671607,0.2219910453646271,113.06821388447194,8.020305304871876,-0.7848749643884165,-3.594497515458688,117.49402167388514
1580,0.2,1.0,0.3,0.6666666666666666,1.0,1.0,619.559380317206,2957.352794667372,2033.9589562671604,0.3122366192039223,101.69794781335803,7.2137744315608625,-1.147237366867155,-5.254011214459646,103.65771103045924
1581,0.2,1.0,0.3,1.0,0.0,0.0,250.0,2307.0,1845.6000000000001,0.19999999999999996,92.28000000000002,9.818592000000002,-0.6122727549141582,-2.80402993620377,99.29456206379625
1582,0.2,1.0,0.3,1.0,0.0,1.0,250.0,2307.0,1578.712,0.31568617251842224,78.93560000000001,8.398747840000002,-0.9746351573928965,-4.4635436352047275,82.87080420479528
1583,0.2,1.0,0.3,1.0,1.0,0.0,619.559380317206,2957.352794667372,2300.8469562671607,0.2219910453646271,113.06821388447194,12.030457957307817,-0.7848749643884165,-3.594497515458688,121.50417432632108
1584,0.2,1.0,0.3,1.0,1.0,1.0,619.559380317206,2957.352794667372,2033.9589562671604,0.3122366192039223,101.69794781335803,10.820661647341295,-1.147237366867155,-5.254011214459646,107.26459824623967
1585,0.2,1.0,0.5,0.0,0.0,0.0,250.0,2307.0,1845.6000000000001,0.19999999999999996,92.28000000000002,0.0,-0.6122727549141582,-2.80402993620377,89.47597006379624
1586,0.2,1.0,0.5,0.0,0.0,1.0,250.0,2307.0,1578.712,0.31568617251842224,78.93560000000001,0.0,-0.9746351573928965,-4.4635436352047275,74.47205636479528
1587,0.2,1.0,0.5,0.0,1.0,0.0,619.559380317206,2957.352794667372,2170.776397333686,0.2659731360938816,106.5646859377982,0.0,-0.7848749643884165,-3.594497515458688,102.97018842233952
1588,0.2,1.0,0.5,0.0,1.0,1.0,619.559380317206,2957.352794667372,1903.888397333686,0.3562187099331767,95.19441986668431,0.0,-1.147237366867155,-5.254011214459646,89.94040865222466
1589,0.2,1.0,0.5,0.3333333333333333,0.0,0.0,250.0,2307.0,1845.6000000000001,0.19999999999999996,92.28000000000002,3.2728640000000007,-0.6122727549141582,-2.80402993620377,92.74883406379624
1590,0.2,1.0,0.5,0.3333333333333333,0.0,1.0,250.0,2307.0,1578.712,0.31568617251842224,78.93560000000001,2.7995826133333335,-0.9746351573928965,-4.4635436352047275,77.2716389781286
1591,0.2,1.0,0.5,0.3333333333333333,1.0,0.0,619.559380317206,2957.352794667372,2170.776397333686,0.2659731360938816,106.5646859377982,3.77949419459391,-0.7848749643884165,-3.594497515458688,106.74968261693343
1592,0.2,1.0,0.5,0.3333333333333333,1.0,1.0,619.559380317206,2957.352794667372,1903.888397333686,0.3562187099331767,95.19441986668431,3.376228757938404,-1.147237366867155,-5.254011214459646,93.31663741016307
1593,0.2,1.0,0.5,0.6666666666666666,0.0,0.0,250.0,2307.0,1845.6000000000001,0.19999999999999996,92.28000000000002,6.545728000000001,-0.6122727549141582,-2.80402993620377,96.02169806379624
1594,0.2,1.0,0.5,0.6666666666666666,0.0,1.0,250.0,2307.0,1578.712,0.31568617251842224,78.93560000000001,5.599165226666667,-0.9746351573928965,-4.4635436352047275,80.07122159146195
1595,0.2,1.0,0.5,0.6666666666666666,1.0,0.0,619.559380317206,2957.352794667372,2170.776397333686,0.2659731360938816,106.5646859377982,7.55898838918782,-0.7848749643884165,-3.594497515458688,110.52917681152734
1596,0.2,1.0,0.5,0.6666666666666666,1.0,1.0,619.559380317206,2957.352794667372,1903.888397333686,0.3562187099331767,95.19441986668431,6.752457515876808,-1.147237366867155,-5.254011214459646,96.69286616810147
1597,0.2,1.0,0.5,1.0,0.0,0.0,250.0,2307.0,1845.6000000000001,0.19999999999999996,92.28000000000002,9.818592000000002,-0.6122727549141582,-2.80402993620377,99.29456206379625
1598,0.2,1.0,0.5,1.0,0.0,1.0,250.0,2307.0,1578.712,0.31568617251842224,78.93560000000001,8.398747840000002,-0.9746351573928965,-4.4635436352047275,82.87080420479528
1599,0.2,1.0,0.5,1.0,1.0,0.0,619.559380317206,2957.352794667372,2170.776397333686,0.2659731360938816,106.5646859377982,11.33848258378173,-0.7848749643884165,-3.594497515458688,114.30867100612124
1600,0.2,1.0,0.5,1.0,1.0,1.0,619.559380317206,2957.352794667372,1903.888397333686,0.3562187099331767,95.19441986668431,10.12868627381521,-1.147237366867155,-5.254011214459646,100.06909492603987
1601,0.3,0.0,0.1,0.0,0.0,0.0,250.0,2307.0,1614.8999999999999,0.30000000000000004,80.745,0.0,-0.0,-0.0,80.745
1602,0.3,0.0,0.1,0.0,0.0,1.0,250.0,2307.0,1381.3729999999998,0.40122540095361947,69.06864999999999,0.0,-0.3623624024787383,-1.6595136990009574,67.40913630099904
1603,0.3,0.0,0.1,0.0,1.0,0.0,619.559380317206,2957.352794667372,2200.217515200635,0.25601790927074564,108.03674183114565,0.0,-0.0,-0.0,108.03674183114565
1604,0.3,0.0,0.1,0.0,1.0,1.0,619.559380317206,2957.352794667372,1966.6905152006348,0.3349827863801288,98.33452576003174,0.0,-0.3623624024787383,-1.6595136990009574,96.67501206103078
1605,0.3,0.0,0.1,0.3333333333333333,0.0,0.0,250.0,2307.0,1614.8999999999999,0.30000000000000004,80.745,2.863756,-0.0,-0.0,83.608756
1606,0.3,0.0,0.1,0.3333333333333333,0.0,1.0,250.0,2307.0,1381.3729999999998,0.40122540095361947,69.06864999999999,2.449634786666666,-0.3623624024787383,-1.6595136990009574,69.8587710876657
1607,0.3,0.0,0.1,0.3333333333333333,1.0,0.0,619.559380317206,2957.352794667372,2200.217515200635,0.25601790927074564,108.03674183114565,3.8317031102779655,-0.0,-0.0,111.86844494142362
1608,0.3,0.0,0.1,0.3333333333333333,1.0,1.0,619.559380317206,2957.352794667372,1966.6905152006348,0.3349827863801288,98.33452576003174,3.4875978469557927,-0.3623624024787383,-1.6595136990009574,100.16260990798658
1609,0.3,0.0,0.1,0.6666666666666666,0.0,0.0,250.0,2307.0,1614.8999999999999,0.30000000000000004,80.745,5.727512,-0.0,-0.0,86.47251200000001
1610,0.3,0.0,0.1,0.6666666666666666,0.0,1.0,250.0,2307.0,1381.3729999999998,0.40122540095361947,69.06864999999999,4.899269573333332,-0.3623624024787383,-1.6595136990009574,72.30840587433237
1611,0.3,0.0,0.1,0.6666666666666666,1.0,0.0,619.559380317206,2957.352794667372,2200.217515200635,0.25601790927074564,108.03674183114565,7.663406220555931,-0.0,-0.0,115.70014805170158
1612,0.3,0.0,0.1,0.6666666666666666,1.0,1.0,619.559380317206,2957.352794667372,1966.6905152006348,0.3349827863801288,98.33452576003174,6.975195693911585,-0.3623624024787383,-1.6595136990009574,103.65020775494237
1613,0.3,0.0,0.1,1.0,0.0,0.0,250.0,2307.0,1614.8999999999999,0.30000000000000004,80.745,8.591268000000001,-0.0,-0.0,89.336268
1614,0.3,0.0,0.1,1.0,0.0,1.0,250.0,2307.0,1381.3729999999998,0.40122540095361947,69.06864999999999,7.348904360000001,-0.3623624024787383,-1.6595136990009574,74.75804066099904
1615,0.3,0.0,0.1,1.0,1.0,0.0,619.559380317206,2957.352794667372,2200.217515200635,0.25601790927074564,108.03674183114565,11.495109330833898,-0.0,-0.0,119.53185116197955
1616,0.3,0.0,0.1,1.0,1.0,1.0,619.559380317206,2957.352794667372,1966.6905152006348,0.3349827863801288,98.33452576003174,10.462793540867379,-0.3623624024787383,-1.6595136990009574,107.13780560189817
1617,0.3,0.0,0.2,0.0,0.0,0.0,250.0,2307.0,1614.8999999999999,0.30000000000000004,80.745,0.0,-0.0,-0.0,80.745
1618,0.3,0.0,0.2,0.0,0.0,1.0,250.0,2307.0,1381.3729999999998,0.40122540095361947,69.06864999999999,0.0,-0.3623624024787383,-1.6595136990009574,67.40913630099904
1619,0.3,0.0,0.2,0.0,1.0,0.0,619.559380317206,2957.352794667372,2135.182235733898,0.2780089546353728,104.7849778578088,0.0,-0.0,-0.0,104.7849778578088
1620,0.3,0.0,0.2,0.0,1.0,1.0,619.559380317206,2957.352794667372,1901.6552357338976,0.35697383174475605,95.08276178669489,0.0,-0.3623624024787383,-1.6595136990009574,93.42324808769393
1621,0.3,0.0,0.2,0.3333333333333333,0.0,0.0,250.0,2307.0,1614.8999999999999,0.30000000000000004,80.745,2.863756,-0.0,-0.0,83.608756
1622,0.3,0.0,0.2,0.3333333333333333,0.0,1.0,250.0,2307.0,1381.3729999999998,0.40122540095361947,69.06864999999999,2.449634786666666,-0.3623624024787383,-1.6595136990009574,69.8587710876657
1623,0.3,0.0,0.2,0.3333333333333333,1.0,0.0,619.559380317206,2957.352794667372,2135.182235733898,0.2780089546353728,104.7849778578088,3.7163738813569522,-0.0,-0.0,108.50135173916576
1624,0.3,0.0,0.2,0.3333333333333333,1.0,1.0,619.559380317206,2957.352794667372,1901.6552357338976,0.35697383174475605,95.08276178669489,3.372268618034779,-0.3623624024787383,-1.6595136990009574,96.79551670572872
1625,0.3,0.0,0.2,0.6666666666666666,0.0,0.0,250.0,2307.0,1614.8999999999999,0.30000000000000004,80.745,5.727512,-0.0,-0.0,86.47251200000001
1626,0.3,0.0,0.2,0.6666666666666666,0.0,1.0,250.0,2307.0,1381.3729999999998,0.40122540095361947,69.06864999999999,4.899269573333332,-0.3623624024787383,-1.6595136990009574,72.30840587433237
1627,0.3,0.0,0.2,0.6666666666666666,1.0,0.0,619.559380317206,2957.352794667372,2135.182235733898,0.2780089546353728,104.7849778578088,7.4327477627139045,-0.0,-0.0,112.2177256205227
1628,0.3,0.0,0.2,0.6666666666666666,1.0,1.0,619.559380317206,2957.352794667372,1901.6552357338976,0.35697383174475605,95.08276178669489,6.744537236069558,-0.3623624024787383,-1.6595136990009574,100.1677853237635
1629,0.3,0.0,0.2,1.0,0.0,0.0,250.0,2307.0,1614.8999999999999,0.30000000000000004,80.745,8.591268000000001,-0.0,-0.0,89.336268
1630,0.3,0.0,0.2,1.0,0.0,1.0,250.0,2307.0,1381.3729999999998,0.40122540095361947,69.06864999999999,7.348904360000001,-0.3623624024787383,-1.6595136990009574,74.75804066099904
1631,0.3,0.0,0.2,1.0,1.0,0.0,619.559380317206,2957.352794667372,2135.182235733898,0.2780089546353728,104.7849778578088,11.149121644070858,-0.0,-0.0,115.93409950187966
1632,0.3,0.0,0.2,1.0,1.0,1.0,619.559380317206,2957.352794667372,1901.6552357338976,0.35697383174475605,95.08276178669489,10.116805854104337,-0.3623624024787383,-1.6595136990009574,103.54005394179828
1633,0.3,0.0,0.3,0.0,0.0,0.0,250.0,2307.0,1614.8999999999999,0.30000000000000004,80.745,0.0,-0.0,-0.0,80.745
1634,0.3,0.0,0.3,0.0,0.0,1.0,250.0,2307.0,1381.3729999999998,0.40122540095361947,69.06864999999999,0.0,-0.3623624024787383,-1.6595136990009574,67.40913630099904
1635,0.3,0.0,0.3,0.0,1.0,0.0,619.559380317206,2957.352794667372,2070.1469562671605,0.30000000000000004,101.53321388447192,0.0,-0.0,-0.0,101.53321388447192
1636,0.3,0.0,0.3,0.0,1.0,1.0,619.559380317206,2957.352794667372,1836.6199562671602,0.3789648771093833,91.83099781335801,0.0,-0.3623624024787383,-1.6595136990009574,90.17148411435706
1637,0.3,0.0,0.3,0.3333333333333333,0.0,0.0,250.0,2307.0,1614.8999999999999,0.30000000000000004,80.745,2.863756,-0.0,-0.0,83.608756
1638,0.3,0.0,0.3,0.3333333333333333,0.0,1.0,250.0,2307.0,1381.3729999999998,0.40122540095361947,69.06864999999999,2.449634786666666,-0.3623624024787383,-1.6595136990009574,69.8587710876657
1639,0.3,0.0,0.3,0.3333333333333333,1.0,0.0,619.559380317206,2957.352794667372,2070.1469562671605,0.30000000000000004,101.53321388447192,3.6010446524359376,-0.0,-0.0,105.13425853690785
1640,0.3,0.0,0.3,0.3333333333333333,1.0,1.0,619.559380317206,2957.352794667372,1836.6199562671602,0.3789648771093833,91.83099781335801,3.2569393891137643,-0.3623624024787383,-1.6595136990009574,93.42842350347082
1641,0.3,0.0,0.3,0.6666666666666666,0.0,0.0,250.0,2307.0,1614.8999999999999,0.30000000000000004,80.745,5.727512,-0.0,-0.0,86.47251200000001
1642,0.3,0.0,0.3,0.6666666666666666,0.0,1.0,250.0,2307.0,1381.3729999999998,0.40122540095361947,69.06864999999999,4.899269573333332,-0.3623624024787383,-1.6595136990009574,72.30840587433237
1643,0.3,0.0,0.3,0.6666666666666666,1.0,0.0,619.559380317206,2957.352794667372,2070.1469562671605,0.30000000000000004,101.53321388447192,7.202089304871875,-0.0,-0.0,108.7353031893438
1644,0.3,0.0,0.3,0.6666666666666666,1.0,1.0,619.559380317206,2957.352794667372,1836.6199562671602,0.3789648771093833,91.83099781335801,6.513878778227529,-0.3623624024787383,-1.6595136990009574,96.68536289258459
1645,0.3,0.0,0.3,1.0,0.0,0.0,250.0,2307.0,1614.8999999999999,0.30000000000000004,80.745,8.591268000000001,-0.0,-0.0,89.336268
1646,0.3,0.0,0.3,1.0,0.0,1.0,250.0,2307.0,1381.3729999999998,0.40122540095361947,69.06864999999999,7.348904360000001,-0.3623624024787383,-1.6595136990009574,74.75804066099904
1647,0.3,0.0,0.3,1.0,1.0,0.0,619.559380317206,2957.352794667372,2070.1469562671605,0.30000000000000004,101.53321388447192,10.803133957307814,-0.0,-0.0,112.33634784177974
1648,0.3,0.0,0.3,1.0,1.0,1.0,619.559380317206,2957.352794667372,1836.6199562671602,0.3789648771093833,91.83099781335801,9.770818167341293,-0.3623624024787383,-1.6595136990009574,99.94230228169835
1649,0.3,0.0,0.5,0.0,0.0,0.0,250.0,2307.0,1614.8999999999999,0.30000000000000004,80.745,0.0,-0.0,-0.0,80.745
1650,0.3,0.0,0.5,0.0,0.0,1.0,250.0,2307.0,1381.3729999999998,0.40122540095361947,69.06864999999999,0.0,-0.3623624024787383,-1.6595136990009574,67.40913630099904
1651,0.3,0.0,0.5,0.0,1.0,0.0,619.559380317206,2957.352794667372,1940.076397333686,0.34398209072925445,95.02968593779819,0.0,-0.0,-0.0,95.02968593779819
1652,0.3,0.0,0.5,0.0,1.0,1.0,619.559380317206,2957.352794667372,1706.5493973336859,0.4229469678386376,85.3274698666843,0.0,-0.3623624024787383,-1.6595136990009574,83.66795616768334
1653,0.3,0.0,0.5,0.3333333333333333,0.0,0.0,250.0,2307.0,1614.8999999999999,0.30000000000000004,80.745,2.863756,-0.0,-0.0,83.608756
1654,0.3,0.0,0.5,0.3333333333333333,0.0,1.0,250.0,2307.0,1381.3729999999998,0.40122540095361947,69.06864999999999,2.449634786666666,-0.3623624024787383,-1.6595136990009574,69.8587710876657
1655,0.3,0.0,0.5,0.3333333333333333,1.0,0.0,619.559380317206,2957.352794667372,1940.076397333686,0.34398209072925445,95.02968593779819,3.3703861945939093,-0.0,-0.0,98.4000721323921
1656,0.3,0.0,0.5,0.3333333333333333,1.0,1.0,619.559380317206,2957.352794667372,1706.5493973336859,0.4229469678386376,85.3274698666843,3.0262809312717365,-0.3623624024787383,-1.6595136990009574,86.69423709895509
1657,0.3,0.0,0.5,0.6666666666666666,0.0,0.0,250.0,2307.0,1614.8999999999999,0.30000000000000004,80.745,5.727512,-0.0,-0.0,86.47251200000001
1658,0.3,0.0,0.5,0.6666666666666666,0.0,1.0,250.0,2307.0,1381.3729999999998,0.40122540095361947,69.06864999999999,4.899269573333332,-0.3623624024787383,-1.6595136990009574,72.30840587433237
1659,0.3,0.0,0.5,0.6666666666666666,1.0,0.0,619.559380317206,2957.352794667372,1940.076397333686,0.34398209072925445,95.02968593779819,6.740772389187819,-0.0,-0.0,101.77045832698602
1660,0.3,0.0,0.5,0.6666666666666666,1.0,1.0,619.559380317206,2957.352794667372,1706.5493973336859,0.4229469678386376,85.3274698666843,6.052561862543473,-0.3623624024787383,-1.6595136990009574,89.72051803022681
1661,0.3,0.0,0.5,1.0,0.0,0.0,250.0,2307.0,1614.8999999999999,0.30000000000000004,80.745,8.591268000000001,-0.0,-0.0,89.336268
1662,0.3,0.0,0.5,1.0,0.0,1.0,250.0,2307.0,1381.3729999999998,0.40122540095361947,69.06864999999999,7.348904360000001,-0.3623624024787383,-1.6595136990009574,74.75804066099904
1663,0.3,0.0,0.5,1.0,1.0,0.0,619.559380317206,2957.352794667372,1940.076397333686,0.34398209072925445,95.02968593779819,10.111158583781728,-0.0,-0.0,105.14084452157992
1664,0.3,0.0,0.5,1.0,1.0,1.0,619.559380317206,2957.352794667372,1706.5493973336859,0.4229469678386376,85.3274698666843,9.07884279381521,-0.3623624024787383,-1.6595136990009574,92.74679896149856
1665,0.3,0.25,0.1,0.0,0.0,0.0,250.0,2307.0,1614.8999999999999,0.30000000000000004,80.745,0.0,-0.22960228309280928,-1.0515112260764135,79.69348877392359
1666,0.3,0.25,0.1,0.0,0.0,1.0,250.0,2307.0,1381.3729999999998,0.40122540095361947,69.06864999999999,0.0,-0.5919646855715476,-2.711024925077371,66.35762507492262
1667,0.3,0.25,0.1,0.0,1.0,0.0,619.559380317206,2957.352794667372,2200.217515200635,0.25601790927074564,108.03674183114565,0.0,-0.2943281116456561,-1.3479365682970073,106.68880526284865
1668,0.3,0.25,0.1,0.0,1.0,1.0,619.559380317206,2957.352794667372,1966.6905152006348,0.3349827863801288,98.33452576003174,0.0,-0.6566905141243944,-3.0074502672979646,95.32707549273377
1669,0.3,0.25,0.1,0.3333333333333333,0.0,0.0,250.0,2307.0,1614.8999999999999,0.30000000000000004,80.745,2.863756,-0.22960228309280928,-1.0515112260764135,82.55724477392359
1670,0.3,0.25,0.1,0.3333333333333333,0.0,1.0,250.0,2307.0,1381.3729999999998,0.40122540095361947,69.06864999999999,2.449634786666666,-0.5919646855715476,-2.711024925077371,68.80725986158929
1671,0.3,0.25,0.1,0.3333333333333333,1.0,0.0,619.559380317206,2957.352794667372,2200.217515200635,0.25601790927074564,108.03674183114565,3.8317031102779655,-0.2943281116456561,-1.3479365682970073,110.52050837312662
1672,0.3,0.25,0.1,0.3333333333333333,1.0,1.0,619.559380317206,2957.352794667372,1966.6905152006348,0.3349827863801288,98.33452576003174,3.4875978469557927,-0.6566905141243944,-3.0074502672979646,98.81467333968956
1673,0.3,0.25,0.1,0.6666666666666666,0.0,0.0,250.0,2307.0,1614.8999999999999,0.30000000000000004,80.745,5.727512,-0.22960228309280928,-1.0515112260764135,85.4210007739236
1674,0.3,0.25,0.1,0.6666666666666666,0.0,1.0,250.0,2307.0,1381.3729999999998,0.40122540095361947,69.06864999999999,4.899269573333332,-0.5919646855715476,-2.711024925077371,71.25689464825595
1675,0.3,0.25,0.1,0.6666666666666666,1.0,0.0,619.559380317206,2957.352794667372,2200.217515200635,0.25601790927074564,108.03674183114565,7.663406220555931,-0.2943281116456561,-1.3479365682970073,114.35221148340457
1676,0.3,0.25,0.1,0.6666666666666666,1.0,1.0,619.559380317206,2957.352794667372,1966.6905152006348,0.3349827863801288,98.33452576003174,6.975195693911585,-0.6566905141243944,-3.0074502672979646,102.30227118664536
1677,0.3,0.25,0.1,1.0,0.0,0.0,250.0,2307.0,1614.8999999999999,0.30000000000000004,80.745,8.591268000000001,-0.22960228309280928,-1.0515112260764135,88.28475677392359
1678,0.3,0.25,0.1,1.0,0.0,1.0,250.0,2307.0,1381.3729999999998,0.40122540095361947,69.06864999999999,7.348904360000001,-0.5919646855715476,-2.711024925077371,73.70652943492263
1679,0.3,0.25,0.1,1.0,1.0,0.0,619.559380317206,2957.352794667372,2200.217515200635,0.25601790927074564,108.03674183114565,11.495109330833898,-0.2943281116456561,-1.3479365682970073,118.18391459368254
1680,0.3,0.25,0.1,1.0,1.0,1.0,619.559380317206,2957.352794667372,1966.6905152006348,0.3349827863801288,98.33452576003174,10.462793540867379,-0.6566905141243944,-3.0074502672979646,105.78986903360115
1681,0.3,0.25,0.2,0.0,0.0,0.0,250.0,2307.0,1614.8999999999999,0.30000000000000004,80.745,0.0,-0.22960228309280928,-1.0515112260764135,79.69348877392359
1682,0.3,0.25,0.2,0.0,0.0,1.0,250.0,2307.0,1381.3729999999998,0.40122540095361947,69.06864999999999,0.0,-0.5919646855715476,-2.711024925077371,66.35762507492262
1683,0.3,0.25,0.2,0.0,1.0,0.0,619.559380317206,2957.352794667372,2135.182235733898,0.2780089546353728,104.7849778578088,0.0,-0.2943281116456561,-1.3479365682970073,103.4370412895118
1684,0.3,0.25,0.2,0.0,1.0,1.0,619.559380317206,2957.352794667372,1901.6552357338976,0.35697383174475605,95.08276178669489,0.0,-0.6566905141243944,-3.0074502672979646,92.07531151939692
1685,0.3,0.25,0.2,0.3333333333333333,0.0,0.0,250.0,2307.0,1614.8999999999999,0.30000000000000004,80.745,2.863756,-0.22960228309280928,-1.0515112260764135,82.55724477392359
1686,0.3,0.25,0.2,0.3333333333333333,0.0,1.0,250.0,2307.0,1381.3729999999998,0.40122540095361947,69.06864999999999,2.449634786666666,-0.5919646855715476,-2.711024925077371,68.80725986158929
1687,0.3,0.25,0.2,0.3333333333333333,1.0,0.0,619.559380317206,2957.352794667372,2135.182235733898,0.2780089546353728,104.7849778578088,3.7163738813569522,-0.2943281116456561,-1.3479365682970073,107.15341517086875
1688,0.3,0.25,0.2,0.3333333333333333,1.0,1.0,619.559380317206,2957.352794667372,1901.6552357338976,0.35697383174475605,95.08276178669489,3.372268618034779,-0.6566905141243944,-3.0074502672979646,95.4475801374317
1689,0.3,0.25,0.2,0.6666666666666666,0.0,0.0,250.0,2307.0,1614.8999999999999,0.30000000000000004,80.745,5.727512,-0.22960228309280928,-1.0515112260764135,85.4210007739236
1690,0.3,0.25,0.2,0.6666666666666666,0.0,1.0,250.0,2307.0,1381.3729999999998,0.40122540095361947,69.06864999999999,4.899269573333332,-0.5919646855715476,-2.711024925077371,71.25689464825595
1691,0.3,0.25,0.2,0.6666666666666666,1.0,0.0,619.559380317206,2957.352794667372,2135.182235733898,0.2780089546353728,104.7849778578088,7.4327477627139045,-0.2943281116456561,-1.3479365682970073,110.8697890522257
1692,0.3,0.25,0.2,0.6666666666666666,1.0,1.0,619.559380317206,2957.352794667372,1901.6552357338976,0.35697383174475605,95.08276178669489,6.744537236069558,-0.6566905141243944,-3.0074502672979646,98.81984875546648
1693,0.3,0.25,0.2,1.0,0.0,0.0,250.0,2307.0,1614.8999999999999,0.30000000000000004,80.745,8.591268000000001,-0.22960228309280928,-1.0515112260764135,88.28475677392359
1694,0.3,0.25,0.2,1.0,0.0,1.0,250.0,2307.0,1381.3729999999998,0.40122540095361947,69.06864999999999,7.348904360000001,-0.5919646855715476,-2.711024925077371,73.70652943492263
1695,0.3,0.25,0.2,1.0,1.0,0.0,619.559380317206,2957.352794667372,2135.182235733898,0.2780089546353728,104.7849778578088,11.149121644070858,-0.2943281116456561,-1.3479365682970073,114.58616293358266
1696,0.3,0.25,0.2,1.0,1.0,1.0,619.559380317206,2957.352794667372,1901.6552357338976,0.35697383174475605,95.08276178669489,10.116805854104337,-0.6566905141243944,-3.0074502672979646,102.19211737350126
1697,0.3,0.25,0.3,0.0,0.0,0.0,250.0,2307.0,1614.8999999999999,0.30000000000000004,80.745,0.0,-0.22960228309280928,-1.0515112260764135,79.69348877392359
1698,0.3,0.25,0.3,0.0,0.0,1.0,250.0,2307.0,1381.3729999999998,0.40122540095361947,69.06864999999999,0.0,-0.5919646855715476,-2.711024925077371,66.35762507492262
1699,0.3,0.25,0.3,0.0,1.0,0.0,619.559380317206,2957.352794667372,2070.1469562671605,0.30000000000000004,101.53321388447192,0.0,-0.2943281116456561,-1.3479365682970073,100.18527731617492
1700,0.3,0.25,0.3,0.0,1.0,1.0,619.559380317206,2957.352794667372,1836.6199562671602,0.3789648771093833,91.83099781335801,0.0,-0.6566905141243944,-3.0074502672979646,88.82354754606004
1701,0.3,0.25,0.3,0.3333333333333333,0.0,0.0,250.0,2307.0,1614.8999999999999,0.30000000000000004,80.745,2.863756,-0.22960228309280928,-1.0515112260764135,82.55724477392359
1702,0.3,0.25,0.3,0.3333333333333333,0.0,1.0,250.0,2307.0,1381.3729999999998,0.40122540095361947,69.06864999999999,2.449634786666666,-0.5919646855715476,-2.711024925077371,68.80725986158929
1703,0.3,0.25,0.3,0.3333333333333333,1.0,0.0,619.559380317206,2957.352794667372,2070.1469562671605,0.30000000000000004,101.53321388447192,3.6010446524359376,-0.2943281116456561,-1.3479365682970073,103.78632196861085
1704,0.3,0.25,0.3,0.3333333333333333,1.0,1.0,619.559380317206,2957.352794667372,1836.6199562671602,0.3789648771093833,91.83099781335801,3.2569393891137643,-0.6566905141243944,-3.0074502672979646,92.08048693517381
1705,0.3,0.25,0.3,0.6666666666666666,0.0,0.0,250.0,2307.0,1614.8999999999999,0.30000000000000004,80.745,5.727512,-0.22960228309280928,-1.0515112260764135,85.4210007739236
1706,0.3,0.25,0.3,0.6666666666666666,0.0,1.0,250.0,2307.0,1381.3729999999998,0.40122540095361947,69.06864999999999,4.899269573333332,-0.5919646855715476,-2.711024925077371,71.25689464825595
1707,0.3,0.25,0.3,0.6666666666666666,1.0,0.0,619.559380317206,2957.352794667372,2070.1469562671605,0.30000000000000004,101.53321388447192,7.202089304871875,-0.2943281116456561,-1.3479365682970073,107.3873666210468
1708,0.3,0.25,0.3,0.6666666666666666,1.0,1.0,619.559380317206,2957.352794667372,1836.6199562671602,0.3789648771093833,91.83099781335801,6.513878778227529,-0.6566905141243944,-3.0074502672979646,95.33742632428758
1709,0.3,0.25,0.3,1.0,0.0,0.0,250.0,2307.0,1614.8999999999999,0.30000000000000004,80.745,8.591268000000001,-0.22960228309280928,-1.0515112260764135,88.28475677392359
1710,0.3,0.25,0.3,1.0,0.0,1.0,250.0,2307.0,1381.3729999999998,0.40122540095361947,69.06864999999999,7.348904360000001,-0.5919646855715476,-2.711024925077371,73.70652943492263
1711,0.3,0.25,0.3,1.0,1.0,0.0,619.559380317206,2957.352794667372,2070.1469562671605,0.30000000000000004,101.53321388447192,10.803133957307814,-0.2943281116456561,-1.3479365682970073,110.98841127348274
1712,0.3,0.25,0.3,1.0,1.0,1.0,619.559380317206,2957.352794667372,1836.6199562671602,0.3789648771093833,91.83099781335801,9.770818167341293,-0.6566905141243944,-3.0074502672979646,98.59436571340133
1713,0.3,0.25,0.5,0.0,0.0,0.0,250.0,2307.0,1614.8999999999999,0.30000000000000004,80.745,0.0,-0.22960228309280928,-1.0515112260764135,79.69348877392359
1714,0.3,0.25,0.5,0.0,0.0,1.0,250.0,2307.0,1381.3729999999998,0.40122540095361947,69.06864999999999,0.0,-0.5919646855715476,-2.711024925077371,66.35762507492262
1715,0.3,0.25,0.5,0.0,1.0,0.0,619.559380317206,2957.352794667372,1940.076397333686,0.34398209072925445,95.02968593779819,0.0,-0.2943281116456561,-1.3479365682970073,93.68174936950119
1716,0.3,0.25,0.5,0.0,1.0,1.0,619.559380317206,2957.352794667372,1706.5493973336859,0.4229469678386376,85.3274698666843,0.0,-0.6566905141243944,-3.0074502672979646,82.32001959938633
1717,0.3,0.25,0.5,0.3333333333333333,0.0,0.0,250.0,2307.0,1614.8999999999999,0.30000000000000004,80.745,2.863756,-0.22960228309280928,-1.0515112260764135,82.55724477392359
1718,0.3,0.25,0.5,0.3333333333333333,0.0,1.0,250.0,2307.0,1381.3729999999998,0.40122540095361947,69.06864999999999,2.449634786666666,-0.5919646855715476,-2.711024925077371,68.80725986158929
1719,0.3,0.25,0.5,0.3333333333333333,1.0,0.0,619.559380317206,2957.352794667372,1940.076397333686,0.34398209072925445,95.02968593779819,3.3703861945939093,-0.2943281116456561,-1.3479365682970073,97.0521355640951
1720,0.3,0.25,0.5,0.3333333333333333,1.0,1.0,619.559380317206,2957.352794667372,1706.5493973336859,0.4229469678386376,85.3274698666843,3.0262809312717365,-0.6566905141243944,-3.0074502672979646,85.34630053065807
1721,0.3,0.25,0.5,0.6666666666666666,0.0,0.0,250.0,2307.0,1614.8999999999999,0.30000000000000004,80.745,5.727512,-0.22960228309280928,-1.0515112260764135,85.4210007739236
1722,0.3,0.25,0.5,0.6666666666666666,0.0,1.0,250.0,2307.0,1381.3729999999998,0.40122540095361947,69.06864999999999,4.899269573333332,-0.5919646855715476,-2.711024925077371,71.25689464825595
1723,0.3,0.25,0.5,0.6666666666666666,1.0,0.0,619.559380317206,2957.352794667372,1940.076397333686,0.34398209072925445,95.02968593779819,6.740772389187819,-0.2943281116456561,-1.3479365682970073,100.42252175868902
1724,0.3,0.25,0.5,0.6666666666666666,1.0,1.0,619.559380317206,2957.352794667372,1706.5493973336859,0.4229469678386376,85.3274698666843,6.052561862543473,-0.6566905141243944,-3.0074502672979646,88.3725814619298
1725,0.3,0.25,0.5,1.0,0.0,0.0,250.0,2307.0,1614.8999999999999,0.30000000000000004,80.745,8.591268000000001,-0.22960228309280928,-1.0515112260764135,88.28475677392359
1726,0.3,0.25,0.5,1.0,0.0,1.0,250.0,2307.0,1381.3729999999998,0.40122540095361947,69.06864999999999,7.348904360000001,-0.5919646855715476,-2.711024925077371,73.70652943492263
1727,0.3,0.25,0.5,1.0,1.0,0.0,619.559380317206,2957.352794667372,1940.076397333686,0.34398209072925445,95.02968593779819,10.111158583781728,-0.2943281116456561,-1.3479365682970073,103.79290795328292
1728,0.3,0.25,0.5,1.0,1.0,1.0,619.559380317206,2957.352794667372,1706.5493973336859,0.4229469678386376,85.3274698666843,9.07884279381521,-0.6566905141243944,-3.0074502672979646,91.39886239320154
1729,0.3,0.5,0.1,0.0,0.0,0.0,250.0,2307.0,1614.8999999999999,0.30000000000000004,80.745,0.0,-0.45920456618561856,-2.103022452152827,78.64197754784718
1730,0.3,0.5,0.1,0.0,0.0,1.0,250.0,2307.0,1381.3729999999998,0.40122540095361947,69.06864999999999,0.0,-0.8215669686643569,-3.762536151153784,65.30611384884621
1731,0.3,0.5,0.1,0.0,1.0,0.0,619.559380317206,2957.352794667372,2200.217515200635,0.25601790927074564,108.03674183114565,0.0,-0.5886562232913122,-2.6958731365940145,105.34086869455163
1732,0.3,0.5,0.1,0.0,1.0,1.0,619.559380317206,2957.352794667372,1966.6905152006348,0.3349827863801288,98.33452576003174,0.0,-0.9510186257700505,-4.355386835594972,93.97913892443677
1733,0.3,0.5,0.1,0.3333333333333333,0.0,0.0,250.0,2307.0,1614.8999999999999,0.30000000000000004,80.745,2.863756,-0.45920456618561856,-2.103022452152827,81.50573354784717
1734,0.3,0.5,0.1,0.3333333333333333,0.0,1.0,250.0,2307.0,1381.3729999999998,0.40122540095361947,69.06864999999999,2.449634786666666,-0.8215669686643569,-3.762536151153784,67.75574863551287
1735,0.3,0.5,0.1,0.3333333333333333,1.0,0.0,619.559380317206,2957.352794667372,2200.217515200635,0.25601790927074564,108.03674183114565,3.8317031102779655,-0.5886562232913122,-2.6958731365940145,109.1725718048296
1736,0.3,0.5,0.1,0.3333333333333333,1.0,1.0,619.559380317206,2957.352794667372,1966.6905152006348,0.3349827863801288,98.33452576003174,3.4875978469557927,-0.9510186257700505,-4.355386835594972,97.46673677139256
1737,0.3,0.5,0.1,0.6666666666666666,0.0,0.0,250.0,2307.0,1614.8999999999999,0.30000000000000004,80.745,5.727512,-0.45920456618561856,-2.103022452152827,84.36948954784718
1738,0.3,0.5,0.1,0.6666666666666666,0.0,1.0,250.0,2307.0,1381.3729999999998,0.40122540095361947,69.06864999999999,4.899269573333332,-0.8215669686643569,-3.762536151153784,70.20538342217954
1739,0.3,0.5,0.1,0.6666666666666666,1.0,0.0,619.559380317206,2957.352794667372,2200.217515200635,0.25601790927074564,108.03674183114565,7.663406220555931,-0.5886562232913122,-2.6958731365940145,113.00427491510756
1740,0.3,0.5,0.1,0.6666666666666666,1.0,1.0,619.559380317206,2957.352794667372,1966.6905152006348,0.3349827863801288,98.33452576003174,6.975195693911585,-0.9510186257700505,-4.355386835594972,100.95433461834835
1741,0.3,0.5,0.1,1.0,0.0,0.0,250.0,2307.0,1614.8999999999999,0.30000000000000004,80.745,8.591268000000001,-0.45920456618561856,-2.103022452152827,87.23324554784718
1742,0.3,0.5,0.1,1.0,0.0,1.0,250.0,2307.0,1381.3729999999998,0.40122540095361947,69.06864999999999,7.348904360000001,-0.8215669686643569,-3.762536151153784,72.65501820884622
1743,0.3,0.5,0.1,1.0,1.0,0.0,619.559380317206,2957.352794667372,2200.217515200635,0.25601790927074564,108.03674183114565,11.495109330833898,-0.5886562232913122,-2.6958731365940145,116.83597802538553
1744,0.3,0.5,0.1,1.0,1.0,1.0,619.559380317206,2957.352794667372,1966.6905152006348,0.3349827863801288,98.33452576003174,10.462793540867379,-0.9510186257700505,-4.355386835594972,104.44193246530415
1745,0.3,0.5,0.2,0.0,0.0,0.0,250.0,2307.0,1614.8999999999999,0.30000000000000004,80.745,0.0,-0.45920456618561856,-2.103022452152827,78.64197754784718
1746,0.3,0.5,0.2,0.0,0.0,1.0,250.0,2307.0,1381.3729999999998,0.40122540095361947,69.06864999999999,0.0,-0.8215669686643569,-3.762536151153784,65.30611384884621
1747,0.3,0.5,0.2,0.0,1.0,0.0,619.559380317206,2957.352794667372,2135.182235733898,0.2780089546353728,104.7849778578088,0.0,-0.5886562232913122,-2.6958731365940145,102.08910472121478
1748,0.3,0.5,0.2,0.0,1.0,1.0,619.559380317206,2957.352794667372,1901.6552357338976,0.35697383174475605,95.08276178669489,0.0,-0.9510186257700505,-4.355386835594972,90.72737495109992
1749,0.3,0.5,0.2,0.3333333333333333,0.0,0.0,250.0,2307.0,1614.8999999999999,0.30000000000000004,80.745,2.863756,-0.45920456618561856,-2.103022452152827,81.50573354784717
1750,0.3,0.5,0.2,0.3333333333333333,0.0,1.0,250.0,2307.0,1381.3729999999998,0.40122540095361947,69.06864999999999,2.449634786666666,-0.8215669686643569,-3.762536151153784,67.75574863551287
1751,0.3,0.5,0.2,0.3333333333333333,1.0,0.0,619.559380317206,2957.352794667372,2135.182235733898,0.2780089546353728,104.7849778578088,3.7163738813569522,-0.5886562232913122,-2.6958731365940145,105.80547860257174
1752,0.3,0.5,0.2,0.3333333333333333,1.0,1.0,619.559380317206,2957.352794667372,1901.6552357338976,0.35697383174475605,95.08276178669489,3.372268618034779,-0.9510186257700505,-4.355386835594972,94.0996435691347
1753,0.3,0.5,0.2,0.6666666666666666,0.0,0.0,250.0,2307.0,1614.8999999999999,0.30000000000000004,80.745,5.727512,-0.45920456618561856,-2.103022452152827,84.36948954784718
1754,0.3,0.5,0.2,0.6666666666666666,0.0,1.0,250.0,2307.0,1381.3729999999998,0.40122540095361947,69.06864999999999,4.899269573333332,-0.8215669686643569,-3.762536151153784,70.20538342217954
1755,0.3,0.5,0.2,0.6666666666666666,1.0,0.0,619.559380317206,2957.352794667372,2135.182235733898,0.2780089546353728,104.7849778578088,7.4327477627139045,-0.5886562232913122,-2.6958731365940145,109.52185248392868
1756,0.3,0.5,0.2,0.6666666666666666,1.0,1.0,619.559380317206,2957.352794667372,1901.6552357338976,0.35697383174475605,95.08276178669489,6.744537236069558,-0.9510186257700505,-4.355386835594972,97.47191218716948
1757,0.3,0.5,0.2,1.0,0.0,0.0,250.0,2307.0,1614.8999999999999,0.30000000000000004,80.745,8.591268000000001,-0.45920456618561856,-2.103022452152827,87.23324554784718
1758,0.3,0.5,0.2,1.0,0.0,1.0,250.0,2307.0,1381.3729999999998,0.40122540095361947,69.06864999999999,7.348904360000001,-0.8215669686643569,-3.762536151153784,72.65501820884622
1759,0.3,0.5,0.2,1.0,1.0,0.0,619.559380317206,2957.352794667372,2135.182235733898,0.2780089546353728,104.7849778578088,11.149121644070858,-0.5886562232913122,-2.6958731365940145,113.23822636528564
1760,0.3,0.5,0.2,1.0,1.0,1.0,619.559380317206,2957.352794667372,1901.6552357338976,0.35697383174475605,95.08276178669489,10.116805854104337,-0.9510186257700505,-4.355386835594972,100.84418080520426
1761,0.3,0.5,0.3,0.0,0.0,0.0,250.0,2307.0,1614.8999999999999,0.30000000000000004,80.745,0.0,-0.45920456618561856,-2.103022452152827,78.64197754784718
1762,0.3,0.5,0.3,0.0,0.0,1.0,250.0,2307.0,1381.3729999999998,0.40122540095361947,69.06864999999999,0.0,-0.8215669686643569,-3.762536151153784,65.30611384884621
1763,0.3,0.5,0.3,0.0,1.0,0.0,619.559380317206,2957.352794667372,2070.1469562671605,0.30000000000000004,101.53321388447192,0.0,-0.5886562232913122,-2.6958731365940145,98.8373407478779
1764,0.3,0.5,0.3,0.0,1.0,1.0,619.559380317206,2957.352794667372,1836.6199562671602,0.3789648771093833,91.83099781335801,0.0,-0.9510186257700505,-4.355386835594972,87.47561097776304
1765,0.3,0.5,0.3,0.3333333333333333,0.0,0.0,250.0,2307.0,1614.8999999999999,0.30000000000000004,80.745,2.863756,-0.45920456618561856,-2.103022452152827,81.50573354784717
1766,0.3,0.5,0.3,0.3333333333333333,0.0,1.0,250.0,2307.0,1381.3729999999998,0.40122540095361947,69.06864999999999,2.449634786666666,-0.8215669686643569,-3.762536151153784,67.75574863551287
1767,0.3,0.5,0.3,0.3333333333333333,1.0,0.0,619.559380317206,2957.352794667372,2070.1469562671605,0.30000000000000004,101.53321388447192,3.6010446524359376,-0.5886562232913122,-2.6958731365940145,102.43838540031383
1768,0.3,0.5,0.3,0.3333333333333333,1.0,1.0,619.559380317206,2957.352794667372,1836.6199562671602,0.3789648771093833,91.83099781335801,3.2569393891137643,-0.9510186257700505,-4.355386835594972,90.73255036687681
1769,0.3,0.5,0.3,0.6666666666666666,0.0,0.0,250.0,2307.0,1614.8999999999999,0.30000000000000004,80.745,5.727512,-0.45920456618561856,-2.103022452152827,84.36948954784718
1770,0.3,0.5,0.3,0.6666666666666666,0.0,1.0,250.0,2307.0,1381.3729999999998,0.40122540095361947,69.06864999999999,4.899269573333332,-0.8215669686643569,-3.762536151153784,70.20538342217954
1771,0.3,0.5,0.3,0.6666666666666666,1.0,0.0,619.559380317206,2957.352794667372,2070.1469562671605,0.30000000000000004,101.53321388447192,7.202089304871875,-0.5886562232913122,-2.6958731365940145,106.03943005274978
1772,0.3,0.5,0.3,0.6666666666666666,1.0,1.0,619.559380317206,2957.352794667372,1836.6199562671602,0.3789648771093833,91.83099781335801,6.513878778227529,-0.9510186257700505,-4.355386835594972,93.98948975599058
1773,0.3,0.5,0.3,1.0,0.0,0.0,250.0,2307.0,1614.8999999999999,0.30000000000000004,80.745,8.591268000000001,-0.45920456618561856,-2.103022452152827,87.23324554784718
1774,0.3,0.5,0.3,1.0,0.0,1.0,250.0,2307.0,1381.3729999999998,0.40122540095361947,69.06864999999999,7.348904360000001,-0.8215669686643569,-3.762536151153784,72.65501820884622
1775,0.3,0.5,0.3,1.0,1.0,0.0,619.559380317206,2957.352794667372,2070.1469562671605,0.30000000000000004,101.53321388447192,10.803133957307814,-0.5886562232913122,-2.6958731365940145,109.64047470518572
1776,0.3,0.5,0.3,1.0,1.0,1.0,619.559380317206,2957.352794667372,1836.6199562671602,0.3789648771093833,91.83099781335801,9.770818167341293,-0.9510186257700505,-4.355386835594972,97.24642914510433
1777,0.3,0.5,0.5,0.0,0.0,0.0,250.0,2307.0,1614.8999999999999,0.30000000000000004,80.745,0.0,-0.45920456618561856,-2.103022452152827,78.64197754784718
1778,0.3,0.5,0.5,0.0,0.0,1.0,250.0,2307.0,1381.3729999999998,0.40122540095361947,69.06864999999999,0.0,-0.8215669686643569,-3.762536151153784,65.30611384884621
1779,0.3,0.5,0.5,0.0,1.0,0.0,619.559380317206,2957.352794667372,1940.076397333686,0.34398209072925445,95.02968593779819,0.0,-0.5886562232913122,-2.6958731365940145,92.33381280120418
1780,0.3,0.5,0.5,0.0,1.0,1.0,619.559380317206,2957.352794667372,1706.5493973336859,0.4229469678386376,85.3274698666843,0.0,-0.9510186257700505,-4.355386835594972,80.97208303108933
1781,0.3,0.5,0.5,0.3333333333333333,0.0,0.0,250.0,2307.0,1614.8999999999999,0.30000000000000004,80.745,2.863756,-0.45920456618561856,-2.103022452152827,81.50573354784717
1782,0.3,0.5,0.5,0.3333333333333333,0.0,1.0,250.0,2307.0,1381.3729999999998,0.40122540095361947,69.06864999999999,2.449634786666666,-0.8215669686643569,-3.762536151153784,67.75574863551287
1783,0.3,0.5,0.5,0.3333333333333333,1.0,0.0,619.559380317206,2957.352794667372,1940.076397333686,0.34398209072925445,95.02968593779819,3.3703861945939093,-0.5886562232913122,-2.6958731365940145,95.70419899579808
1784,0.3,0.5,0.5,0.3333333333333333,1.0,1.0,619.559380317206,2957.352794667372,1706.5493973336859,0.4229469678386376,85.3274698666843,3.0262809312717365,-0.9510186257700505,-4.355386835594972,83.99836396236107
1785,0.3,0.5,0.5,0.6666666666666666,0.0,0.0,250.0,2307.0,1614.8999999999999,0.30000000000000004,80.745,5.727512,-0.45920456618561856,-2.103022452152827,84.36948954784718
1786,0.3,0.5,0.5,0.6666666666666666,0.0,1.0,250.0,2307.0,1381.3729999999998,0.40122540095361947,69.06864999999999,4.899269573333332,-0.8215669686643569,-3.762536151153784,70.20538342217954
1787,0.3,0.5,0.5,0.6666666666666666,1.0,0.0,619.559380317206,2957.352794667372,1940.076397333686,0.34398209072925445,95.02968593779819,6.740772389187819,-0.5886562232913122,-2.6958731365940145,99.074585190392
1788,0.3,0.5,0.5,0.6666666666666666,1.0,1.0,619.559380317206,2957.352794667372,1706.5493973336859,0.4229469678386376,85.3274698666843,6.052561862543473,-0.9510186257700505,-4.355386835594972,87.0246448936328
1789,0.3,0.5,0.5,1.0,0.0,0.0,250.0,2307.0,1614.8999999999999,0.30000000000000004,80.745,8.591268000000001,-0.45920456618561856,-2.103022452152827,87.23324554784718
1790,0.3,0.5,0.5,1.0,0.0,1.0,250.0,2307.0,1381.3729999999998,0.40122540095361947,69.06864999999999,7.348904360000001,-0.8215669686643569,-3.762536151153784,72.65501820884622
1791,0.3,0.5,0.5,1.0,1.0,0.0,619.559380317206,2957.352794667372,1940.076397333686,0.34398209072925445,95.02968593779819,10.111158583781728,-0.5886562232913122,-2.6958731365940145,102.4449713849859
1792,0.3,0.5,0.5,1.0,1.0,1.0,619.559380317206,2957.352794667372,1706.5493973336859,0.4229469678386376,85.3274698666843,9.07884279381521,-0.9510186257700505,-4.355386835594972,90.05092582490454
1793,0.3,0.75,0.1,0.0,0.0,0.0,250.0,2307.0,1614.8999999999999,0.30000000000000004,80.745,0.0,-0.6888068492784278,-3.15453367822924,77.59046632177076
1794,0.3,0.75,0.1,0.0,0.0,1.0,250.0,2307.0,1381.3729999999998,0.40122540095361947,69.06864999999999,0.0,-1.051169251757166,-4.814047377230197,64.2546026227698
1795,0.3,0.75,0.1,0.0,1.0,0.0,619.559380317206,2957.352794667372,2200.217515200635,0.25601790927074564,108.03674183114565,0.0,-0.8829843349369684,-4.043809704891022,103.99293212625463
1796,0.3,0.75,0.1,0.0,1.0,1.0,619.559380317206,2957.352794667372,1966.6905152006348,0.3349827863801288,98.33452576003174,0.0,-1.2453467374157068,-5.7033234038919804,92.63120235613975
1797,0.3,0.75,0.1,0.3333333333333333,0.0,0.0,250.0,2307.0,1614.8999999999999,0.30000000000000004,80.745,2.863756,-0.6888068492784278,-3.15453367822924,80.45422232177076
1798,0.3,0.75,0.1,0.3333333333333333,0.0,1.0,250.0,2307.0,1381.3729999999998,0.40122540095361947,69.06864999999999,2.449634786666666,-1.051169251757166,-4.814047377230197,66.70423740943646
1799,0.3,0.75,0.1,0.3333333333333333,1.0,0.0,619.559380317206,2957.352794667372,2200.217515200635,0.25601790927074564,108.03674183114565,3.8317031102779655,-0.8829843349369684,-4.043809704891022,107.8246352365326
1800,0.3,0.75,0.1,0.3333333333333333,1.0,1.0,619.559380317206,2957.352794667372,1966.6905152006348,0.3349827863801288,98.33452576003174,3.4875978469557927,-1.2453467374157068,-5.7033234038919804,96.11880020309555
1801,0.3,0.75,0.1,0.6666666666666666,0.0,0.0,250.0,2307.0,1614.8999999999999,0.30000000000000004,80.745,5.727512,-0.6888068492784278,-3.15453367822924,83.31797832177077
1802,0.3,0.75,0.1,0.6666666666666666,0.0,1.0,250.0,2307.0,1381.3729999999998,0.40122540095361947,69.06864999999999,4.899269573333332,-1.051169251757166,-4.814047377230197,69.15387219610312
1803,0.3,0.75,0.1,0.6666666666666666,1.0,0.0,619.559380317206,2957.352794667372,2200.217515200635,0.25601790927074564,108.03674183114565,7.663406220555931,-0.8829843349369684,-4.043809704891022,111.65633834681056
1804,0.3,0.75,0.1,0.6666666666666666,1.0,1.0,619.559380317206,2957.352794667372,1966.6905152006348,0.3349827863801288,98.33452576003174,6.975195693911585,-1.2453467374157068,-5.7033234038919804,99.60639805005134
1805,0.3,0.75,0.1,1.0,0.0,0.0,250.0,2307.0,1614.8999999999999,0.30000000000000004,80.745,8.591268000000001,-0.6888068492784278,-3.15453367822924,86.18173432177076
1806,0.3,0.75,0.1,1.0,0.0,1.0,250.0,2307.0,1381.3729999999998,0.40122540095361947,69.06864999999999,7.348904360000001,-1.051169251757166,-4.814047377230197,71.6035069827698
1807,0.3,0.75,0.1,1.0,1.0,0.0,619.559380317206,2957.352794667372,2200.217515200635,0.25601790927074564,108.03674183114565,11.495109330833898,-0.8829843349369684,-4.043809704891022,115.48804145708853
1808,0.3,0.75,0.1,1.0,1.0,1.0,619.559380317206,2957.352794667372,1966.6905152006348,0.3349827863801288,98.33452576003174,10.462793540867379,-1.2453467374157068,-5.7033234038919804,103.09399589700713
1809,0.3,0.75,0.2,0.0,0.0,0.0,250.0,2307.0,1614.8999999999999,0.30000000000000004,80.745,0.0,-0.6888068492784278,-3.15453367822924,77.59046632177076
1810,0.3,0.75,0.2,0.0,0.0,1.0,250.0,2307.0,1381.3729999999998,0.40122540095361947,69.06864999999999,0.0,-1.051169251757166,-4.814047377230197,64.2546026227698
1811,0.3,0.75,0.2,0.0,1.0,0.0,619.559380317206,2957.352794667372,2135.182235733898,0.2780089546353728,104.7849778578088,0.0,-0.8829843349369684,-4.043809704891022,100.74116815291778
1812,0.3,0.75,0.2,0.0,1.0,1.0,619.559380317206,2957.352794667372,1901.6552357338976,0.35697383174475605,95.08276178669489,0.0,-1.2453467374157068,-5.7033234038919804,89.3794383828029
1813,0.3,0.75,0.2,0.3333333333333333,0.0,0.0,250.0,2307.0,1614.8999999999999,0.30000000000000004,80.745,2.863756,-0.6888068492784278,-3.15453367822924,80.45422232177076
1814,0.3,0.75,0.2,0.3333333333333333,0.0,1.0,250.0,2307.0,1381.3729999999998,0.40122540095361947,69.06864999999999,2.449634786666666,-1.051169251757166,-4.814047377230197,66.70423740943646
1815,0.3,0.75,0.2,0.3333333333333333,1.0,0.0,619.559380317206,2957.352794667372,2135.182235733898,0.2780089546353728,104.7849778578088,3.7163738813569522,-0.8829843349369684,-4.043809704891022,104.45754203427474
1816,0.3,0.75,0.2,0.3333333333333333,1.0,1.0,619.559380317206,2957.352794667372,1901.6552357338976,0.35697383174475605,95.08276178669489,3.372268618034779,-1.2453467374157068,-5.7033234038919804,92.75170700083768
1817,0.3,0.75,0.2,0.6666666666666666,0.0,0.0,250.0,2307.0,1614.8999999999999,0.30000000000000004,80.745,5.727512,-0.6888068492784278,-3.15453367822924,83.31797832177077
1818,0.3,0.75,0.2,0.6666666666666666,0.0,1.0,250.0,2307.0,1381.3729999999998,0.40122540095361947,69.06864999999999,4.899269573333332,-1.051169251757166,-4.814047377230197,69.15387219610312
1819,0.3,0.75,0.2,0.6666666666666666,1.0,0.0,619.559380317206,2957.352794667372,2135.182235733898,0.2780089546353728,104.7849778578088,7.4327477627139045,-0.8829843349369684,-4.043809704891022,108.17391591563168
1820,0.3,0.75,0.2,0.6666666666666666,1.0,1.0,619.559380317206,2957.352794667372,1901.6552357338976,0.35697383174475605,95.08276178669489,6.744537236069558,-1.2453467374157068,-5.7033234038919804,96.12397561887246
1821,0.3,0.75,0.2,1.0,0.0,0.0,250.0,2307.0,1614.8999999999999,0.30000000000000004,80.745,8.591268000000001,-0.6888068492784278,-3.15453367822924,86.18173432177076
1822,0.3,0.75,0.2,1.0,0.0,1.0,250.0,2307.0,1381.3729999999998,0.40122540095361947,69.06864999999999,7.348904360000001,-1.051169251757166,-4.814047377230197,71.6035069827698
1823,0.3,0.75,0.2,1.0,1.0,0.0,619.559380317206,2957.352794667372,2135.182235733898,0.2780089546353728,104.7849778578088,11.149121644070858,-0.8829843349369684,-4.043809704891022,111.89028979698864
1824,0.3,0.75,0.2,1.0,1.0,1.0,619.559380317206,2957.352794667372,1901.6552357338976,0.35697383174475605,95.08276178669489,10.116805854104337,-1.2453467374157068,-5.7033234038919804,99.49624423690724
1825,0.3,0.75,0.3,0.0,0.0,0.0,250.0,2307.0,1614.8999999999999,0.30000000000000004,80.745,0.0,-0.6888068492784278,-3.15453367822924,77.59046632177076
1826,0.3,0.75,0.3,0.0,0.0,1.0,250.0,2307.0,1381.3729999999998,0.40122540095361947,69.06864999999999,0.0,-1.051169251757166,-4.814047377230197,64.2546026227698
1827,0.3,0.75,0.3,0.0,1.0,0.0,619.559380317206,2957.352794667372,2070.1469562671605,0.30000000000000004,101.53321388447192,0.0,-0.8829843349369684,-4.043809704891022,97.4894041795809
1828,0.3,0.75,0.3,0.0,1.0,1.0,619.559380317206,2957.352794667372,1836.6199562671602,0.3789648771093833,91.83099781335801,0.0,-1.2453467374157068,-5.7033234038919804,86.12767440946602
1829,0.3,0.75,0.3,0.3333333333333333,0.0,0.0,250.0,2307.0,1614.8999999999999,0.30000000000000004,80.745,2.863756,-0.6888068492784278,-3.15453367822924,80.45422232177076
1830,0.3,0.75,0.3,0.3333333333333333,0.0,1.0,250.0,2307.0,1381.3729999999998,0.40122540095361947,69.06864999999999,2.449634786666666,-1.051169251757166,-4.814047377230197,66.70423740943646
1831,0.3,0.75,0.3,0.3333333333333333,1.0,0.0,619.559380317206,2957.352794667372,2070.1469562671605,0.30000000000000004,101.53321388447192,3.6010446524359376,-0.8829843349369684,-4.043809704891022,101.09044883201683
1832,0.3,0.75,0.3,0.3333333333333333,1.0,1.0,619.559380317206,2957.352794667372,1836.6199562671602,0.3789648771093833,91.83099781335801,3.2569393891137643,-1.2453467374157068,-5.7033234038919804,89.38461379857979
1833,0.3,0.75,0.3,0.6666666666666666,0.0,0.0,250.0,2307.0,1614.8999999999999,0.30000000000000004,80.745,5.727512,-0.6888068492784278,-3.15453367822924,83.31797832177077
1834,0.3,0.75,0.3,0.6666666666666666,0.0,1.0,250.0,2307.0,1381.3729999999998,0.40122540095361947,69.06864999999999,4.899269573333332,-1.051169251757166,-4.814047377230197,69.15387219610312
1835,0.3,0.75,0.3,0.6666666666666666,1.0,0.0,619.559380317206,2957.352794667372,2070.1469562671605,0.30000000000000004,101.53321388447192,7.202089304871875,-0.8829843349369684,-4.043809704891022,104.69149348445278
1836,0.3,0.75,0.3,0.6666666666666666,1.0,1.0,619.559380317206,2957.352794667372,1836.6199562671602,0.3789648771093833,91.83099781335801,6.513878778227529,-1.2453467374157068,-5.7033234038919804,92.64155318769356
1837,0.3,0.75,0.3,1.0,0.0,0.0,250.0,2307.0,1614.8999999999999,0.30000000000000004,80.745,8.591268000000001,-0.6888068492784278,-3.15453367822924,86.18173432177076
1838,0.3,0.75,0.3,1.0,0.0,1.0,250.0,2307.0,1381.3729999999998,0.40122540095361947,69.06864999999999,7.348904360000001,-1.051169251757166,-4.814047377230197,71.6035069827698
1839,0.3,0.75,0.3,1.0,1.0,0.0,619.559380317206,2957.352794667372,2070.1469562671605,0.30000000000000004,101.53321388447192,10.803133957307814,-0.8829843349369684,-4.043809704891022,108.29253813688872
1840,0.3,0.75,0.3,1.0,1.0,1.0,619.559380317206,2957.352794667372,1836.6199562671602,0.3789648771093833,91.83099781335801,9.770818167341293,-1.2453467374157068,-5.7033234038919804,95.89849257680731
1841,0.3,0.75,0.5,0.0,0.0,0.0,250.0,2307.0,1614.8999999999999,0.30000000000000004,80.745,0.0,-0.6888068492784278,-3.15453367822924,77.59046632177076
1842,0.3,0.75,0.5,0.0,0.0,1.0,250.0,2307.0,1381.3729999999998,0.40122540095361947,69.06864999999999,0.0,-1.051169251757166,-4.814047377230197,64.2546026227698
1843,0.3,0.75,0.5,0.0,1.0,0.0,619.559380317206,2957.352794667372,1940.076397333686,0.34398209072925445,95.02968593779819,0.0,-0.8829843349369684,-4.043809704891022,90.98587623290717
1844,0.3,0.75,0.5,0.0,1.0,1.0,619.559380317206,2957.352794667372,1706.5493973336859,0.4229469678386376,85.3274698666843,0.0,-1.2453467374157068,-5.7033234038919804,79.62414646279231
1845,0.3,0.75,0.5,0.3333333333333333,0.0,0.0,250.0,2307.0,1614.8999999999999,0.30000000000000004,80.745,2.863756,-0.6888068492784278,-3.15453367822924,80.45422232177076
1846,0.3,0.75,0.5,0.3333333333333333,0.0,1.0,250.0,2307.0,1381.3729999999998,0.40122540095361947,69.06864999999999,2.449634786666666,-1.051169251757166,-4.814047377230197,66.70423740943646
1847,0.3,0.75,0.5,0.3333333333333333,1.0,0.0,619.559380317206,2957.352794667372,1940.076397333686,0.34398209072925445,95.02968593779819,3.3703861945939093,-0.8829843349369684,-4.043809704891022,94.35626242750108
1848,0.3,0.75,0.5,0.3333333333333333,1.0,1.0,619.559380317206,2957.352794667372,1706.5493973336859,0.4229469678386376,85.3274698666843,3.0262809312717365,-1.2453467374157068,-5.7033234038919804,82.65042739406405
1849,0.3,0.75,0.5,0.6666666666666666,0.0,0.0,250.0,2307.0,1614.8999999999999,0.30000000000000004,80.745,5.727512,-0.6888068492784278,-3.15453367822924,83.31797832177077
1850,0.3,0.75,0.5,0.6666666666666666,0.0,1.0,250.0,2307.0,1381.3729999999998,0.40122540095361947,69.06864999999999,4.899269573333332,-1.051169251757166,-4.814047377230197,69.15387219610312
1851,0.3,0.75,0.5,0.6666666666666666,1.0,0.0,619.559380317206,2957.352794667372,1940.076397333686,0.34398209072925445,95.02968593779819,6.740772389187819,-0.8829843349369684,-4.043809704891022,97.726648622095
1852,0.3,0.75,0.5,0.6666666666666666,1.0,1.0,619.559380317206,2957.352794667372,1706.5493973336859,0.4229469678386376,85.3274698666843,6.052561862543473,-1.2453467374157068,-5.7033234038919804,85.67670832533578
1853,0.3,0.75,0.5,1.0,0.0,0.0,250.0,2307.0,1614.8999999999999,0.30000000000000004,80.745,8.591268000000001,-0.6888068492784278,-3.15453367822924,86.18173432177076
1854,0.3,0.75,0.5,1.0,0.0,1.0,250.0,2307.0,1381.3729999999998,0.40122540095361947,69.06864999999999,7.348904360000001,-1.051169251757166,-4.814047377230197,71.6035069827698
1855,0.3,0.75,0.5,1.0,1.0,0.0,619.559380317206,2957.352794667372,1940.076397333686,0.34398209072925445,95.02968593779819,10.111158583781728,-0.8829843349369684,-4.043809704891022,101.0970348166889
1856,0.3,0.75,0.5,1.0,1.0,1.0,619.559380317206,2957.352794667372,1706.5493973336859,0.4229469678386376,85.3274698666843,9.07884279381521,-1.2453467374157068,-5.7033234038919804,88.70298925660752
1857,0.3,1.0,0.1,0.0,0.0,0.0,250.0,2307.0,1614.8999999999999,0.30000000000000004,80.745,0.0,-0.9184091323712371,-4.206044904305654,76.53895509569435
1858,0.3,1.0,0.1,0.0,0.0,1.0,250.0,2307.0,1381.3729999999998,0.40122540095361947,69.06864999999999,0.0,-1.2807715348499755,-5.865558603306612,63.20309139669338
1859,0.3,1.0,0.1,0.0,1.0,0.0,619.559380317206,2957.352794667372,2200.217515200635,0.25601790927074564,108.03674183114565,0.0,-1.1773124465826244,-5.391746273188029,102.64499555795761
1860,0.3,1.0,0.1,0.0,1.0,1.0,619.559380317206,2957.352794667372,1966.6905152006348,0.3349827863801288,98.33452576003174,0.0,-1.5396748490613628,-7.051259972188987,91.28326578784275
1861,0.3,1.0,0.1,0.3333333333333333,0.0,0.0,250.0,2307.0,1614.8999999999999,0.30000000000000004,80.745,2.863756,-0.9184091323712371,-4.206044904305654,79.40271109569434
1862,0.3,1.0,0.1,0.3333333333333333,0.0,1.0,250.0,2307.0,1381.3729999999998,0.40122540095361947,69.06864999999999,2.449634786666666,-1.2807715348499755,-5.865558603306612,65.65272618336004
1863,0.3,1.0,0.1,0.3333333333333333,1.0,0.0,619.559380317206,2957.352794667372,2200.217515200635,0.25601790927074564,108.03674183114565,3.8317031102779655,-1.1773124465826244,-5.391746273188029,106.47669866823558
1864,0.3,1.0,0.1,0.3333333333333333,1.0,1.0,619.559380317206,2957.352794667372,1966.6905152006348,0.3349827863801288,98.33452576003174,3.4875978469557927,-1.5396748490613628,-7.051259972188987,94.77086363479854
1865,0.3,1.0,0.1,0.6666666666666666,0.0,0.0,250.0,2307.0,1614.8999999999999,0.30000000000000004,80.745,5.727512,-0.9184091323712371,-4.206044904305654,82.26646709569435
1866,0.3,1.0,0.1,0.6666666666666666,0.0,1.0,250.0,2307.0,1381.3729999999998,0.40122540095361947,69.06864999999999,4.899269573333332,-1.2807715348499755,-5.865558603306612,68.10236097002671
1867,0.3,1.0,0.1,0.6666666666666666,1.0,0.0,619.559380317206,2957.352794667372,2200.217515200635,0.25601790927074564,108.03674183114565,7.663406220555931,-1.1773124465826244,-5.391746273188029,110.30840177851354
1868,0.3,1.0,0.1,0.6666666666666666,1.0,1.0,619.559380317206,2957.352794667372,1966.6905152006348,0.3349827863801288,98.33452576003174,6.975195693911585,-1.5396748490613628,-7.051259972188987,98.25846148175434
1869,0.3,1.0,0.1,1.0,0.0,0.0,250.0,2307.0,1614.8999999999999,0.30000000000000004,80.745,8.591268000000001,-0.9184091323712371,-4.206044904305654,85.13022309569435
1870,0.3,1.0,0.1,1.0,0.0,1.0,250.0,2307.0,1381.3729999999998,0.40122540095361947,69.06864999999999,7.348904360000001,-1.2807715348499755,-5.865558603306612,70.55199575669339
1871,0.3,1.0,0.1,1.0,1.0,0.0,619.559380317206,2957.352794667372,2200.217515200635,0.25601790927074564,108.03674183114565,11.495109330833898,-1.1773124465826244,-5.391746273188029,114.14010488879151
1872,0.3,1.0,0.1,1.0,1.0,1.0,619.559380317206,2957.352794667372,1966.6905152006348,0.3349827863801288,98.33452576003174,10.462793540867379,-1.5396748490613628,-7.051259972188987,101.74605932871013
1873,0.3,1.0,0.2,0.0,0.0,0.0,250.0,2307.0,1614.8999999999999,0.30000000000000004,80.745,0.0,-0.9184091323712371,-4.206044904305654,76.53895509569435
1874,0.3,1.0,0.2,0.0,0.0,1.0,250.0,2307.0,1381.3729999999998,0.40122540095361947,69.06864999999999,0.0,-1.2807715348499755,-5.865558603306612,63.20309139669338
1875,0.3,1.0,0.2,0.0,1.0,0.0,619.559380317206,2957.352794667372,2135.182235733898,0.2780089546353728,104.7849778578088,0.0,-1.1773124465826244,-5.391746273188029,99.39323158462076
1876,0.3,1.0,0.2,0.0,1.0,1.0,619.559380317206,2957.352794667372,1901.6552357338976,0.35697383174475605,95.08276178669489,0.0,-1.5396748490613628,-7.051259972188987,88.0315018145059
1877,0.3,1.0,0.2,0.3333333333333333,0.0,0.0,250.0,2307.0,1614.8999999999999,0.30000000000000004,80.745,2.863756,-0.9184091323712371,-4.206044904305654,79.40271109569434
1878,0.3,1.0,0.2,0.3333333333333333,0.0,1.0,250.0,2307.0,1381.3729999999998,0.40122540095361947,69.06864999999999,2.449634786666666,-1.2807715348499755,-5.865558603306612,65.65272618336004
1879,0.3,1.0,0.2,0.3333333333333333,1.0,0.0,619.559380317206,2957.352794667372,2135.182235733898,0.2780089546353728,104.7849778578088,3.7163738813569522,-1.1773124465826244,-5.391746273188029,103.10960546597772
1880,0.3,1.0,0.2,0.3333333333333333,1.0,1.0,619.559380317206,2957.352794667372,1901.6552357338976,0.35697383174475605,95.08276178669489,3.372268618034779,-1.5396748490613628,-7.051259972188987,91.40377043254068
1881,0.3,1.0,0.2,0.6666666666666666,0.0,0.0,250.0,2307.0,1614.8999999999999,0.30000000000000004,80.745,5.727512,-0.9184091323712371,-4.206044904305654,82.26646709569435
1882,0.3,1.0,0.2,0.6666666666666666,0.0,1.0,250.0,2307.0,1381.3729999999998,0.40122540095361947,69.06864999999999,4.899269573333332,-1.2807715348499755,-5.865558603306612,68.10236097002671
1883,0.3,1.0,0.2,0.6666666666666666,1.0,0.0,619.559380317206,2957.352794667372,2135.182235733898,0.2780089546353728,104.7849778578088,7.4327477627139045,-1.1773124465826244,-5.391746273188029,106.82597934733467
1884,0.3,1.0,0.2,0.6666666666666666,1.0,1.0,619.559380317206,2957.352794667372,1901.6552357338976,0.35697383174475605,95.08276178669489,6.744537236069558,-1.5396748490613628,-7.051259972188987,94.77603905057546
1885,0.3,1.0,0.2,1.0,0.0,0.0,250.0,2307.0,1614.8999999999999,0.30000000000000004,80.745,8.591268000000001,-0.9184091323712371,-4.206044904305654,85.13022309569435
1886,0.3,1.0,0.2,1.0,0.0,1.0,250.0,2307.0,1381.3729999999998,0.40122540095361947,69.06864999999999,7.348904360000001,-1.2807715348499755,-5.865558603306612,70.55199575669339
1887,0.3,1.0,0.2,1.0,1.0,0.0,619.559380317206,2957.352794667372,2135.182235733898,0.2780089546353728,104.7849778578088,11.149121644070858,-1.1773124465826244,-5.391746273188029,110.54235322869162
1888,0.3,1.0,0.2,1.0,1.0,1.0,619.559380317206,2957.352794667372,1901.6552357338976,0.35697383174475605,95.08276178669489,10.116805854104337,-1.5396748490613628,-7.051259972188987,98.14830766861024
1889,0.3,1.0,0.3,0.0,0.0,0.0,250.0,2307.0,1614.8999999999999,0.30000000000000004,80.745,0.0,-0.9184091323712371,-4.206044904305654,76.53895509569435
1890,0.3,1.0,0.3,0.0,0.0,1.0,250.0,2307.0,1381.3729999999998,0.40122540095361947,69.06864999999999,0.0,-1.2807715348499755,-5.865558603306612,63.20309139669338
1891,0.3,1.0,0.3,0.0,1.0,0.0,619.559380317206,2957.352794667372,2070.1469562671605,0.30000000000000004,101.53321388447192,0.0,-1.1773124465826244,-5.391746273188029,96.14146761128389
1892,0.3,1.0,0.3,0.0,1.0,1.0,619.559380317206,2957.352794667372,1836.6199562671602,0.3789648771093833,91.83099781335801,0.0,-1.5396748490613628,-7.051259972188987,84.77973784116902
1893,0.3,1.0,0.3,0.3333333333333333,0.0,0.0,250.0,2307.0,1614.8999999999999,0.30000000000000004,80.745,2.863756,-0.9184091323712371,-4.206044904305654,79.40271109569434
1894,0.3,1.0,0.3,0.3333333333333333,0.0,1.0,250.0,2307.0,1381.3729999999998,0.40122540095361947,69.06864999999999,2.449634786666666,-1.2807715348499755,-5.865558603306612,65.65272618336004
1895,0.3,1.0,0.3,0.3333333333333333,1.0,0.0,619.559380317206,2957.352794667372,2070.1469562671605,0.30000000000000004,101.53321388447192,3.6010446524359376,-1.1773124465826244,-5.391746273188029,99.74251226371982
1896,0.3,1.0,0.3,0.3333333333333333,1.0,1.0,619.559380317206,2957.352794667372,1836.6199562671602,0.3789648771093833,91.83099781335801,3.2569393891137643,-1.5396748490613628,-7.051259972188987,88.03667723028279
1897,0.3,1.0,0.3,0.6666666666666666,0.0,0.0,250.0,2307.0,1614.8999999999999,0.30000000000000004,80.745,5.727512,-0.9184091323712371,-4.206044904305654,82.26646709569435
1898,0.3,1.0,0.3,0.6666666666666666,0.0,1.0,250.0,2307.0,1381.3729999999998,0.40122540095361947,69.06864999999999,4.899269573333332,-1.2807715348499755,-5.865558603306612,68.10236097002671
1899,0.3,1.0,0.3,0.6666666666666666,1.0,0.0,619.559380317206,2957.352794667372,2070.1469562671605,0.30000000000000004,101.53321388447192,7.202089304871875,-1.1773124465826244,-5.391746273188029,103.34355691615576
1900,0.3,1.0,0.3,0.6666666666666666,1.0,1.0,619.559380317206,2957.352794667372,1836.6199562671602,0.3789648771093833,91.83099781335801,6.513878778227529,-1.5396748490613628,-7.051259972188987,91.29361661939656
1901,0.3,1.0,0.3,1.0,0.0,0.0,250.0,2307.0,1614.8999999999999,0.30000000000000004,80.745,8.591268000000001,-0.9184091323712371,-4.206044904305654,85.13022309569435
1902,0.3,1.0,0.3,1.0,0.0,1.0,250.0,2307.0,1381.3729999999998,0.40122540095361947,69.06864999999999,7.348904360000001,-1.2807715348499755,-5.865558603306612,70.55199575669339
1903,0.3,1.0,0.3,1.0,1.0,0.0,619.559380317206,2957.352794667372,2070.1469562671605,0.30000000000000004,101.53321388447192,10.803133957307814,-1.1773124465826244,-5.391746273188029,106.94460156859171
1904,0.3,1.0,0.3,1.0,1.0,1.0,619.559380317206,2957.352794667372,1836.6199562671602,0.3789648771093833,91.83099781335801,9.770818167341293,-1.5396748490613628,-7.051259972188987,94.55055600851031
1905,0.3,1.0,0.5,0.0,0.0,0.0,250.0,2307.0,1614.8999999999999,0.30000000000000004,80.745,0.0,-0.9184091323712371,-4.206044904305654,76.53895509569435
1906,0.3,1.0,0.5,0.0,0.0,1.0,250.0,2307.0,1381.3729999999998,0.40122540095361947,69.06864999999999,0.0,-1.2807715348499755,-5.865558603306612,63.20309139669338
1907,0.3,1.0,0.5,0.0,1.0,0.0,619.559380317206,2957.352794667372,1940.076397333686,0.34398209072925445,95.02968593779819,0.0,-1.1773124465826244,-5.391746273188029,89.63793966461016
1908,0.3,1.0,0.5,0.0,1.0,1.0,619.559380317206,2957.352794667372,1706.5493973336859,0.4229469678386376,85.3274698666843,0.0,-1.5396748490613628,-7.051259972188987,78.27620989449531
1909,0.3,1.0,0.5,0.3333333333333333,0.0,0.0,250.0,2307.0,1614.8999999999999,0.30000000000000004,80.745,2.863756,-0.9184091323712371,-4.206044904305654,79.40271109569434
1910,0.3,1.0,0.5,0.3333333333333333,0.0,1.0,250.0,2307.0,1381.3729999999998,0.40122540095361947,69.06864999999999,2.449634786666666,-1.2807715348499755,-5.865558603306612,65.65272618336004
1911,0.3,1.0,0.5,0.3333333333333333,1.0,0.0,619.559380317206,2957.352794667372,1940.076397333686,0.34398209072925445,95.02968593779819,3.3703861945939093,-1.1773124465826244,-5.391746273188029,93.00832585920406
1912,0.3,1.0,0.5,0.3333333333333333,1.0,1.0,619.559380317206,2957.352794667372,1706.5493973336859,0.4229469678386376,85.3274698666843,3.0262809312717365,-1.5396748490613628,-7.051259972188987,81.30249082576705
1913,0.3,1.0,0.5,0.6666666666666666,0.0,0.0,250.0,2307.0,1614.8999999999999,0.30000000000000004,80.745,5.727512,-0.9184091323712371,-4.206044904305654,82.26646709569435
1914,0.3,1.0,0.5,0.6666666666666666,0.0,1.0,250.0,2307.0,1381.3729999999998,0.40122540095361947,69.06864999999999,4.899269573333332,-1.2807715348499755,-5.865558603306612,68.10236097002671
1915,0.3,1.0,0.5,0.6666666666666666,1.0,0.0,619.559380317206,2957.352794667372,1940.076397333686,0.34398209072925445,95.02968593779819,6.740772389187819,-1.1773124465826244,-5.391746273188029,96.37871205379798
1916,0.3,1.0,0.5,0.6666666666666666,1.0,1.0,619.559380317206,2957.352794667372,1706.5493973336859,0.4229469678386376,85.3274698666843,6.052561862543473,-1.5396748490613628,-7.051259972188987,84.32877175703878
1917,0.3,1.0,0.5,1.0,0.0,0.0,250.0,2307.0,1614.8999999999999,0.30000000000000004,80.745,8.591268000000001,-0.9184091323712371,-4.206044904305654,85.13022309569435
1918,0.3,1.0,0.5,1.0,0.0,1.0,250.0,2307.0,1381.3729999999998,0.40122540095361947,69.06864999999999,7.348904360000001,-1.2807715348499755,-5.865558603306612,70.55199575669339
1919,0.3,1.0,0.5,1.0,1.0,0.0,619.559380317206,2957.352794667372,1940.076397333686,0.34398209072925445,95.02968593779819,10.111158583781728,-1.1773124465826244,-5.391746273188029,99.74909824839189
1920,0.3,1.0,0.5,1.0,1.0,1.0,619.559380317206,2957.352794667372,1706.5493973336859,0.4229469678386376,85.3274698666843,9.07884279381521,-1.5396748490613628,-7.051259972188987,87.35505268831052
